{
  "min_x": -7.670000076293945,
  "min_y": -6.039999961853027,
  "max_x": 932.8800048828125,
  "max_y": 894.0999755859375,
  "width": 940.5500049591064,
  "height": 900.1399755477905
}