{
  "method": "tps",
  "anchor_count": 111,
  "coefficients": {
    "wx": [
      -0.000006435711986053627,
      -0.00000612291660703894,
      0.000004888842996544947,
      -2.4258589798519466e-7,
      5.053592659179039e-7,
      0.00000940736576771584,
      -0.000011141262136054437,
      -0.000005345192842815269,
      -0.000005846044530204744,
      0.0000037243415882500197,
      -4.541761457399681e-7,
      -0.0000070400275585725,
      0.000008281938433210981,
      -1.4516641916336674e-7,
      0.000007778634353800815,
      -0.000004253875643275565,
      0.000005924986791418782,
      -0.00001334176240806151,
      0.000001989908189474497,
      -0.0000054094660851410345,
      0.000006465473993973457,
      -0.0000011148421808154516,
      -0.000008739750813054543,
      -0.000015172756684986069,
      0.000004212110642542408,
      0.0000034762887289731196,
      -0.00001761968516273601,
      -0.0000015242655635548287,
      0.000005695230373743366,
      0.000008193104862382391,
      -0.000013633135725016886,
      -0.00000887981406040803,
      -0.00000275411952904752,
      -0.0000032498203189688274,
      0.000015720466248539203,
      0.000035656305764334423,
      7.787559461027997e-7,
      -0.0000036968237486331267,
      0.000010970525978254518,
      0.000002037430908321807,
      -0.000028697122924060464,
      -0.000014242134866889795,
      -0.00001343190693760144,
      0.0000012679864267545722,
      0.000003559486965089827,
      -0.000011017106777154565,
      0.000006463774958789597,
      0.000023356461466367317,
      -0.000006962753809764386,
      -0.0000013134821341404497,
      0.00001891106010442757,
      0.00002989945768687069,
      -0.000026415611117870762,
      -0.0000013100091640385323,
      0.00001000131507758174,
      0.0000060239236219337506,
      -0.0000037021855870092723,
      0.000001048518337292571,
      0.00002055552741034302,
      0.000003685129212281298,
      -0.000003595307554001972,
      0.00001613895207127143,
      -6.835777831208816e-7,
      -0.000013779082041651162,
      6.850881090317221e-7,
      -0.000003505940613086734,
      0.000007735566522809853,
      0.00003583214072632946,
      0.00001918133885055904,
      0.00002053086954275257,
      -0.000010226106173103102,
      -0.000011512738604918056,
      -8.124620676068701e-7,
      0.000002790677236600923,
      0.000002779510312979193,
      1.58594474354967e-7,
      -0.000002543372770426345,
      -0.0000031890054493741383,
      0.000002720622248478098,
      0.000007679176518116766,
      0.000007964140585950791,
      0.000022411788907672556,
      0.0000054731964854063,
      -0.00001577319447139111,
      0.0000073413969364103515,
      0.0000023535134811341773,
      -0.000004991123265365095,
      0.000010132226363549157,
      0.000010114923650445689,
      -0.0000027735957672786154,
      0.00003849515625675194,
      -0.00003198547642580059,
      0.000004029081156688554,
      -0.000005483649434323926,
      -1.1106763768697513e-7,
      -0.000021926781165183757,
      -2.094598264258367e-8,
      8.769322195119345e-8,
      0.000009894419200262917,
      0.0000016042017710908297,
      -0.000006036011536635502,
      -0.000014562356123688783,
      -0.000003275043559123754,
      -0.000010760403977904314,
      -0.000006304456820734338,
      0.000012409315355462031,
      -0.00000186874340242642,
      -0.000011554728967483798,
      0.0000011636517483212866,
      -0.0000012780360688185644,
      -0.0000723782308059805
    ],
    "wy": [
      -0.0000015365691311961565,
      -0.000004462304123947448,
      -0.000006656934428611289,
      -0.000002935897438830704,
      0.000001874596705994559,
      2.271205133403178e-7,
      0.0000016359375405847417,
      0.000001564545110702834,
      0.0000037643615030154894,
      -0.0000022582088710852796,
      -0.000005485517798318608,
      0.000006056625160182351,
      -0.000007020883553004671,
      -0.0000032321195367156137,
      -5.105182139663918e-7,
      0.0000020492697059970634,
      3.416958681364382e-7,
      -0.000008391491150473537,
      3.3167045669865794e-7,
      0.000005715126288801688,
      0.000007159093242152621,
      0.000006794009581655578,
      0.000008982599953235414,
      -0.00005460986235054004,
      -0.000020756150830907472,
      -0.000003227792745238762,
      0.000013281090247777046,
      0.000006961541623311992,
      -8.950152735615261e-8,
      -0.000004454961902854745,
      9.774189231829444e-7,
      0.0000020984566837399917,
      0.000002584196485010725,
      -3.899108554585255e-7,
      0.00001090885172465871,
      -0.000009444357894728916,
      -0.000006089324809979659,
      -0.0000015810103941449362,
      -0.000007227984630980584,
      -0.0000036578466468508996,
      0.00002513020825575813,
      -0.000024782045018756353,
      -0.000007241053591787971,
      -0.000014076462624009612,
      -0.00000457694191554841,
      0.000007125780540477136,
      -0.000001937090837272177,
      -0.00001105589519941569,
      -0.00000671865978782638,
      -0.000004820520568555561,
      0.0000032682959545401513,
      -0.000021868016655993426,
      0.000007669297760983952,
      -0.0000028868360705033737,
      0.0000015648488186750606,
      -0.0000032924452885602695,
      0.0000013972880458766688,
      -0.000013346711439152304,
      -0.0000036307596757254363,
      0.0000016433207972859341,
      0.00000853713670210221,
      0.000011198370531359588,
      -0.0000017282989060886747,
      0.000019337958147351385,
      0.000006032595315689796,
      -0.000001963431967784817,
      -0.000004361617051249525,
      -0.00004069356900054964,
      -0.000007456615238136787,
      -0.0000401508074796406,
      0.000009359117627919484,
      0.000017933898855042354,
      0.0000045358753810315575,
      -0.000004789199183071713,
      0.0000010444186625277098,
      0.000002765082411658211,
      0.0000014217848954647772,
      3.0176366913554395e-7,
      0.0000049187767454160804,
      -0.00000943313305951243,
      -0.0000021991237462818915,
      0.0000012209843786520762,
      -0.0000015524077556028749,
      0.0000235166636735053,
      -0.000010388724789545362,
      -0.000003624255411167713,
      3.850335924312479e-7,
      0.000005523782278223061,
      0.00005903358637188759,
      -0.00000425765915663195,
      -0.00001091076009749694,
      0.0000032762146070509645,
      0.00000192476741407506,
      0.000011667116437241995,
      -6.588100900453217e-7,
      0.0000043698727314269586,
      0.000007674272118024208,
      0.000013915926776725389,
      0.0000025284596640693756,
      -0.0000035991446846433066,
      0.000007173438233831117,
      0.000013791431570805044,
      -0.000016989923965992566,
      0.000003295627691739504,
      0.00006983168569010569,
      -0.0000028938863722333407,
      0.000018826301992948185,
      -0.000016248234475285346,
      -0.0000042501234327998715,
      -0.000011339486102524235,
      0.0000072926078153645345
    ],
    "ax": [
      15.25079250521977,
      0.004045376663612854,
      0.000007653891388724262
    ],
    "ay": [
      45.963371552283235,
      -0.000039277549276713845,
      -0.0029437690456729144
    ],