{
  "method": "tps",
  "anchor_count": 93,
  "coefficients": {
    "wx": [
      -52.01304684891428,
      70.65381601583027,
      -247.55835009540561,
      -3.5480980489531113,
      87.67784459363914,
      118.18702196952977,
      168.5052815157825,
      -18.059412828906975,
      -195.99440935625947,
      263.9559836179157,
      -137.24485425470402,
      -46.7550287699256,
      -108.76191164521501,
      33.79762842377787,
      -720.714373578039,
      267.5243807977281,
      125.7392881554716,
      -6.844533952186202,
      -234.47434543563884,
      494.5359033519978,
      51.59584529176962,
      -293.9825701194448,
      162.08840920911695,
      264.232070338201,
      -3.35490254811028,
      403.3039999486824,
      -225.50837057394526,
      160.01817207808134,
      144.03488445373554,
      -41.44368510870521,
      -578.4673187374418,
      278.1828997681142,
      654.8010059542498,
      80.48582974671484,
      -21.999899814968504,
      -30.881857232811093,
      853.0457098326597,
      -61.70777647402901,
      -379.7971090673425,
      -3.2429417185250986,
      127.7862713735754,
      -350.6621023913588,
      -419.56524114497444,
      457.0254423117768,
      407.9918063553366,
      -58.0041172837534,
      -13.450793213220127,
      -714.5899044958692,
      203.61245921719825,
      -196.32336063940375,
      95.20971534834689,
      191.88728507880094,
      42.00741963871823,
      198.70294336146094,
      12.03819976472196,
      43.98747926992906,
      -251.6469065608137,
      -334.5769089980169,
      150.5456067054384,
      -11.256801970026514,
      247.67292649453307,
      -116.34401640901771,
      35.85645073663695,
      -270.01834352823835,
      -37.40912988269684,
      -86.38098596741146,
      -75.73240952880896,
      -19.307211420749997,
      -173.46864206153657,
      -1379.1165751754702,
      -337.7833200288267,
      -244.76712512875932,
      102.27622857895257,
      201.6827761886175,
      -80.88378243992346,
      774.643984729817,
      -645.0645540364428,
      425.24607089546663,
      235.2789131639423,
      -54.633595815208196,
      -20.152911104539626,
      353.1789116401032,
      -216.45416831509397,
      -202.20941423157942,
      199.6789030205735,
      112.95287705308066,
      1560.4100673460803,
      -805.2135131153568,
      -120.10149068955361,
      -88.70360536141149,
      195.23851236566222,
      -149.60306946909623,
      -171.49842908514063
    ],
    "wy": [
      -153.92404131786463,
      -261.3235910754287,
      -217.40553629547907,
      -127.2878943353494,
      97.72437261154136,
      62.486338025784825,
      349.8727672500156,
      -41.994649242390096,
      -7.919149282408341,
      65.9925388306929,
      66.44690207238527,
      -191.8089572914054,
      -116.98688792443619,
      100.98296372216163,
      402.2212188624925,
      107.2015030067821,
      159.23371813922265,
      -643.5528848158714,
      -267.541193969962,
      479.90620949038674,
      -230.22792637840823,
      -263.4656891726778,
      196.03354700313463,
      77.05346423864586,
      -77.6485285062207,
      128.41320672425545,
      507.8389247824067,
      -696.7713259179441,
      -69.17702719524237,
      -94.86335554734045,
      -269.3020787391065,
      -190.7945117715093,
      -801.2984529213853,
      -192.04774031851989,
      163.00656664059866,
      35.471122985909986,
      407.5814258800989,
      -13.113382462887603,
      -188.6418783056949,
      -200.04115923120565,
      481.44823114021295,
      76.53835310964688,
      -280.38944627917374,
      46.24247815067067,
      881.6052573925575,
      100.03436345181495,
      -50.75599218303006,
      -540.089438833177,
      -92.14576613477944,
      10.752438356687406,
      209.7255595065816,
      325.72681157819954,
      -194.13830826594273,
      485.6255836655075,
      181.4807223072398,
      -23.12745271019601,
      -78.3559510722806,
      -17.926667172090582,
      60.57583606281768,
      234.28462806973474,
      507.30278043107114,
      58.36504130382394,
      197.92153919899863,
      -34.17758868104994,
      158.50027474219766,
      123.8149004471152,
      161.73498932899955,
      -67.47820966850959,
      -638.865701273309,
      -187.0274471388706,
      -764.3630307105363,
      -305.8982522890043,
      -147.6360994202605,
      64.49276567061824,
      225.3236794678016,
      -188.28277327871325,
      -403.1437669829729,
      48.71100950606742,
      350.8536830552617,
      -21.479482802250203,
      190.29279696842417,
      530.44342514794,
      127.98634269119803,
      -60.42670558721046,
      173.5632607921572,
      -359.93289681308687,
      502.36364527847627,
      546.8202703287828,
      -161.0181742949083,
      608.0967571611827,
      -538.0566832199661,
      -233.61806375461148,
      -372.6224739936243
    ],
    "ax": [
      -4338.692589659074,
      245.06506716496796,
      12.124038840411702
    ],
    "ay": [
      14608.979413154779,
      2.904243446575549,
      -322.65313943522756
    ],