[E5] Political control initialized (hybrid_1992, threshold=0.7): 5822 canonical graph nodes (SID-keyed), RBiH=2297, RS=2507, HRHB=1018. Promoted to OSID when operational data present.
[Recruitment] Mandatory: 182, Elective: 2, Skipped: control=0 manpower=5 capital=0 equipment=0
  RBiH: capital=400 equipment=100
  RS: capital=600 equipment=800
  HRHB: capital=280 equipment=350
[Placement] Spread 0 brigades to front; 135 front OSIDs now covered
  HRHB: spread=0 covered=23
  RBiH: spread=0 covered=51
  RS: spread=0 covered=61
[brigade_assignment] Rehomed arbih_447th_liberation into truthful sector owner sector:arbih_4th_corps:3 (reserve)
[brigade_assignment] Rehomed arbih_448th_liberation into truthful sector owner sector:arbih_4th_corps:2 (reserve)
[brigade_assignment] Rehomed arbih_4th_muslim_light into truthful sector owner sector:arbih_4th_corps:3 (reserve)
[brigade_assignment] Rehomed arbih_447th_liberation into truthful sector owner sector:arbih_4th_corps:3 (reserve)
[brigade_assignment] Rehomed arbih_285th_light into truthful sector owner sector:arbih_2nd_corps:8 (front)
[brigade_assignment] FINAL_SEAL kind=turn turn=1 unresolved=0
[Recruitment] Mandatory: 0, Elective: 2, Skipped: control=0 manpower=1 capital=0 equipment=0
  RBiH: capital=400 equipment=100
  RS: capital=600 equipment=800
  HRHB: capital=280 equipment=350
[Placement] Spread 0 brigades to front; 154 front OSIDs now covered
  HRHB: spread=0 covered=27
  RBiH: spread=0 covered=54
  RS: spread=0 covered=73
[brigade_assignment] Rehomed arbih_101st_mountain into truthful sector owner sector:arbih_1st_corps:11 (front)
[brigade_assignment] Rehomed arbih_104th_vitezka_motorized into truthful sector owner sector:arbih_1st_corps:11 (front)
[brigade_assignment] Rehomed arbih_10th_mountain into truthful sector owner sector:arbih_1st_corps:11 (front)
[brigade_assignment] Rehomed arbih_112th_vitezka_motorized into truthful sector owner sector:arbih_1st_corps:11 (front)
[brigade_assignment] Rehomed arbih_124th_light_king_tvrtko into truthful sector owner sector:arbih_1st_corps:11 (front)
[brigade_assignment] Rehomed arbih_141st_light into truthful sector owner sector:arbih_1st_corps:11 (front)
[brigade_assignment] Rehomed arbih_143rd_light into truthful sector owner sector:arbih_1st_corps:11 (front)
[brigade_assignment] Rehomed arbih_152nd_mountain into truthful sector owner sector:arbih_1st_corps:11 (front)
[brigade_assignment] Rehomed arbih_155th_motorized into truthful sector owner sector:arbih_1st_corps:11 (front)
[brigade_assignment] Rehomed arbih_17th_muslim_light into truthful sector owner sector:arbih_1st_corps:11 (front)
[brigade_assignment] Rehomed arbih_1st_mountain into truthful sector owner sector:arbih_1st_corps:11 (front)
[brigade_assignment] Rehomed arbih_2nd_mountain into truthful sector owner sector:arbih_1st_corps:11 (front)
[brigade_assignment] Rehomed arbih_hvo_kralj_tvrtko into truthful sector owner sector:arbih_1st_corps:11 (front)
[brigade_assignment] Rehomed arbih_101st_mountain into truthful sector owner sector:arbih_1st_corps:11 (front)
[brigade_assignment] Rehomed arbih_104th_vitezka_motorized into truthful sector owner sector:arbih_1st_corps:11 (front)
[brigade_assignment] Rehomed arbih_10th_mountain into truthful sector owner sector:arbih_1st_corps:11 (front)
[brigade_assignment] Rehomed arbih_112th_vitezka_motorized into truthful sector owner sector:arbih_1st_corps:11 (front)
[brigade_assignment] Rehomed arbih_124th_light_king_tvrtko into truthful sector owner sector:arbih_1st_corps:11 (front)
[brigade_assignment] Rehomed arbih_141st_light into truthful sector owner sector:arbih_1st_corps:11 (front)
[brigade_assignment] Rehomed arbih_143rd_light into truthful sector owner sector:arbih_1st_corps:11 (front)
[brigade_assignment] Rehomed arbih_152nd_mountain into truthful sector owner sector:arbih_1st_corps:11 (front)
[brigade_assignment] Rehomed arbih_155th_motorized into truthful sector owner sector:arbih_1st_corps:11 (front)
[brigade_assignment] Rehomed arbih_17th_muslim_light into truthful sector owner sector:arbih_1st_corps:11 (front)
[brigade_assignment] Rehomed arbih_1st_mountain into truthful sector owner sector:arbih_1st_corps:11 (front)
[brigade_assignment] Rehomed arbih_2nd_mountain into truthful sector owner sector:arbih_1st_corps:11 (front)
[brigade_assignment] Rehomed arbih_hvo_kralj_tvrtko into truthful sector owner sector:arbih_1st_corps:11 (front)
[brigade_assignment] FINAL_SEAL kind=turn turn=2 unresolved=0
[brigade_assignment] Rehomed arbih_101st_mountain into truthful sector owner sector:arbih_1st_corps:11 (front)
[brigade_assignment] Rehomed arbih_104th_vitezka_motorized into truthful sector owner sector:arbih_1st_corps:11 (front)
[brigade_assignment] Rehomed arbih_10th_mountain into truthful sector owner sector:arbih_1st_corps:11 (front)
[brigade_assignment] Rehomed arbih_112th_vitezka_motorized into truthful sector owner sector:arbih_1st_corps:11 (front)
[brigade_assignment] Rehomed arbih_124th_light_king_tvrtko into truthful sector owner sector:arbih_1st_corps:11 (front)
[brigade_assignment] Rehomed arbih_141st_light into truthful sector owner sector:arbih_1st_corps:11 (front)
[brigade_assignment] Rehomed arbih_143rd_light into truthful sector owner sector:arbih_1st_corps:11 (front)
[brigade_assignment] Rehomed arbih_152nd_mountain into truthful sector owner sector:arbih_1st_corps:11 (front)
[brigade_assignment] Rehomed arbih_155th_motorized into truthful sector owner sector:arbih_1st_corps:11 (front)
[brigade_assignment] Rehomed arbih_17th_muslim_light into truthful sector owner sector:arbih_1st_corps:11 (front)
[brigade_assignment] Rehomed arbih_1st_mountain into truthful sector owner sector:arbih_1st_corps:11 (front)
[brigade_assignment] Rehomed arbih_2nd_mountain into truthful sector owner sector:arbih_1st_corps:11 (front)
[brigade_assignment] Rehomed arbih_hvo_kralj_tvrtko into truthful sector owner sector:arbih_1st_corps:11 (front)
[brigade_assignment] Rehomed arbih_101st_mountain into truthful sector owner sector:arbih_1st_corps:11 (front)
[brigade_assignment] Rehomed arbih_104th_vitezka_motorized into truthful sector owner sector:arbih_1st_corps:11 (front)
[brigade_assignment] Rehomed arbih_10th_mountain into truthful sector owner sector:arbih_1st_corps:11 (front)
[brigade_assignment] Rehomed arbih_112th_vitezka_motorized into truthful sector owner sector:arbih_1st_corps:11 (front)
[brigade_assignment] Rehomed arbih_124th_light_king_tvrtko into truthful sector owner sector:arbih_1st_corps:11 (front)
[brigade_assignment] Rehomed arbih_141st_light into truthful sector owner sector:arbih_1st_corps:11 (front)
[brigade_assignment] Rehomed arbih_143rd_light into truthful sector owner sector:arbih_1st_corps:11 (front)
[brigade_assignment] Rehomed arbih_152nd_mountain into truthful sector owner sector:arbih_1st_corps:11 (front)
[brigade_assignment] Rehomed arbih_155th_motorized into truthful sector owner sector:arbih_1st_corps:11 (front)
[brigade_assignment] Rehomed arbih_17th_muslim_light into truthful sector owner sector:arbih_1st_corps:11 (front)
[brigade_assignment] Rehomed arbih_1st_mountain into truthful sector owner sector:arbih_1st_corps:11 (front)
[brigade_assignment] Rehomed arbih_2nd_mountain into truthful sector owner sector:arbih_1st_corps:11 (front)
[brigade_assignment] Rehomed arbih_hvo_kralj_tvrtko into truthful sector owner sector:arbih_1st_corps:11 (front)
[brigade_assignment] Rehomed rs_3rd_banja_luka_light_infantry into truthful sector owner sector:vrs_1st_krajina:7 (territory)
[brigade_assignment] Rehomed rs_11th_mrkonji_light_infantry into truthful sector owner sector:vrs_1st_krajina:13 (front)
[brigade_assignment] Rehomed rs_31st_light_infantry into truthful sector owner sector:vrs_1st_krajina:13 (front)
[brigade_assignment] Rehomed rs_11th_mrkonji_light_infantry into truthful sector owner sector:vrs_1st_krajina:20 (front)
[brigade_assignment] Rehomed arbih_101st_mountain into truthful sector owner sector:arbih_1st_corps:11 (front)
[brigade_assignment] Rehomed arbih_104th_vitezka_motorized into truthful sector owner sector:arbih_1st_corps:11 (front)
[brigade_assignment] Rehomed arbih_10th_mountain into truthful sector owner sector:arbih_1st_corps:11 (front)
[brigade_assignment] Rehomed arbih_112th_vitezka_motorized into truthful sector owner sector:arbih_1st_corps:11 (front)
[brigade_assignment] Rehomed arbih_124th_light_king_tvrtko into truthful sector owner sector:arbih_1st_corps:11 (front)
[brigade_assignment] Rehomed arbih_141st_light into truthful sector owner sector:arbih_1st_corps:11 (front)
[brigade_assignment] Rehomed arbih_143rd_light into truthful sector owner sector:arbih_1st_corps:11 (front)
[brigade_assignment] Rehomed arbih_152nd_mountain into truthful sector owner sector:arbih_1st_corps:11 (front)
[brigade_assignment] Rehomed arbih_155th_motorized into truthful sector owner sector:arbih_1st_corps:11 (front)
[brigade_assignment] Rehomed arbih_17th_muslim_light into truthful sector owner sector:arbih_1st_corps:11 (front)
[brigade_assignment] Rehomed arbih_1st_mountain into truthful sector owner sector:arbih_1st_corps:11 (front)
[brigade_assignment] Rehomed arbih_2nd_mountain into truthful sector owner sector:arbih_1st_corps:11 (front)
[brigade_assignment] Rehomed arbih_hvo_kralj_tvrtko into truthful sector owner sector:arbih_1st_corps:11 (front)
[brigade_assignment] Rehomed rs_31st_light_infantry into truthful sector owner sector:vrs_1st_krajina:21 (front)
[brigade_assignment] Rehomed rs_3rd_banja_luka_light_infantry into truthful sector owner sector:vrs_1st_krajina:7 (territory)
[brigade_assignment] FINAL_SEAL kind=turn turn=3 unresolved=0
[brigade_assignment] Rehomed arbih_101st_mountain into truthful sector owner sector:arbih_1st_corps:11 (front)
[brigade_assignment] Rehomed arbih_104th_vitezka_motorized into truthful sector owner sector:arbih_1st_corps:11 (front)
[brigade_assignment] Rehomed arbih_10th_mountain into truthful sector owner sector:arbih_1st_corps:11 (front)
[brigade_assignment] Rehomed arbih_112th_vitezka_motorized into truthful sector owner sector:arbih_1st_corps:11 (front)
[brigade_assignment] Rehomed arbih_124th_light_king_tvrtko into truthful sector owner sector:arbih_1st_corps:11 (front)
[brigade_assignment] Rehomed arbih_141st_light into truthful sector owner sector:arbih_1st_corps:11 (front)
[brigade_assignment] Rehomed arbih_143rd_light into truthful sector owner sector:arbih_1st_corps:11 (front)
[brigade_assignment] Rehomed arbih_152nd_mountain into truthful sector owner sector:arbih_1st_corps:11 (front)
[brigade_assignment] Rehomed arbih_155th_motorized into truthful sector owner sector:arbih_1st_corps:11 (front)
[brigade_assignment] Rehomed arbih_17th_muslim_light into truthful sector owner sector:arbih_1st_corps:11 (front)
[brigade_assignment] Rehomed arbih_1st_mountain into truthful sector owner sector:arbih_1st_corps:11 (front)
[brigade_assignment] Rehomed arbih_2nd_mountain into truthful sector owner sector:arbih_1st_corps:11 (front)
[brigade_assignment] Rehomed arbih_hvo_kralj_tvrtko into truthful sector owner sector:arbih_1st_corps:11 (front)
[brigade_assignment] Rehomed rs_31st_light_infantry into truthful sector owner sector:vrs_1st_krajina:21 (front)
[brigade_assignment] Rehomed rs_11th_mrkonji_light_infantry into truthful sector owner sector:vrs_1st_krajina:13 (front)
[brigade_assignment] Rehomed rs_22nd_krajina_infantry into truthful sector owner sector:vrs_1st_krajina:13 (front)
[op-validation] 6 issue(s) at injection: 0 error(s), 6 warning(s)
  [WARN] Srebrenica–Cerska Link-Up [srebrenica_cerska_link]: brigade_missing — Brigade "arbih_1st_cerska" not found in formations
  [WARN] Srebrenica–Cerska Link-Up [srebrenica_cerska_link]: brigade_missing — Brigade "arbih_1st_kamenica" not found in formations
  [WARN] Srebrenica–Cerska Link-Up [srebrenica_convergence]: brigade_missing — Brigade "arbih_281st_east_bosnian_light" not found in formations
  [WARN] Srebrenica–Cerska Link-Up [srebrenica_convergence]: brigade_missing — Brigade "arbih_282nd_east_bosnian_light" not found in formations
  [WARN] Srebrenica–Cerska Link-Up [srebrenica_convergence]: brigade_missing — Brigade "arbih_283rd_east_bosnian_light" not found in formations
  [WARN] Srebrenica–Cerska Link-Up [srebrenica_convergence]: brigade_missing — Brigade "arbih_284th_east_bosnian_light" not found in formations
[brigade_assignment] Rehomed arbih_101st_mountain into truthful sector owner sector:arbih_1st_corps:13 (front)
[brigade_assignment] Rehomed arbih_104th_vitezka_motorized into truthful sector owner sector:arbih_1st_corps:13 (front)
[brigade_assignment] Rehomed arbih_10th_mountain into truthful sector owner sector:arbih_1st_corps:13 (front)
[brigade_assignment] Rehomed arbih_112th_vitezka_motorized into truthful sector owner sector:arbih_1st_corps:13 (front)
[brigade_assignment] Rehomed arbih_124th_light_king_tvrtko into truthful sector owner sector:arbih_1st_corps:13 (front)
[brigade_assignment] Rehomed arbih_141st_light into truthful sector owner sector:arbih_1st_corps:13 (front)
[brigade_assignment] Rehomed arbih_143rd_light into truthful sector owner sector:arbih_1st_corps:13 (front)
[brigade_assignment] Rehomed arbih_152nd_mountain into truthful sector owner sector:arbih_1st_corps:13 (front)
[brigade_assignment] Rehomed arbih_155th_motorized into truthful sector owner sector:arbih_1st_corps:13 (front)
[brigade_assignment] Rehomed arbih_17th_muslim_light into truthful sector owner sector:arbih_1st_corps:13 (front)
[brigade_assignment] Rehomed arbih_1st_mountain into truthful sector owner sector:arbih_1st_corps:13 (front)
[brigade_assignment] Rehomed arbih_2nd_mountain into truthful sector owner sector:arbih_1st_corps:13 (front)
[brigade_assignment] Rehomed arbih_hvo_kralj_tvrtko into truthful sector owner sector:arbih_1st_corps:13 (front)
[brigade_assignment] Rehomed rs_31st_light_infantry into truthful sector owner sector:vrs_1st_krajina:2 (front)
[brigade_assignment] Rehomed arbih_101st_mountain into truthful sector owner sector:arbih_1st_corps:13 (front)
[brigade_assignment] Rehomed arbih_104th_vitezka_motorized into truthful sector owner sector:arbih_1st_corps:13 (front)
[brigade_assignment] Rehomed arbih_10th_mountain into truthful sector owner sector:arbih_1st_corps:13 (front)
[brigade_assignment] Rehomed arbih_112th_vitezka_motorized into truthful sector owner sector:arbih_1st_corps:13 (front)
[brigade_assignment] Rehomed arbih_124th_light_king_tvrtko into truthful sector owner sector:arbih_1st_corps:13 (front)
[brigade_assignment] Rehomed arbih_141st_light into truthful sector owner sector:arbih_1st_corps:13 (front)
[brigade_assignment] Rehomed arbih_143rd_light into truthful sector owner sector:arbih_1st_corps:13 (front)
[brigade_assignment] Rehomed arbih_152nd_mountain into truthful sector owner sector:arbih_1st_corps:13 (front)
[brigade_assignment] Rehomed arbih_155th_motorized into truthful sector owner sector:arbih_1st_corps:13 (front)
[brigade_assignment] Rehomed arbih_17th_muslim_light into truthful sector owner sector:arbih_1st_corps:13 (front)
[brigade_assignment] Rehomed arbih_1st_mountain into truthful sector owner sector:arbih_1st_corps:13 (front)
[brigade_assignment] Rehomed arbih_2nd_mountain into truthful sector owner sector:arbih_1st_corps:13 (front)
[brigade_assignment] Rehomed arbih_hvo_kralj_tvrtko into truthful sector owner sector:arbih_1st_corps:13 (front)
[brigade_assignment] Rehomed rs_31st_light_infantry into truthful sector owner sector:vrs_1st_krajina:2 (front)
[brigade_assignment] Rehomed rs_11th_mrkonji_light_infantry into truthful sector owner sector:vrs_1st_krajina:12 (front)
[brigade_assignment] Rehomed rs_22nd_krajina_infantry into truthful sector owner sector:vrs_1st_krajina:12 (front)
[brigade_assignment] FINAL_SEAL kind=turn turn=4 unresolved=0
[brigade_assignment] Rehomed arbih_101st_mountain into truthful sector owner sector:arbih_1st_corps:13 (front)
[brigade_assignment] Rehomed arbih_104th_vitezka_motorized into truthful sector owner sector:arbih_1st_corps:13 (front)
[brigade_assignment] Rehomed arbih_10th_mountain into truthful sector owner sector:arbih_1st_corps:13 (front)
[brigade_assignment] Rehomed arbih_112th_vitezka_motorized into truthful sector owner sector:arbih_1st_corps:13 (front)
[brigade_assignment] Rehomed arbih_124th_light_king_tvrtko into truthful sector owner sector:arbih_1st_corps:13 (front)
[brigade_assignment] Rehomed arbih_141st_light into truthful sector owner sector:arbih_1st_corps:13 (front)
[brigade_assignment] Rehomed arbih_143rd_light into truthful sector owner sector:arbih_1st_corps:13 (front)
[brigade_assignment] Rehomed arbih_152nd_mountain into truthful sector owner sector:arbih_1st_corps:13 (front)
[brigade_assignment] Rehomed arbih_155th_motorized into truthful sector owner sector:arbih_1st_corps:13 (front)
[brigade_assignment] Rehomed arbih_17th_muslim_light into truthful sector owner sector:arbih_1st_corps:13 (front)
[brigade_assignment] Rehomed arbih_1st_mountain into truthful sector owner sector:arbih_1st_corps:13 (front)
[brigade_assignment] Rehomed arbih_2nd_mountain into truthful sector owner sector:arbih_1st_corps:13 (front)
[brigade_assignment] Rehomed arbih_hvo_kralj_tvrtko into truthful sector owner sector:arbih_1st_corps:13 (front)
[brigade_assignment] Rehomed rs_31st_light_infantry into truthful sector owner sector:vrs_1st_krajina:2 (front)
[brigade_assignment] Rehomed arbih_2nd_tuzla into truthful sector owner sector:arbih_2nd_corps:6 (front)
[brigade_assignment] Rehomed arbih_101st_mountain into truthful sector owner sector:arbih_1st_corps:13 (front)
[brigade_assignment] Rehomed arbih_104th_vitezka_motorized into truthful sector owner sector:arbih_1st_corps:13 (front)
[brigade_assignment] Rehomed arbih_10th_mountain into truthful sector owner sector:arbih_1st_corps:13 (front)
[brigade_assignment] Rehomed arbih_112th_vitezka_motorized into truthful sector owner sector:arbih_1st_corps:13 (front)
[brigade_assignment] Rehomed arbih_124th_light_king_tvrtko into truthful sector owner sector:arbih_1st_corps:13 (front)
[brigade_assignment] Rehomed arbih_141st_light into truthful sector owner sector:arbih_1st_corps:13 (front)
[brigade_assignment] Rehomed arbih_143rd_light into truthful sector owner sector:arbih_1st_corps:13 (front)
[brigade_assignment] Rehomed arbih_152nd_mountain into truthful sector owner sector:arbih_1st_corps:13 (front)
[brigade_assignment] Rehomed arbih_155th_motorized into truthful sector owner sector:arbih_1st_corps:13 (front)
[brigade_assignment] Rehomed arbih_17th_muslim_light into truthful sector owner sector:arbih_1st_corps:13 (front)
[brigade_assignment] Rehomed arbih_1st_mountain into truthful sector owner sector:arbih_1st_corps:13 (front)
[brigade_assignment] Rehomed arbih_2nd_mountain into truthful sector owner sector:arbih_1st_corps:13 (front)
[brigade_assignment] Rehomed arbih_hvo_kralj_tvrtko into truthful sector owner sector:arbih_1st_corps:13 (front)
[brigade_assignment] Rehomed rs_31st_light_infantry into truthful sector owner sector:vrs_1st_krajina:20 (front)
[brigade_assignment] Rehomed arbih_246th_vitezka_mountain into truthful sector owner sector:arbih_2nd_corps:4 (front)
[brigade_assignment] Rehomed rs_11th_mrkonji_light_infantry into truthful sector owner sector:vrs_1st_krajina:9 (front)
[brigade_assignment] Rehomed rs_22nd_krajina_infantry into truthful sector owner sector:vrs_1st_krajina:10 (front)
[brigade_assignment] Rehomed arbih_101st_mountain into truthful sector owner sector:arbih_1st_corps:13 (front)
[brigade_assignment] Rehomed arbih_104th_vitezka_motorized into truthful sector owner sector:arbih_1st_corps:13 (front)
[brigade_assignment] Rehomed arbih_10th_mountain into truthful sector owner sector:arbih_1st_corps:13 (front)
[brigade_assignment] Rehomed arbih_112th_vitezka_motorized into truthful sector owner sector:arbih_1st_corps:13 (front)
[brigade_assignment] Rehomed arbih_124th_light_king_tvrtko into truthful sector owner sector:arbih_1st_corps:13 (front)
[brigade_assignment] Rehomed arbih_141st_light into truthful sector owner sector:arbih_1st_corps:13 (front)
[brigade_assignment] Rehomed arbih_143rd_light into truthful sector owner sector:arbih_1st_corps:13 (front)
[brigade_assignment] Rehomed arbih_152nd_mountain into truthful sector owner sector:arbih_1st_corps:13 (front)
[brigade_assignment] Rehomed arbih_155th_motorized into truthful sector owner sector:arbih_1st_corps:13 (front)
[brigade_assignment] Rehomed arbih_17th_muslim_light into truthful sector owner sector:arbih_1st_corps:13 (front)
[brigade_assignment] Rehomed arbih_1st_mountain into truthful sector owner sector:arbih_1st_corps:13 (front)
[brigade_assignment] Rehomed arbih_2nd_mountain into truthful sector owner sector:arbih_1st_corps:13 (front)
[brigade_assignment] Rehomed arbih_hvo_kralj_tvrtko into truthful sector owner sector:arbih_1st_corps:13 (front)
[brigade_assignment] Rehomed rs_31st_light_infantry into truthful sector owner sector:vrs_1st_krajina:20 (front)
[brigade_assignment] Rehomed arbih_246th_vitezka_mountain into truthful sector owner sector:arbih_2nd_corps:4 (front)
[brigade_assignment] FINAL_SEAL kind=turn turn=5 unresolved=0
[brigade_assignment] Rehomed arbih_101st_mountain into truthful sector owner sector:arbih_1st_corps:12 (front)
[brigade_assignment] Rehomed arbih_104th_vitezka_motorized into truthful sector owner sector:arbih_1st_corps:12 (front)
[brigade_assignment] Rehomed arbih_10th_mountain into truthful sector owner sector:arbih_1st_corps:12 (front)
[brigade_assignment] Rehomed arbih_112th_vitezka_motorized into truthful sector owner sector:arbih_1st_corps:12 (front)
[brigade_assignment] Rehomed arbih_124th_light_king_tvrtko into truthful sector owner sector:arbih_1st_corps:12 (front)
[brigade_assignment] Rehomed arbih_141st_light into truthful sector owner sector:arbih_1st_corps:12 (front)
[brigade_assignment] Rehomed arbih_143rd_light into truthful sector owner sector:arbih_1st_corps:12 (front)
[brigade_assignment] Rehomed arbih_152nd_mountain into truthful sector owner sector:arbih_1st_corps:12 (front)
[brigade_assignment] Rehomed arbih_155th_motorized into truthful sector owner sector:arbih_1st_corps:12 (front)
[brigade_assignment] Rehomed arbih_17th_muslim_light into truthful sector owner sector:arbih_1st_corps:12 (front)
[brigade_assignment] Rehomed arbih_1st_mountain into truthful sector owner sector:arbih_1st_corps:12 (front)
[brigade_assignment] Rehomed arbih_2nd_mountain into truthful sector owner sector:arbih_1st_corps:12 (front)
[brigade_assignment] Rehomed arbih_hvo_kralj_tvrtko into truthful sector owner sector:arbih_1st_corps:12 (front)
[brigade_assignment] Rehomed rs_22nd_krajina_infantry into truthful sector owner sector:vrs_1st_krajina:4 (front)
[brigade_assignment] Rehomed rs_31st_light_infantry into truthful sector owner sector:vrs_1st_krajina:12 (front)
[brigade_assignment] Rehomed rs_22nd_krajina_infantry into truthful sector owner sector:vrs_1st_krajina:17 (front)
[brigade_assignment] Rehomed rs_11th_mrkonji_light_infantry into truthful sector owner sector:vrs_1st_krajina:11 (front)
[brigade_assignment] Rehomed rs_31st_light_infantry into truthful sector owner sector:vrs_1st_krajina:20 (front)
[brigade_assignment] Rehomed rs_visegrad_brigade into truthful sector owner sector:vrs_drina:3 (reserve)
[brigade_assignment] Rehomed rs_visegrad_brigade into truthful sector owner sector:vrs_drina:2 (reserve)
[brigade_assignment] Rehomed rs_22nd_krajina_infantry into truthful sector owner sector:vrs_1st_krajina:4 (front)
[brigade_assignment] Rehomed rs_31st_light_infantry into truthful sector owner sector:vrs_1st_krajina:12 (front)
[brigade_assignment] Rehomed rs_visegrad_brigade into truthful sector owner sector:vrs_drina:3 (reserve)
[brigade_assignment] Rehomed rs_22nd_krajina_infantry into truthful sector owner sector:vrs_1st_krajina:17 (front)
[brigade_assignment] Rehomed rs_visegrad_brigade into truthful sector owner sector:vrs_drina:2 (reserve)
[brigade_assignment] FINAL_SEAL kind=turn turn=6 unresolved=0
[brigade_assignment] Rehomed rs_22nd_krajina_infantry into truthful sector owner sector:vrs_1st_krajina:4 (front)
[brigade_assignment] Rehomed rs_31st_light_infantry into truthful sector owner sector:vrs_1st_krajina:12 (front)
[brigade_assignment] Rehomed rs_22nd_krajina_infantry into truthful sector owner sector:vrs_1st_krajina:17 (front)
[brigade_assignment] Rehomed rs_22nd_krajina_infantry into truthful sector owner sector:vrs_1st_krajina:4 (front)
[brigade_assignment] Rehomed rs_31st_light_infantry into truthful sector owner sector:vrs_1st_krajina:12 (front)
[brigade_assignment] Rehomed rs_22nd_krajina_infantry into truthful sector owner sector:vrs_1st_krajina:17 (front)
[brigade_assignment] Rehomed rs_22nd_krajina_infantry into truthful sector owner sector:vrs_1st_krajina:4 (front)
[brigade_assignment] Rehomed rs_31st_light_infantry into truthful sector owner sector:vrs_1st_krajina:12 (front)
[brigade_assignment] Rehomed rs_22nd_krajina_infantry into truthful sector owner sector:vrs_1st_krajina:17 (front)
[brigade_assignment] FINAL_SEAL kind=turn turn=7 unresolved=0
[brigade_assignment] Rehomed rs_22nd_krajina_infantry into truthful sector owner sector:vrs_1st_krajina:4 (front)
[brigade_assignment] Rehomed rs_31st_light_infantry into truthful sector owner sector:vrs_1st_krajina:12 (front)
[brigade_assignment] Rehomed rs_5th_kozara_light_infantry into truthful sector owner sector:vrs_1st_krajina:2 (territory)
[brigade_assignment] Rehomed rs_22nd_krajina_infantry into truthful sector owner sector:vrs_1st_krajina:17 (front)
[op-validation] 1 issue(s) at injection: 0 error(s), 1 warning(s)
  [WARN] Visoko–Breza Line Clearing [visoko_breza_perimeter]: brigade_missing — Brigade "arbih_guards_brigade" not found in formations
[brigade_assignment] Rehomed arbih_101st_mountain into truthful sector owner sector:arbih_1st_corps:10 (front)
[brigade_assignment] Rehomed arbih_104th_vitezka_motorized into truthful sector owner sector:arbih_1st_corps:10 (front)
[brigade_assignment] Rehomed arbih_112th_vitezka_motorized into truthful sector owner sector:arbih_1st_corps:10 (front)
[brigade_assignment] Rehomed arbih_124th_light_king_tvrtko into truthful sector owner sector:arbih_1st_corps:10 (front)
[brigade_assignment] Rehomed arbih_141st_light into truthful sector owner sector:arbih_1st_corps:10 (front)
[brigade_assignment] Rehomed arbih_143rd_light into truthful sector owner sector:arbih_1st_corps:10 (front)
[brigade_assignment] Rehomed arbih_152nd_mountain into truthful sector owner sector:arbih_1st_corps:10 (front)
[brigade_assignment] Rehomed arbih_155th_motorized into truthful sector owner sector:arbih_1st_corps:10 (front)
[brigade_assignment] Rehomed arbih_17th_muslim_light into truthful sector owner sector:arbih_1st_corps:10 (front)
[brigade_assignment] Rehomed arbih_1st_mountain into truthful sector owner sector:arbih_1st_corps:10 (front)
[brigade_assignment] Rehomed arbih_2nd_mountain into truthful sector owner sector:arbih_1st_corps:10 (front)
[brigade_assignment] Rehomed arbih_hvo_kralj_tvrtko into truthful sector owner sector:arbih_1st_corps:10 (front)
[brigade_assignment] Rehomed rs_5th_kozara_light_infantry into truthful sector owner sector:vrs_1st_krajina:2 (territory)
[brigade_assignment] Rehomed arbih_101st_mountain into truthful sector owner sector:arbih_1st_corps:10 (front)
[brigade_assignment] Rehomed arbih_104th_vitezka_motorized into truthful sector owner sector:arbih_1st_corps:10 (front)
[brigade_assignment] Rehomed arbih_112th_vitezka_motorized into truthful sector owner sector:arbih_1st_corps:10 (front)
[brigade_assignment] Rehomed arbih_124th_light_king_tvrtko into truthful sector owner sector:arbih_1st_corps:10 (front)
[brigade_assignment] Rehomed arbih_141st_light into truthful sector owner sector:arbih_1st_corps:10 (front)
[brigade_assignment] Rehomed arbih_143rd_light into truthful sector owner sector:arbih_1st_corps:10 (front)
[brigade_assignment] Rehomed arbih_152nd_mountain into truthful sector owner sector:arbih_1st_corps:10 (front)
[brigade_assignment] Rehomed arbih_155th_motorized into truthful sector owner sector:arbih_1st_corps:10 (front)
[brigade_assignment] Rehomed arbih_17th_muslim_light into truthful sector owner sector:arbih_1st_corps:10 (front)
[brigade_assignment] Rehomed arbih_1st_mountain into truthful sector owner sector:arbih_1st_corps:10 (front)
[brigade_assignment] Rehomed arbih_2nd_mountain into truthful sector owner sector:arbih_1st_corps:10 (front)
[brigade_assignment] Rehomed arbih_hvo_kralj_tvrtko into truthful sector owner sector:arbih_1st_corps:10 (front)
[brigade_assignment] Rehomed rs_5th_kozara_light_infantry into truthful sector owner sector:vrs_1st_krajina:2 (territory)
[brigade_assignment] FINAL_SEAL kind=turn turn=8 unresolved=0
[brigade_assignment] Rehomed arbih_101st_mountain into truthful sector owner sector:arbih_1st_corps:10 (front)
[brigade_assignment] Rehomed arbih_104th_vitezka_motorized into truthful sector owner sector:arbih_1st_corps:10 (front)
[brigade_assignment] Rehomed arbih_112th_vitezka_motorized into truthful sector owner sector:arbih_1st_corps:10 (front)
[brigade_assignment] Rehomed arbih_124th_light_king_tvrtko into truthful sector owner sector:arbih_1st_corps:10 (front)
[brigade_assignment] Rehomed arbih_141st_light into truthful sector owner sector:arbih_1st_corps:10 (front)
[brigade_assignment] Rehomed arbih_143rd_light into truthful sector owner sector:arbih_1st_corps:10 (front)
[brigade_assignment] Rehomed arbih_152nd_mountain into truthful sector owner sector:arbih_1st_corps:10 (front)
[brigade_assignment] Rehomed arbih_155th_motorized into truthful sector owner sector:arbih_1st_corps:10 (front)
[brigade_assignment] Rehomed arbih_17th_muslim_light into truthful sector owner sector:arbih_1st_corps:10 (front)
[brigade_assignment] Rehomed arbih_1st_mountain into truthful sector owner sector:arbih_1st_corps:10 (front)
[brigade_assignment] Rehomed arbih_2nd_mountain into truthful sector owner sector:arbih_1st_corps:10 (front)
[brigade_assignment] Rehomed arbih_hvo_kralj_tvrtko into truthful sector owner sector:arbih_1st_corps:10 (front)
[brigade_assignment] Rehomed rs_5th_kozara_light_infantry into truthful sector owner sector:vrs_1st_krajina:2 (territory)
[brigade_assignment] Rehomed arbih_101st_mountain into truthful sector owner sector:arbih_1st_corps:6 (front)
[brigade_assignment] Rehomed arbih_104th_vitezka_motorized into truthful sector owner sector:arbih_1st_corps:6 (front)
[brigade_assignment] Rehomed arbih_112th_vitezka_motorized into truthful sector owner sector:arbih_1st_corps:6 (front)
[brigade_assignment] Rehomed arbih_124th_light_king_tvrtko into truthful sector owner sector:arbih_1st_corps:6 (front)
[brigade_assignment] Rehomed arbih_141st_light into truthful sector owner sector:arbih_1st_corps:6 (front)
[brigade_assignment] Rehomed arbih_143rd_light into truthful sector owner sector:arbih_1st_corps:6 (front)
[brigade_assignment] Rehomed arbih_152nd_mountain into truthful sector owner sector:arbih_1st_corps:6 (front)
[brigade_assignment] Rehomed arbih_155th_motorized into truthful sector owner sector:arbih_1st_corps:6 (front)
[brigade_assignment] Rehomed arbih_17th_muslim_light into truthful sector owner sector:arbih_1st_corps:6 (front)
[brigade_assignment] Rehomed arbih_1st_mountain into truthful sector owner sector:arbih_1st_corps:6 (front)
[brigade_assignment] Rehomed arbih_2nd_mountain into truthful sector owner sector:arbih_1st_corps:6 (front)
[brigade_assignment] Rehomed arbih_hvo_kralj_tvrtko into truthful sector owner sector:arbih_1st_corps:6 (front)
[brigade_assignment] Rehomed rs_31st_light_infantry into truthful sector owner sector:vrs_1st_krajina:14 (front)
[brigade_assignment] Rehomed rs_5th_kozara_light_infantry into truthful sector owner sector:vrs_1st_krajina:5 (territory)
[brigade_assignment] Rehomed rs_1st_banja_luka_light_infantry into truthful sector owner sector:vrs_1st_krajina:11 (front)
[brigade_assignment] Rehomed rs_22nd_krajina_infantry into truthful sector owner sector:vrs_1st_krajina:11 (front)
[brigade_assignment] Rehomed rs_4th_banja_luka_light_infantry into truthful sector owner sector:vrs_1st_krajina:11 (front)
[brigade_assignment] Rehomed rs_5th_kozara_light_infantry into truthful sector owner sector:vrs_1st_krajina:11 (territory)
[brigade_assignment] Rehomed arbih_101st_mountain into truthful sector owner sector:arbih_1st_corps:6 (front)
[brigade_assignment] Rehomed arbih_104th_vitezka_motorized into truthful sector owner sector:arbih_1st_corps:6 (front)
[brigade_assignment] Rehomed arbih_111th_vitezka_motorized into truthful sector owner sector:arbih_1st_corps:6 (front)
[brigade_assignment] Rehomed arbih_115th_mountain into truthful sector owner sector:arbih_1st_corps:6 (front)
[brigade_assignment] Rehomed arbih_141st_light into truthful sector owner sector:arbih_1st_corps:6 (front)
[brigade_assignment] Rehomed arbih_143rd_light into truthful sector owner sector:arbih_1st_corps:6 (front)
[brigade_assignment] Rehomed arbih_152nd_mountain into truthful sector owner sector:arbih_1st_corps:6 (front)
[brigade_assignment] Rehomed arbih_155th_motorized into truthful sector owner sector:arbih_1st_corps:6 (front)
[brigade_assignment] Rehomed arbih_1st_mountain into truthful sector owner sector:arbih_1st_corps:6 (front)
[brigade_assignment] Rehomed arbih_2nd_mountain into truthful sector owner sector:arbih_1st_corps:6 (front)
[brigade_assignment] Rehomed arbih_hvo_kralj_tvrtko into truthful sector owner sector:arbih_1st_corps:6 (front)
[brigade_assignment] Rehomed rs_31st_light_infantry into truthful sector owner sector:vrs_1st_krajina:14 (front)
[brigade_assignment] Rehomed rs_5th_kozara_light_infantry into truthful sector owner sector:vrs_1st_krajina:5 (territory)
[brigade_assignment] Rehomed rs_1st_banja_luka_light_infantry into truthful sector owner sector:vrs_1st_krajina:11 (front)
[brigade_assignment] Rehomed rs_22nd_krajina_infantry into truthful sector owner sector:vrs_1st_krajina:11 (front)
[brigade_assignment] Rehomed rs_4th_banja_luka_light_infantry into truthful sector owner sector:vrs_1st_krajina:11 (front)
[brigade_assignment] Rehomed rs_5th_kozara_light_infantry into truthful sector owner sector:vrs_1st_krajina:11 (territory)
[brigade_assignment] FINAL_SEAL kind=turn turn=9 unresolved=0
[brigade_assignment] Rehomed arbih_101st_mountain into truthful sector owner sector:arbih_1st_corps:6 (front)
[brigade_assignment] Rehomed arbih_104th_vitezka_motorized into truthful sector owner sector:arbih_1st_corps:6 (front)
[brigade_assignment] Rehomed arbih_111th_vitezka_motorized into truthful sector owner sector:arbih_1st_corps:6 (front)
[brigade_assignment] Rehomed arbih_115th_mountain into truthful sector owner sector:arbih_1st_corps:6 (front)
[brigade_assignment] Rehomed arbih_141st_light into truthful sector owner sector:arbih_1st_corps:6 (front)
[brigade_assignment] Rehomed arbih_143rd_light into truthful sector owner sector:arbih_1st_corps:6 (front)
[brigade_assignment] Rehomed arbih_152nd_mountain into truthful sector owner sector:arbih_1st_corps:6 (front)
[brigade_assignment] Rehomed arbih_155th_motorized into truthful sector owner sector:arbih_1st_corps:6 (front)
[brigade_assignment] Rehomed arbih_1st_mountain into truthful sector owner sector:arbih_1st_corps:6 (front)
[brigade_assignment] Rehomed arbih_2nd_mountain into truthful sector owner sector:arbih_1st_corps:6 (front)
[brigade_assignment] Rehomed arbih_hvo_kralj_tvrtko into truthful sector owner sector:arbih_1st_corps:6 (front)
[brigade_assignment] Rehomed rs_31st_light_infantry into truthful sector owner sector:vrs_1st_krajina:14 (front)
[brigade_assignment] Rehomed rs_5th_kozara_light_infantry into truthful sector owner sector:vrs_1st_krajina:5 (territory)
[brigade_assignment] Rehomed rs_1st_banja_luka_light_infantry into truthful sector owner sector:vrs_1st_krajina:11 (front)
[brigade_assignment] Rehomed rs_22nd_krajina_infantry into truthful sector owner sector:vrs_1st_krajina:11 (front)
[brigade_assignment] Rehomed rs_4th_banja_luka_light_infantry into truthful sector owner sector:vrs_1st_krajina:11 (front)
[brigade_assignment] Rehomed rs_5th_kozara_light_infantry into truthful sector owner sector:vrs_1st_krajina:11 (territory)
[brigade_assignment] Rehomed arbih_101st_mountain into truthful sector owner sector:arbih_1st_corps:6 (front)
[brigade_assignment] Rehomed arbih_104th_vitezka_motorized into truthful sector owner sector:arbih_1st_corps:6 (front)
[brigade_assignment] Rehomed arbih_111th_vitezka_motorized into truthful sector owner sector:arbih_1st_corps:6 (front)
[brigade_assignment] Rehomed arbih_115th_mountain into truthful sector owner sector:arbih_1st_corps:6 (front)
[brigade_assignment] Rehomed arbih_141st_light into truthful sector owner sector:arbih_1st_corps:6 (front)
[brigade_assignment] Rehomed arbih_143rd_light into truthful sector owner sector:arbih_1st_corps:6 (front)
[brigade_assignment] Rehomed arbih_152nd_mountain into truthful sector owner sector:arbih_1st_corps:6 (front)
[brigade_assignment] Rehomed arbih_155th_motorized into truthful sector owner sector:arbih_1st_corps:6 (front)
[brigade_assignment] Rehomed arbih_1st_mountain into truthful sector owner sector:arbih_1st_corps:6 (front)
[brigade_assignment] Rehomed arbih_2nd_mountain into truthful sector owner sector:arbih_1st_corps:6 (front)
[brigade_assignment] Rehomed arbih_hvo_kralj_tvrtko into truthful sector owner sector:arbih_1st_corps:6 (front)
[brigade_assignment] Rehomed rs_5th_kozara_light_infantry into truthful sector owner sector:vrs_1st_krajina:1 (territory)
[brigade_assignment] Rehomed rs_11th_mrkonji_light_infantry into truthful sector owner sector:vrs_1st_krajina:3 (front)
[brigade_assignment] Rehomed arbih_101st_mountain into truthful sector owner sector:arbih_1st_corps:6 (front)
[brigade_assignment] Rehomed arbih_104th_vitezka_motorized into truthful sector owner sector:arbih_1st_corps:6 (front)
[brigade_assignment] Rehomed arbih_111th_vitezka_motorized into truthful sector owner sector:arbih_1st_corps:6 (front)
[brigade_assignment] Rehomed arbih_115th_mountain into truthful sector owner sector:arbih_1st_corps:6 (front)
[brigade_assignment] Rehomed arbih_141st_light into truthful sector owner sector:arbih_1st_corps:6 (front)
[brigade_assignment] Rehomed arbih_143rd_light into truthful sector owner sector:arbih_1st_corps:6 (front)
[brigade_assignment] Rehomed arbih_152nd_mountain into truthful sector owner sector:arbih_1st_corps:6 (front)
[brigade_assignment] Rehomed arbih_155th_motorized into truthful sector owner sector:arbih_1st_corps:6 (front)
[brigade_assignment] Rehomed arbih_1st_mountain into truthful sector owner sector:arbih_1st_corps:6 (front)
[brigade_assignment] Rehomed arbih_2nd_mountain into truthful sector owner sector:arbih_1st_corps:6 (front)
[brigade_assignment] Rehomed arbih_hvo_kralj_tvrtko into truthful sector owner sector:arbih_1st_corps:6 (front)
[brigade_assignment] Rehomed rs_5th_kozara_light_infantry into truthful sector owner sector:vrs_1st_krajina:1 (territory)
[brigade_assignment] Rehomed rs_11th_mrkonji_light_infantry into truthful sector owner sector:vrs_1st_krajina:7 (front)
[brigade_assignment] FINAL_SEAL kind=turn turn=10 unresolved=0
[brigade_assignment] Rehomed arbih_101st_mountain into truthful sector owner sector:arbih_1st_corps:6 (front)
[brigade_assignment] Rehomed arbih_104th_vitezka_motorized into truthful sector owner sector:arbih_1st_corps:6 (front)
[brigade_assignment] Rehomed arbih_111th_vitezka_motorized into truthful sector owner sector:arbih_1st_corps:6 (front)
[brigade_assignment] Rehomed arbih_115th_mountain into truthful sector owner sector:arbih_1st_corps:6 (front)
[brigade_assignment] Rehomed arbih_141st_light into truthful sector owner sector:arbih_1st_corps:6 (front)
[brigade_assignment] Rehomed arbih_143rd_light into truthful sector owner sector:arbih_1st_corps:6 (front)
[brigade_assignment] Rehomed arbih_152nd_mountain into truthful sector owner sector:arbih_1st_corps:6 (front)
[brigade_assignment] Rehomed arbih_155th_motorized into truthful sector owner sector:arbih_1st_corps:6 (front)
[brigade_assignment] Rehomed arbih_1st_mountain into truthful sector owner sector:arbih_1st_corps:6 (front)
[brigade_assignment] Rehomed arbih_2nd_mountain into truthful sector owner sector:arbih_1st_corps:6 (front)
[brigade_assignment] Rehomed arbih_hvo_kralj_tvrtko into truthful sector owner sector:arbih_1st_corps:6 (front)
[brigade_assignment] Rehomed arbih_101st_mountain into truthful sector owner sector:arbih_1st_corps:6 (front)
[brigade_assignment] Rehomed arbih_104th_vitezka_motorized into truthful sector owner sector:arbih_1st_corps:6 (front)
[brigade_assignment] Rehomed arbih_111th_vitezka_motorized into truthful sector owner sector:arbih_1st_corps:6 (front)
[brigade_assignment] Rehomed arbih_115th_mountain into truthful sector owner sector:arbih_1st_corps:6 (front)
[brigade_assignment] Rehomed arbih_141st_light into truthful sector owner sector:arbih_1st_corps:6 (front)
[brigade_assignment] Rehomed arbih_143rd_light into truthful sector owner sector:arbih_1st_corps:6 (front)
[brigade_assignment] Rehomed arbih_152nd_mountain into truthful sector owner sector:arbih_1st_corps:6 (front)
[brigade_assignment] Rehomed arbih_155th_motorized into truthful sector owner sector:arbih_1st_corps:6 (front)
[brigade_assignment] Rehomed arbih_1st_mountain into truthful sector owner sector:arbih_1st_corps:6 (front)
[brigade_assignment] Rehomed arbih_2nd_mountain into truthful sector owner sector:arbih_1st_corps:6 (front)
[brigade_assignment] Rehomed arbih_hvo_kralj_tvrtko into truthful sector owner sector:arbih_1st_corps:6 (front)
[brigade_assignment] Rehomed arbih_101st_mountain into truthful sector owner sector:arbih_1st_corps:6 (front)
[brigade_assignment] Rehomed arbih_104th_vitezka_motorized into truthful sector owner sector:arbih_1st_corps:6 (front)
[brigade_assignment] Rehomed arbih_111th_vitezka_motorized into truthful sector owner sector:arbih_1st_corps:6 (front)
[brigade_assignment] Rehomed arbih_115th_mountain into truthful sector owner sector:arbih_1st_corps:6 (front)
[brigade_assignment] Rehomed arbih_141st_light into truthful sector owner sector:arbih_1st_corps:6 (front)
[brigade_assignment] Rehomed arbih_143rd_light into truthful sector owner sector:arbih_1st_corps:6 (front)
[brigade_assignment] Rehomed arbih_152nd_mountain into truthful sector owner sector:arbih_1st_corps:6 (front)
[brigade_assignment] Rehomed arbih_155th_motorized into truthful sector owner sector:arbih_1st_corps:6 (front)
[brigade_assignment] Rehomed arbih_1st_mountain into truthful sector owner sector:arbih_1st_corps:6 (front)
[brigade_assignment] Rehomed arbih_2nd_mountain into truthful sector owner sector:arbih_1st_corps:6 (front)
[brigade_assignment] Rehomed arbih_hvo_kralj_tvrtko into truthful sector owner sector:arbih_1st_corps:6 (front)
[brigade_assignment] FINAL_SEAL kind=turn turn=11 unresolved=0
[brigade_assignment] Rehomed arbih_101st_mountain into truthful sector owner sector:arbih_1st_corps:6 (front)
[brigade_assignment] Rehomed arbih_104th_vitezka_motorized into truthful sector owner sector:arbih_1st_corps:6 (front)
[brigade_assignment] Rehomed arbih_111th_vitezka_motorized into truthful sector owner sector:arbih_1st_corps:6 (front)
[brigade_assignment] Rehomed arbih_115th_mountain into truthful sector owner sector:arbih_1st_corps:6 (front)
[brigade_assignment] Rehomed arbih_141st_light into truthful sector owner sector:arbih_1st_corps:6 (front)
[brigade_assignment] Rehomed arbih_143rd_light into truthful sector owner sector:arbih_1st_corps:6 (front)
[brigade_assignment] Rehomed arbih_152nd_mountain into truthful sector owner sector:arbih_1st_corps:6 (front)
[brigade_assignment] Rehomed arbih_155th_motorized into truthful sector owner sector:arbih_1st_corps:6 (front)
[brigade_assignment] Rehomed arbih_1st_mountain into truthful sector owner sector:arbih_1st_corps:6 (front)
[brigade_assignment] Rehomed arbih_2nd_mountain into truthful sector owner sector:arbih_1st_corps:6 (front)
[brigade_assignment] Rehomed arbih_hvo_kralj_tvrtko into truthful sector owner sector:arbih_1st_corps:6 (front)
[brigade_assignment] Rehomed rs_1st_prnjavor_light_infantry into truthful sector owner sector:vrs_1st_krajina:15 (reserve)
[brigade_assignment] Rehomed rs_3rd_ozren_light_infantry into truthful sector owner sector:vrs_1st_krajina:7 (reserve)
[brigade_assignment] Rehomed rs_11th_mrkonji_light_infantry into truthful sector owner sector:vrs_1st_krajina:6 (front)
[brigade_assignment] Rehomed rs_1st_prnjavor_light_infantry into truthful sector owner sector:vrs_1st_krajina:7 (reserve)
[brigade_assignment] Rehomed rs_1st_prnjavor_light_infantry into truthful sector owner sector:vrs_1st_krajina:15 (reserve)
[brigade_assignment] Rehomed rs_3rd_ozren_light_infantry into truthful sector owner sector:vrs_1st_krajina:7 (reserve)
[brigade_assignment] Rehomed rs_11th_mrkonji_light_infantry into truthful sector owner sector:vrs_1st_krajina:6 (front)
[brigade_assignment] Rehomed rs_1st_prnjavor_light_infantry into truthful sector owner sector:vrs_1st_krajina:7 (reserve)
[brigade_assignment] Rehomed rs_1st_prnjavor_light_infantry into truthful sector owner sector:vrs_1st_krajina:15 (reserve)
[brigade_assignment] Rehomed rs_3rd_ozren_light_infantry into truthful sector owner sector:vrs_1st_krajina:7 (reserve)
[brigade_assignment] Rehomed rs_11th_mrkonji_light_infantry into truthful sector owner sector:vrs_1st_krajina:6 (front)
[brigade_assignment] Rehomed rs_1st_prnjavor_light_infantry into truthful sector owner sector:vrs_1st_krajina:7 (reserve)
[brigade_assignment] FINAL_SEAL kind=turn turn=12 unresolved=0
[brigade_assignment] Rehomed rs_1st_doboj_light_infantry into truthful sector owner sector:vrs_1st_krajina:8 (reserve)
[brigade_assignment] Rehomed rs_1st_doboj_light_infantry into truthful sector owner sector:vrs_1st_krajina:7 (reserve)
[brigade_assignment] Rehomed rs_1st_prnjavor_light_infantry into truthful sector owner sector:vrs_1st_krajina:17 (reserve)
[brigade_assignment] Rehomed rs_3rd_ozren_light_infantry into truthful sector owner sector:vrs_1st_krajina:7 (reserve)
[brigade_assignment] Rehomed rs_11th_mrkonji_light_infantry into truthful sector owner sector:vrs_1st_krajina:3 (front)
[brigade_assignment] Rehomed rs_1st_doboj_light_infantry into truthful sector owner sector:vrs_1st_krajina:13 (reserve)
[brigade_assignment] Rehomed rs_1st_prnjavor_light_infantry into truthful sector owner sector:vrs_1st_krajina:9 (reserve)
[brigade_assignment] Rehomed rs_1st_doboj_light_infantry into truthful sector owner sector:vrs_1st_krajina:2 (reserve)
[brigade_assignment] Rehomed rs_1st_doboj_light_infantry into truthful sector owner sector:vrs_1st_krajina:7 (reserve)
[brigade_assignment] Rehomed rs_11th_mrkonji_light_infantry into truthful sector owner sector:vrs_1st_krajina:10 (front)
[brigade_assignment] Rehomed rs_1st_doboj_light_infantry into truthful sector owner sector:vrs_1st_krajina:12 (reserve)
[brigade_assignment] Rehomed rs_22nd_krajina_infantry into truthful sector owner sector:vrs_1st_krajina:10 (front)
[brigade_assignment] Rehomed rs_11th_mrkonji_light_infantry into truthful sector owner sector:vrs_1st_krajina:1 (front)
[brigade_assignment] Rehomed rs_2nd_posavina_light_infantry into truthful sector owner sector:vrs_east_bosnian:0 (territory)
[brigade_assignment] Rehomed rs_1st_doboj_light_infantry into truthful sector owner sector:vrs_1st_krajina:2 (reserve)
[brigade_assignment] Rehomed rs_1st_doboj_light_infantry into truthful sector owner sector:vrs_1st_krajina:7 (reserve)
[brigade_assignment] Rehomed rs_31st_light_infantry into truthful sector owner sector:vrs_1st_krajina:1 (front)
[brigade_assignment] Rehomed rs_11th_mrkonji_light_infantry into truthful sector owner sector:vrs_1st_krajina:10 (front)
[brigade_assignment] Rehomed rs_1st_doboj_light_infantry into truthful sector owner sector:vrs_1st_krajina:12 (reserve)
[brigade_assignment] Rehomed rs_4th_banja_luka_light_infantry into truthful sector owner sector:vrs_1st_krajina:10 (front)
[brigade_assignment] Rehomed rs_2nd_posavina_light_infantry into truthful sector owner sector:vrs_east_bosnian:0 (territory)
[brigade_assignment] FINAL_SEAL kind=turn turn=13 unresolved=0
[brigade_assignment] Rehomed rs_1st_kotor_varo_light_infantry into truthful sector owner sector:vrs_1st_krajina:2 (reserve)
[brigade_assignment] Rehomed rs_22nd_krajina_infantry into truthful sector owner sector:vrs_1st_krajina:12 (front)
[brigade_assignment] Rehomed rs_11th_mrkonji_light_infantry into truthful sector owner sector:vrs_1st_krajina:6 (front)
[brigade_assignment] Rehomed rs_22nd_krajina_infantry into truthful sector owner sector:vrs_1st_krajina:7 (front)
[brigade_assignment] Rehomed arbih_1st_cerska into truthful sector owner sector:arbih_2nd_corps:4 (front)
[brigade_assignment] Rehomed rs_11th_mrkonji_light_infantry into truthful sector owner sector:vrs_1st_krajina:4 (front)
[brigade_assignment] Rehomed rs_22nd_krajina_infantry into truthful sector owner sector:vrs_1st_krajina:7 (front)
[brigade_assignment] Rehomed arbih_1st_cerska into truthful sector owner sector:arbih_2nd_corps:4 (front)
[brigade_assignment] Rehomed arbih_843rd_light into truthful sector owner sector:arbih_1st_corps:1 (front)
[brigade_assignment] Rehomed arbih_851st_vitezka_liberation into truthful sector owner sector:arbih_1st_corps:4 (front)
[brigade_assignment] Rehomed rs_11th_mrkonji_light_infantry into truthful sector owner sector:vrs_1st_krajina:4 (front)
[brigade_assignment] FINAL_SEAL kind=turn turn=14 unresolved=0
[brigade_assignment] Rehomed rs_22nd_krajina_infantry into truthful sector owner sector:vrs_1st_krajina:7 (front)
[brigade_assignment] Rehomed arbih_1st_cerska into truthful sector owner sector:arbih_2nd_corps:4 (front)
[brigade_assignment] Rehomed arbih_843rd_light into truthful sector owner sector:arbih_1st_corps:1 (front)
[brigade_assignment] Rehomed arbih_851st_vitezka_liberation into truthful sector owner sector:arbih_1st_corps:4 (front)
[brigade_assignment] Rehomed rs_11th_mrkonji_light_infantry into truthful sector owner sector:vrs_1st_krajina:4 (front)
[brigade_assignment] Rehomed rs_22nd_krajina_infantry into truthful sector owner sector:vrs_1st_krajina:8 (front)
[brigade_assignment] Rehomed rs_11th_mrkonji_light_infantry into truthful sector owner sector:vrs_1st_krajina:4 (front)
[brigade_assignment] Rehomed arbih_282nd_east_bosnian_light into truthful sector owner sector:arbih_2nd_corps:2 (reserve)
[brigade_assignment] Rehomed arbih_283rd_east_bosnian_light into truthful sector owner sector:arbih_2nd_corps:3 (reserve)
[brigade_assignment] Rehomed arbih_283rd_east_bosnian_light into truthful sector owner sector:arbih_2nd_corps:6 (reserve)
[brigade_assignment] FINAL_SEAL kind=turn turn=15 unresolved=0
[brigade_assignment] Rehomed arbih_282nd_east_bosnian_light into truthful sector owner sector:arbih_2nd_corps:2 (reserve)
[brigade_assignment] Rehomed arbih_283rd_east_bosnian_light into truthful sector owner sector:arbih_2nd_corps:3 (reserve)
[brigade_assignment] Rehomed arbih_283rd_east_bosnian_light into truthful sector owner sector:arbih_2nd_corps:6 (reserve)
[brigade_assignment] Rehomed arbih_802nd_light into truthful sector owner sector:arbih_1st_corps:3 (front)
[brigade_assignment] Rehomed rs_11th_mrkonji_light_infantry into truthful sector owner sector:vrs_1st_krajina:1 (front)
[brigade_assignment] Rehomed arbih_802nd_light into truthful sector owner sector:arbih_1st_corps:1 (front)
[brigade_assignment] Rehomed rs_22nd_krajina_infantry into truthful sector owner sector:vrs_1st_krajina:7 (front)
[brigade_assignment] FINAL_SEAL kind=turn turn=16 unresolved=0
[brigade_assignment] Rehomed arbih_802nd_light into truthful sector owner sector:arbih_1st_corps:1 (front)
[brigade_assignment] Rehomed rs_22nd_krajina_infantry into truthful sector owner sector:vrs_1st_krajina:7 (front)
[brigade_assignment] Rehomed arbih_802nd_light into truthful sector owner sector:arbih_1st_corps:1 (front)
[brigade_assignment] Rehomed rs_22nd_krajina_infantry into truthful sector owner sector:vrs_1st_krajina:7 (front)
[brigade_assignment] FINAL_SEAL kind=turn turn=17 unresolved=0
[brigade_assignment] Rehomed rs_22nd_krajina_infantry into truthful sector owner sector:vrs_1st_krajina:7 (front)
[brigade_assignment] Rehomed arbih_801st_light into truthful sector owner sector:arbih_1st_corps:4 (front)
[brigade_assignment] Rehomed arbih_802nd_light into truthful sector owner sector:arbih_1st_corps:1 (front)
[brigade_assignment] Rehomed arbih_808th_liberation into truthful sector owner sector:arbih_1st_corps:4 (front)
[brigade_assignment] Rehomed rs_22nd_krajina_infantry into truthful sector owner sector:vrs_1st_krajina:7 (front)
[brigade_assignment] Rehomed arbih_801st_light into truthful sector owner sector:arbih_1st_corps:4 (front)
[brigade_assignment] Rehomed arbih_802nd_light into truthful sector owner sector:arbih_1st_corps:1 (front)
[brigade_assignment] Rehomed arbih_808th_liberation into truthful sector owner sector:arbih_1st_corps:4 (front)
[brigade_assignment] Rehomed rs_22nd_krajina_infantry into truthful sector owner sector:vrs_1st_krajina:7 (front)
[brigade_assignment] FINAL_SEAL kind=turn turn=18 unresolved=0
[brigade_assignment] Rehomed arbih_801st_light into truthful sector owner sector:arbih_1st_corps:4 (front)
[brigade_assignment] Rehomed arbih_802nd_light into truthful sector owner sector:arbih_1st_corps:1 (front)
[brigade_assignment] Rehomed arbih_808th_liberation into truthful sector owner sector:arbih_1st_corps:4 (front)
[brigade_assignment] Rehomed rs_22nd_krajina_infantry into truthful sector owner sector:vrs_1st_krajina:7 (front)
[brigade_assignment] Rehomed hrhb_1st_brigade_mostar into truthful sector owner sector:hvo_southeast_herzegovina:1 (front)
[brigade_assignment] Rehomed hrhb_1st_brigade_mostar into truthful sector owner sector:hvo_southeast_herzegovina:1 (front)
[brigade_assignment] FINAL_SEAL kind=turn turn=19 unresolved=0
[brigade_assignment] Rehomed hrhb_1st_brigade_mostar into truthful sector owner sector:hvo_southeast_herzegovina:1 (front)
[brigade_assignment] Rehomed hrhb_1st_brigade_mostar into truthful sector owner sector:hvo_southeast_herzegovina:1 (front)
[brigade_assignment] FINAL_SEAL kind=turn turn=20 unresolved=0
[brigade_assignment] Rehomed hrhb_1st_brigade_mostar into truthful sector owner sector:hvo_southeast_herzegovina:1 (front)
[brigade_assignment] Rehomed rs_1st_armored into truthful sector owner sector:vrs_1st_krajina:6 (territory)
[brigade_assignment] Rehomed rs_1st_novigrad_infantry into truthful sector owner sector:vrs_1st_krajina:6 (territory)
[brigade_assignment] Rehomed rs_43rd_prijedor_motorized into truthful sector owner sector:vrs_1st_krajina:6 (territory)
[brigade_assignment] Rehomed hrhb_1st_brigade_mostar into truthful sector owner sector:hvo_southeast_herzegovina:1 (front)
[brigade_assignment] Rehomed rs_1st_armored into truthful sector owner sector:vrs_1st_krajina:6 (territory)
[brigade_assignment] Rehomed rs_1st_novigrad_infantry into truthful sector owner sector:vrs_1st_krajina:6 (territory)
[brigade_assignment] Rehomed rs_43rd_prijedor_motorized into truthful sector owner sector:vrs_1st_krajina:6 (territory)
[brigade_assignment] FINAL_SEAL kind=turn turn=21 unresolved=0
[brigade_assignment] Rehomed hrhb_1st_brigade_mostar into truthful sector owner sector:hvo_southeast_herzegovina:1 (front)
[brigade_assignment] Rehomed hrhb_1st_brigade_mostar into truthful sector owner sector:hvo_southeast_herzegovina:1 (front)
[brigade_assignment] Rehomed hrhb_1st_brigade_mostar into truthful sector owner sector:hvo_southeast_herzegovina:1 (front)
[brigade_assignment] FINAL_SEAL kind=turn turn=22 unresolved=0
[brigade_assignment] Rehomed hrhb_1st_brigade_mostar into truthful sector owner sector:hvo_southeast_herzegovina:1 (front)
[brigade_assignment] Rehomed hrhb_1st_brigade_mostar into truthful sector owner sector:hvo_southeast_herzegovina:1 (front)
[brigade_assignment] FINAL_SEAL kind=turn turn=23 unresolved=0
[brigade_assignment] Rehomed hrhb_1st_brigade_mostar into truthful sector owner sector:hvo_southeast_herzegovina:1 (front)
[brigade_assignment] Rehomed rs_11th_dubica_infantry into truthful sector owner sector:vrs_1st_krajina:2 (front)
[brigade_assignment] Rehomed hrhb_1st_brigade_mostar into truthful sector owner sector:hvo_southeast_herzegovina:1 (front)
[brigade_assignment] FINAL_SEAL kind=turn turn=24 unresolved=0
[brigade_assignment] Rehomed hrhb_1st_brigade_mostar into truthful sector owner sector:hvo_southeast_herzegovina:1 (front)
[brigade_assignment] Rehomed hrhb_1st_brigade_mostar into truthful sector owner sector:hvo_southeast_herzegovina:1 (front)
[brigade_assignment] FINAL_SEAL kind=turn turn=25 unresolved=0
[brigade_assignment] Rehomed hrhb_1st_brigade_mostar into truthful sector owner sector:hvo_southeast_herzegovina:1 (front)
[brigade_assignment] Rehomed arbih_443rd_mountain into truthful sector owner sector:arbih_4th_corps:0 (reserve)
[brigade_assignment] Rehomed arbih_851st_vitezka_liberation into truthful sector owner sector:arbih_1st_corps:5 (front)
[brigade_assignment] Rehomed hrhb_1st_brigade_mostar into truthful sector owner sector:hvo_southeast_herzegovina:1 (front)
[brigade_assignment] Rehomed arbih_443rd_mountain into truthful sector owner sector:arbih_4th_corps:0 (reserve)
[brigade_assignment] Rehomed rs_1st_birac into truthful sector owner sector:vrs_drina:2 (front)
[brigade_assignment] Rehomed arbih_443rd_mountain into truthful sector owner sector:arbih_4th_corps:0 (reserve)
[brigade_assignment] Rehomed arbih_851st_vitezka_liberation into truthful sector owner sector:arbih_1st_corps:5 (front)
[brigade_assignment] Rehomed hrhb_1st_brigade_mostar into truthful sector owner sector:hvo_southeast_herzegovina:1 (front)
[brigade_assignment] Rehomed arbih_443rd_mountain into truthful sector owner sector:arbih_4th_corps:0 (reserve)
[brigade_assignment] Rehomed rs_1st_birac into truthful sector owner sector:vrs_drina:2 (front)
[brigade_assignment] FINAL_SEAL kind=turn turn=26 unresolved=0
[brigade_assignment] Rehomed arbih_443rd_mountain into truthful sector owner sector:arbih_4th_corps:0 (reserve)
[brigade_assignment] Rehomed arbih_851st_vitezka_liberation into truthful sector owner sector:arbih_1st_corps:5 (front)
[brigade_assignment] Rehomed hrhb_1st_brigade_mostar into truthful sector owner sector:hvo_southeast_herzegovina:1 (front)
[brigade_assignment] Rehomed arbih_443rd_mountain into truthful sector owner sector:arbih_4th_corps:0 (reserve)
[brigade_assignment] Rehomed rs_1st_birac into truthful sector owner sector:vrs_drina:2 (front)
[brigade_assignment] Rehomed arbih_443rd_mountain into truthful sector owner sector:arbih_4th_corps:0 (reserve)
[brigade_assignment] Rehomed arbih_851st_vitezka_liberation into truthful sector owner sector:arbih_1st_corps:5 (front)
[brigade_assignment] Rehomed hrhb_1st_brigade_mostar into truthful sector owner sector:hvo_southeast_herzegovina:1 (front)
[brigade_assignment] Rehomed arbih_443rd_mountain into truthful sector owner sector:arbih_4th_corps:0 (reserve)
[brigade_assignment] Rehomed rs_1st_birac into truthful sector owner sector:vrs_drina:2 (front)
[brigade_assignment] FINAL_SEAL kind=turn turn=27 unresolved=0
[brigade_assignment] Rehomed arbih_851st_vitezka_liberation into truthful sector owner sector:arbih_1st_corps:5 (front)
[brigade_assignment] Rehomed hrhb_1st_brigade_mostar into truthful sector owner sector:hvo_southeast_herzegovina:1 (front)
[brigade_assignment] Rehomed rs_1st_birac into truthful sector owner sector:vrs_drina:2 (front)
[brigade_assignment] Rehomed arbih_851st_vitezka_liberation into truthful sector owner sector:arbih_1st_corps:5 (front)
[brigade_assignment] Rehomed hrhb_1st_brigade_mostar into truthful sector owner sector:hvo_southeast_herzegovina:1 (front)
[brigade_assignment] Rehomed rs_2nd_posavina_light_infantry into truthful sector owner sector:vrs_east_bosnian:0 (reserve)
[brigade_assignment] Rehomed rs_1st_birac into truthful sector owner sector:vrs_drina:2 (front)
[brigade_assignment] Rehomed rs_2nd_posavina_light_infantry into truthful sector owner sector:vrs_east_bosnian:0 (reserve)
[brigade_assignment] FINAL_SEAL kind=turn turn=28 unresolved=0
[brigade_assignment] Rehomed arbih_851st_vitezka_liberation into truthful sector owner sector:arbih_1st_corps:5 (front)
[brigade_assignment] Rehomed hrhb_1st_brigade_mostar into truthful sector owner sector:hvo_southeast_herzegovina:1 (front)
[brigade_assignment] Rehomed rs_1st_birac into truthful sector owner sector:vrs_drina:2 (front)
[brigade_assignment] Rehomed arbih_851st_vitezka_liberation into truthful sector owner sector:arbih_1st_corps:5 (front)
[brigade_assignment] Rehomed hrhb_1st_brigade_mostar into truthful sector owner sector:hvo_southeast_herzegovina:1 (front)
[brigade_assignment] Rehomed rs_1st_birac into truthful sector owner sector:vrs_drina:2 (front)
[brigade_assignment] FINAL_SEAL kind=turn turn=29 unresolved=0
[brigade_assignment] Rehomed arbih_851st_vitezka_liberation into truthful sector owner sector:arbih_1st_corps:5 (front)
[brigade_assignment] Rehomed hrhb_1st_brigade_mostar into truthful sector owner sector:hvo_southeast_herzegovina:1 (front)
[brigade_assignment] Rehomed rs_1st_birac into truthful sector owner sector:vrs_drina:2 (front)
[brigade_assignment] Rehomed arbih_851st_vitezka_liberation into truthful sector owner sector:arbih_1st_corps:5 (front)
[brigade_assignment] Rehomed hrhb_1st_brigade_mostar into truthful sector owner sector:hvo_southeast_herzegovina:1 (front)
[brigade_assignment] Rehomed rs_1st_birac into truthful sector owner sector:vrs_drina:2 (front)
[brigade_assignment] FINAL_SEAL kind=turn turn=30 unresolved=0
[brigade_assignment] Rehomed arbih_851st_vitezka_liberation into truthful sector owner sector:arbih_1st_corps:5 (front)
[brigade_assignment] Rehomed hrhb_1st_brigade_mostar into truthful sector owner sector:hvo_southeast_herzegovina:1 (front)
[brigade_assignment] Rehomed rs_1st_birac into truthful sector owner sector:vrs_drina:2 (front)
[brigade_assignment] Rehomed rs_1st_prnjavor_light_infantry into truthful sector owner sector:vrs_1st_krajina:8 (reserve)
[brigade_assignment] Rehomed rs_1st_trebava_infantry into truthful sector owner sector:vrs_1st_krajina:8 (reserve)
[brigade_assignment] Rehomed rs_1st_vujak_light_infantry into truthful sector owner sector:vrs_1st_krajina:8 (reserve)
[brigade_assignment] Rehomed rs_27th_derventa_motorized into truthful sector owner sector:vrs_1st_krajina:8 (reserve)
[brigade_assignment] Rehomed arbih_851st_vitezka_liberation into truthful sector owner sector:arbih_1st_corps:5 (front)
[brigade_assignment] Rehomed hrhb_1st_brigade_mostar into truthful sector owner sector:hvo_southeast_herzegovina:1 (front)
[brigade_assignment] Rehomed rs_1st_prnjavor_light_infantry into truthful sector owner sector:vrs_1st_krajina:9 (reserve)
[brigade_assignment] Rehomed rs_1st_trebava_infantry into truthful sector owner sector:vrs_1st_krajina:9 (reserve)
[brigade_assignment] Rehomed rs_1st_vujak_light_infantry into truthful sector owner sector:vrs_1st_krajina:9 (reserve)
[brigade_assignment] Rehomed rs_27th_derventa_motorized into truthful sector owner sector:vrs_1st_krajina:9 (reserve)
[brigade_assignment] Rehomed rs_1st_birac into truthful sector owner sector:vrs_drina:2 (front)
[brigade_assignment] Rehomed rs_1st_prnjavor_light_infantry into truthful sector owner sector:vrs_1st_krajina:9 (reserve)
[brigade_assignment] Rehomed rs_1st_trebava_infantry into truthful sector owner sector:vrs_1st_krajina:9 (reserve)
[brigade_assignment] Rehomed rs_1st_vujak_light_infantry into truthful sector owner sector:vrs_1st_krajina:9 (reserve)
[brigade_assignment] Rehomed rs_27th_derventa_motorized into truthful sector owner sector:vrs_1st_krajina:9 (reserve)
[brigade_assignment] FINAL_SEAL kind=turn turn=31 unresolved=0
[brigade_assignment] Rehomed rs_1st_prnjavor_light_infantry into truthful sector owner sector:vrs_1st_krajina:8 (reserve)
[brigade_assignment] Rehomed rs_1st_trebava_infantry into truthful sector owner sector:vrs_1st_krajina:8 (reserve)
[brigade_assignment] Rehomed rs_1st_vujak_light_infantry into truthful sector owner sector:vrs_1st_krajina:8 (reserve)
[brigade_assignment] Rehomed rs_27th_derventa_motorized into truthful sector owner sector:vrs_1st_krajina:8 (reserve)
[brigade_assignment] Rehomed arbih_851st_vitezka_liberation into truthful sector owner sector:arbih_1st_corps:5 (front)
[brigade_assignment] Rehomed hrhb_1st_brigade_mostar into truthful sector owner sector:hvo_southeast_herzegovina:1 (front)
[brigade_assignment] Rehomed rs_1st_prnjavor_light_infantry into truthful sector owner sector:vrs_1st_krajina:9 (reserve)
[brigade_assignment] Rehomed rs_1st_trebava_infantry into truthful sector owner sector:vrs_1st_krajina:9 (reserve)
[brigade_assignment] Rehomed rs_1st_vujak_light_infantry into truthful sector owner sector:vrs_1st_krajina:9 (reserve)
[brigade_assignment] Rehomed rs_27th_derventa_motorized into truthful sector owner sector:vrs_1st_krajina:9 (reserve)
[brigade_assignment] Rehomed rs_1st_birac into truthful sector owner sector:vrs_drina:2 (front)
[brigade_assignment] Rehomed rs_1st_prnjavor_light_infantry into truthful sector owner sector:vrs_1st_krajina:9 (reserve)
[brigade_assignment] Rehomed rs_1st_trebava_infantry into truthful sector owner sector:vrs_1st_krajina:9 (reserve)
[brigade_assignment] Rehomed rs_1st_vujak_light_infantry into truthful sector owner sector:vrs_1st_krajina:9 (reserve)
[brigade_assignment] Rehomed rs_27th_derventa_motorized into truthful sector owner sector:vrs_1st_krajina:9 (reserve)
[brigade_assignment] Rehomed rs_1st_prnjavor_light_infantry into truthful sector owner sector:vrs_1st_krajina:8 (reserve)
[brigade_assignment] Rehomed rs_1st_trebava_infantry into truthful sector owner sector:vrs_1st_krajina:8 (reserve)
[brigade_assignment] Rehomed rs_1st_vujak_light_infantry into truthful sector owner sector:vrs_1st_krajina:8 (reserve)
[brigade_assignment] Rehomed rs_27th_derventa_motorized into truthful sector owner sector:vrs_1st_krajina:8 (reserve)
[brigade_assignment] Rehomed arbih_851st_vitezka_liberation into truthful sector owner sector:arbih_1st_corps:5 (front)
[brigade_assignment] Rehomed hrhb_1st_brigade_mostar into truthful sector owner sector:hvo_southeast_herzegovina:1 (front)
[brigade_assignment] Rehomed rs_1st_prnjavor_light_infantry into truthful sector owner sector:vrs_1st_krajina:9 (reserve)
[brigade_assignment] Rehomed rs_1st_trebava_infantry into truthful sector owner sector:vrs_1st_krajina:9 (reserve)
[brigade_assignment] Rehomed rs_1st_vujak_light_infantry into truthful sector owner sector:vrs_1st_krajina:9 (reserve)
[brigade_assignment] Rehomed rs_27th_derventa_motorized into truthful sector owner sector:vrs_1st_krajina:9 (reserve)
[brigade_assignment] Rehomed rs_1st_birac into truthful sector owner sector:vrs_drina:2 (front)
[brigade_assignment] Rehomed rs_1st_prnjavor_light_infantry into truthful sector owner sector:vrs_1st_krajina:9 (reserve)
[brigade_assignment] Rehomed rs_1st_trebava_infantry into truthful sector owner sector:vrs_1st_krajina:9 (reserve)
[brigade_assignment] Rehomed rs_1st_vujak_light_infantry into truthful sector owner sector:vrs_1st_krajina:9 (reserve)
[brigade_assignment] Rehomed rs_27th_derventa_motorized into truthful sector owner sector:vrs_1st_krajina:9 (reserve)
[brigade_assignment] FINAL_SEAL kind=turn turn=32 unresolved=0
[brigade_assignment] Rehomed rs_1st_prnjavor_light_infantry into truthful sector owner sector:vrs_1st_krajina:8 (reserve)
[brigade_assignment] Rehomed rs_1st_trebava_infantry into truthful sector owner sector:vrs_1st_krajina:8 (reserve)
[brigade_assignment] Rehomed rs_1st_vujak_light_infantry into truthful sector owner sector:vrs_1st_krajina:8 (reserve)
[brigade_assignment] Rehomed rs_27th_derventa_motorized into truthful sector owner sector:vrs_1st_krajina:8 (reserve)
[brigade_assignment] Rehomed arbih_851st_vitezka_liberation into truthful sector owner sector:arbih_1st_corps:5 (front)
[brigade_assignment] Rehomed hrhb_1st_brigade_mostar into truthful sector owner sector:hvo_southeast_herzegovina:1 (front)
[brigade_assignment] Rehomed rs_1st_prnjavor_light_infantry into truthful sector owner sector:vrs_1st_krajina:9 (reserve)
[brigade_assignment] Rehomed rs_1st_trebava_infantry into truthful sector owner sector:vrs_1st_krajina:9 (reserve)
[brigade_assignment] Rehomed rs_1st_vujak_light_infantry into truthful sector owner sector:vrs_1st_krajina:9 (reserve)
[brigade_assignment] Rehomed rs_27th_derventa_motorized into truthful sector owner sector:vrs_1st_krajina:9 (reserve)
[brigade_assignment] Rehomed rs_1st_birac into truthful sector owner sector:vrs_drina:2 (front)
[brigade_assignment] Rehomed rs_1st_prnjavor_light_infantry into truthful sector owner sector:vrs_1st_krajina:9 (reserve)
[brigade_assignment] Rehomed rs_1st_trebava_infantry into truthful sector owner sector:vrs_1st_krajina:9 (reserve)
[brigade_assignment] Rehomed rs_1st_vujak_light_infantry into truthful sector owner sector:vrs_1st_krajina:9 (reserve)
[brigade_assignment] Rehomed rs_27th_derventa_motorized into truthful sector owner sector:vrs_1st_krajina:9 (reserve)
[brigade_assignment] Rehomed rs_1st_prnjavor_light_infantry into truthful sector owner sector:vrs_1st_krajina:6 (reserve)
[brigade_assignment] Rehomed rs_1st_trebava_infantry into truthful sector owner sector:vrs_1st_krajina:6 (reserve)
[brigade_assignment] Rehomed rs_1st_vujak_light_infantry into truthful sector owner sector:vrs_1st_krajina:6 (reserve)
[brigade_assignment] Rehomed rs_27th_derventa_motorized into truthful sector owner sector:vrs_1st_krajina:6 (reserve)
[brigade_assignment] Rehomed arbih_851st_vitezka_liberation into truthful sector owner sector:arbih_1st_corps:5 (front)
[brigade_assignment] Rehomed hrhb_1st_brigade_mostar into truthful sector owner sector:hvo_southeast_herzegovina:1 (front)
[brigade_assignment] Rehomed rs_1st_prnjavor_light_infantry into truthful sector owner sector:vrs_1st_krajina:6 (reserve)
[brigade_assignment] Rehomed rs_1st_trebava_infantry into truthful sector owner sector:vrs_1st_krajina:6 (reserve)
[brigade_assignment] Rehomed rs_1st_vujak_light_infantry into truthful sector owner sector:vrs_1st_krajina:6 (reserve)
[brigade_assignment] Rehomed rs_27th_derventa_motorized into truthful sector owner sector:vrs_1st_krajina:6 (reserve)
[brigade_assignment] Rehomed rs_1st_birac into truthful sector owner sector:vrs_drina:2 (front)
[brigade_assignment] Rehomed rs_1st_prnjavor_light_infantry into truthful sector owner sector:vrs_1st_krajina:8 (reserve)
[brigade_assignment] Rehomed rs_1st_trebava_infantry into truthful sector owner sector:vrs_1st_krajina:8 (reserve)
[brigade_assignment] Rehomed rs_1st_vujak_light_infantry into truthful sector owner sector:vrs_1st_krajina:8 (reserve)
[brigade_assignment] Rehomed rs_27th_derventa_motorized into truthful sector owner sector:vrs_1st_krajina:8 (reserve)
[brigade_assignment] FINAL_SEAL kind=turn turn=33 unresolved=0
[brigade_assignment] Rehomed rs_1st_prnjavor_light_infantry into truthful sector owner sector:vrs_1st_krajina:6 (reserve)
[brigade_assignment] Rehomed rs_1st_trebava_infantry into truthful sector owner sector:vrs_1st_krajina:6 (reserve)
[brigade_assignment] Rehomed rs_1st_vujak_light_infantry into truthful sector owner sector:vrs_1st_krajina:6 (reserve)
[brigade_assignment] Rehomed rs_27th_derventa_motorized into truthful sector owner sector:vrs_1st_krajina:6 (reserve)
[brigade_assignment] Rehomed arbih_851st_vitezka_liberation into truthful sector owner sector:arbih_1st_corps:5 (front)
[brigade_assignment] Rehomed hrhb_1st_brigade_mostar into truthful sector owner sector:hvo_southeast_herzegovina:1 (front)
[brigade_assignment] Rehomed rs_1st_prnjavor_light_infantry into truthful sector owner sector:vrs_1st_krajina:6 (reserve)
[brigade_assignment] Rehomed rs_1st_trebava_infantry into truthful sector owner sector:vrs_1st_krajina:6 (reserve)
[brigade_assignment] Rehomed rs_1st_vujak_light_infantry into truthful sector owner sector:vrs_1st_krajina:6 (reserve)
[brigade_assignment] Rehomed rs_27th_derventa_motorized into truthful sector owner sector:vrs_1st_krajina:6 (reserve)
[brigade_assignment] Rehomed rs_1st_birac into truthful sector owner sector:vrs_drina:2 (front)
[brigade_assignment] Rehomed rs_1st_prnjavor_light_infantry into truthful sector owner sector:vrs_1st_krajina:8 (reserve)
[brigade_assignment] Rehomed rs_1st_trebava_infantry into truthful sector owner sector:vrs_1st_krajina:8 (reserve)
[brigade_assignment] Rehomed rs_1st_vujak_light_infantry into truthful sector owner sector:vrs_1st_krajina:8 (reserve)
[brigade_assignment] Rehomed rs_27th_derventa_motorized into truthful sector owner sector:vrs_1st_krajina:8 (reserve)
[brigade_assignment] Rehomed rs_1st_prnjavor_light_infantry into truthful sector owner sector:vrs_1st_krajina:5 (reserve)
[brigade_assignment] Rehomed rs_1st_trebava_infantry into truthful sector owner sector:vrs_1st_krajina:5 (reserve)
[brigade_assignment] Rehomed rs_1st_vujak_light_infantry into truthful sector owner sector:vrs_1st_krajina:5 (reserve)
[brigade_assignment] Rehomed rs_27th_derventa_motorized into truthful sector owner sector:vrs_1st_krajina:5 (reserve)
[brigade_assignment] Rehomed arbih_851st_vitezka_liberation into truthful sector owner sector:arbih_1st_corps:5 (front)
[brigade_assignment] Rehomed hrhb_1st_brigade_mostar into truthful sector owner sector:hvo_southeast_herzegovina:1 (front)
[brigade_assignment] Rehomed rs_1st_prnjavor_light_infantry into truthful sector owner sector:vrs_1st_krajina:5 (reserve)
[brigade_assignment] Rehomed rs_1st_trebava_infantry into truthful sector owner sector:vrs_1st_krajina:5 (reserve)
[brigade_assignment] Rehomed rs_1st_vujak_light_infantry into truthful sector owner sector:vrs_1st_krajina:5 (reserve)
[brigade_assignment] Rehomed rs_27th_derventa_motorized into truthful sector owner sector:vrs_1st_krajina:5 (reserve)
[brigade_assignment] Rehomed rs_1st_birac into truthful sector owner sector:vrs_drina:2 (front)
[brigade_assignment] Rehomed rs_1st_prnjavor_light_infantry into truthful sector owner sector:vrs_1st_krajina:7 (reserve)
[brigade_assignment] Rehomed rs_1st_trebava_infantry into truthful sector owner sector:vrs_1st_krajina:7 (reserve)
[brigade_assignment] Rehomed rs_1st_vujak_light_infantry into truthful sector owner sector:vrs_1st_krajina:7 (reserve)
[brigade_assignment] Rehomed rs_27th_derventa_motorized into truthful sector owner sector:vrs_1st_krajina:7 (reserve)
[brigade_assignment] FINAL_SEAL kind=turn turn=34 unresolved=0
[brigade_assignment] Rehomed rs_1st_prnjavor_light_infantry into truthful sector owner sector:vrs_1st_krajina:5 (reserve)
[brigade_assignment] Rehomed rs_1st_trebava_infantry into truthful sector owner sector:vrs_1st_krajina:5 (reserve)
[brigade_assignment] Rehomed rs_1st_vujak_light_infantry into truthful sector owner sector:vrs_1st_krajina:5 (reserve)
[brigade_assignment] Rehomed rs_27th_derventa_motorized into truthful sector owner sector:vrs_1st_krajina:5 (reserve)
[brigade_assignment] Rehomed arbih_851st_vitezka_liberation into truthful sector owner sector:arbih_1st_corps:5 (front)
[brigade_assignment] Rehomed hrhb_1st_brigade_mostar into truthful sector owner sector:hvo_southeast_herzegovina:1 (front)
[brigade_assignment] Rehomed rs_1st_prnjavor_light_infantry into truthful sector owner sector:vrs_1st_krajina:5 (reserve)
[brigade_assignment] Rehomed rs_1st_trebava_infantry into truthful sector owner sector:vrs_1st_krajina:5 (reserve)
[brigade_assignment] Rehomed rs_1st_vujak_light_infantry into truthful sector owner sector:vrs_1st_krajina:5 (reserve)
[brigade_assignment] Rehomed rs_27th_derventa_motorized into truthful sector owner sector:vrs_1st_krajina:5 (reserve)
[brigade_assignment] Rehomed rs_1st_birac into truthful sector owner sector:vrs_drina:2 (front)
[brigade_assignment] Rehomed rs_1st_prnjavor_light_infantry into truthful sector owner sector:vrs_1st_krajina:7 (reserve)
[brigade_assignment] Rehomed rs_1st_trebava_infantry into truthful sector owner sector:vrs_1st_krajina:7 (reserve)
[brigade_assignment] Rehomed rs_1st_vujak_light_infantry into truthful sector owner sector:vrs_1st_krajina:7 (reserve)
[brigade_assignment] Rehomed rs_27th_derventa_motorized into truthful sector owner sector:vrs_1st_krajina:7 (reserve)
[brigade_assignment] Rehomed rs_1st_prnjavor_light_infantry into truthful sector owner sector:vrs_1st_krajina:4 (reserve)
[brigade_assignment] Rehomed rs_1st_trebava_infantry into truthful sector owner sector:vrs_1st_krajina:4 (reserve)
[brigade_assignment] Rehomed rs_1st_vujak_light_infantry into truthful sector owner sector:vrs_1st_krajina:4 (reserve)
[brigade_assignment] Rehomed rs_27th_derventa_motorized into truthful sector owner sector:vrs_1st_krajina:4 (reserve)
[brigade_assignment] Rehomed arbih_851st_vitezka_liberation into truthful sector owner sector:arbih_1st_corps:5 (front)
[brigade_assignment] Rehomed hrhb_1st_brigade_mostar into truthful sector owner sector:hvo_southeast_herzegovina:1 (front)
[brigade_assignment] Rehomed rs_1st_prnjavor_light_infantry into truthful sector owner sector:vrs_1st_krajina:4 (reserve)
[brigade_assignment] Rehomed rs_1st_trebava_infantry into truthful sector owner sector:vrs_1st_krajina:4 (reserve)
[brigade_assignment] Rehomed rs_1st_vujak_light_infantry into truthful sector owner sector:vrs_1st_krajina:4 (reserve)
[brigade_assignment] Rehomed rs_27th_derventa_motorized into truthful sector owner sector:vrs_1st_krajina:4 (reserve)
[brigade_assignment] Rehomed rs_1st_birac into truthful sector owner sector:vrs_drina:2 (front)
[brigade_assignment] Rehomed rs_1st_prnjavor_light_infantry into truthful sector owner sector:vrs_1st_krajina:6 (reserve)
[brigade_assignment] Rehomed rs_1st_trebava_infantry into truthful sector owner sector:vrs_1st_krajina:6 (reserve)
[brigade_assignment] Rehomed rs_1st_vujak_light_infantry into truthful sector owner sector:vrs_1st_krajina:6 (reserve)
[brigade_assignment] Rehomed rs_27th_derventa_motorized into truthful sector owner sector:vrs_1st_krajina:6 (reserve)
[brigade_assignment] FINAL_SEAL kind=turn turn=35 unresolved=0
[brigade_assignment] Rehomed rs_1st_prnjavor_light_infantry into truthful sector owner sector:vrs_1st_krajina:4 (reserve)
[brigade_assignment] Rehomed rs_1st_trebava_infantry into truthful sector owner sector:vrs_1st_krajina:4 (reserve)
[brigade_assignment] Rehomed rs_1st_vujak_light_infantry into truthful sector owner sector:vrs_1st_krajina:4 (reserve)
[brigade_assignment] Rehomed rs_27th_derventa_motorized into truthful sector owner sector:vrs_1st_krajina:4 (reserve)
[brigade_assignment] Rehomed arbih_851st_vitezka_liberation into truthful sector owner sector:arbih_1st_corps:5 (front)
[brigade_assignment] Rehomed hrhb_1st_brigade_mostar into truthful sector owner sector:hvo_southeast_herzegovina:1 (front)
[brigade_assignment] Rehomed rs_1st_prnjavor_light_infantry into truthful sector owner sector:vrs_1st_krajina:4 (reserve)
[brigade_assignment] Rehomed rs_1st_trebava_infantry into truthful sector owner sector:vrs_1st_krajina:4 (reserve)
[brigade_assignment] Rehomed rs_1st_vujak_light_infantry into truthful sector owner sector:vrs_1st_krajina:4 (reserve)
[brigade_assignment] Rehomed rs_27th_derventa_motorized into truthful sector owner sector:vrs_1st_krajina:4 (reserve)
[brigade_assignment] Rehomed rs_1st_birac into truthful sector owner sector:vrs_drina:2 (front)
[brigade_assignment] Rehomed rs_1st_prnjavor_light_infantry into truthful sector owner sector:vrs_1st_krajina:6 (reserve)
[brigade_assignment] Rehomed rs_1st_trebava_infantry into truthful sector owner sector:vrs_1st_krajina:6 (reserve)
[brigade_assignment] Rehomed rs_1st_vujak_light_infantry into truthful sector owner sector:vrs_1st_krajina:6 (reserve)
[brigade_assignment] Rehomed rs_27th_derventa_motorized into truthful sector owner sector:vrs_1st_krajina:6 (reserve)
[brigade_assignment] Rehomed rs_1st_prnjavor_light_infantry into truthful sector owner sector:vrs_1st_krajina:4 (reserve)
[brigade_assignment] Rehomed rs_1st_trebava_infantry into truthful sector owner sector:vrs_1st_krajina:4 (reserve)
[brigade_assignment] Rehomed rs_1st_vujak_light_infantry into truthful sector owner sector:vrs_1st_krajina:4 (reserve)
[brigade_assignment] Rehomed rs_27th_derventa_motorized into truthful sector owner sector:vrs_1st_krajina:4 (reserve)
[brigade_assignment] Rehomed arbih_851st_vitezka_liberation into truthful sector owner sector:arbih_1st_corps:5 (front)
[brigade_assignment] Rehomed hrhb_1st_brigade_mostar into truthful sector owner sector:hvo_southeast_herzegovina:1 (front)
[brigade_assignment] Rehomed rs_1st_prnjavor_light_infantry into truthful sector owner sector:vrs_1st_krajina:4 (reserve)
[brigade_assignment] Rehomed rs_1st_trebava_infantry into truthful sector owner sector:vrs_1st_krajina:4 (reserve)
[brigade_assignment] Rehomed rs_1st_vujak_light_infantry into truthful sector owner sector:vrs_1st_krajina:4 (reserve)
[brigade_assignment] Rehomed rs_27th_derventa_motorized into truthful sector owner sector:vrs_1st_krajina:4 (reserve)
[brigade_assignment] Rehomed rs_1st_birac into truthful sector owner sector:vrs_drina:2 (front)
[brigade_assignment] Rehomed rs_1st_prnjavor_light_infantry into truthful sector owner sector:vrs_1st_krajina:6 (reserve)
[brigade_assignment] Rehomed rs_1st_trebava_infantry into truthful sector owner sector:vrs_1st_krajina:6 (reserve)
[brigade_assignment] Rehomed rs_1st_vujak_light_infantry into truthful sector owner sector:vrs_1st_krajina:6 (reserve)
[brigade_assignment] Rehomed rs_27th_derventa_motorized into truthful sector owner sector:vrs_1st_krajina:6 (reserve)
[brigade_assignment] FINAL_SEAL kind=turn turn=36 unresolved=0
[brigade_assignment] Rehomed rs_1st_prnjavor_light_infantry into truthful sector owner sector:vrs_1st_krajina:4 (reserve)
[brigade_assignment] Rehomed rs_1st_trebava_infantry into truthful sector owner sector:vrs_1st_krajina:4 (reserve)
[brigade_assignment] Rehomed rs_1st_vujak_light_infantry into truthful sector owner sector:vrs_1st_krajina:4 (reserve)
[brigade_assignment] Rehomed rs_27th_derventa_motorized into truthful sector owner sector:vrs_1st_krajina:4 (reserve)
[brigade_assignment] Rehomed arbih_851st_vitezka_liberation into truthful sector owner sector:arbih_1st_corps:5 (front)
[brigade_assignment] Rehomed hrhb_1st_brigade_mostar into truthful sector owner sector:hvo_southeast_herzegovina:1 (front)
[brigade_assignment] Rehomed rs_1st_prnjavor_light_infantry into truthful sector owner sector:vrs_1st_krajina:4 (reserve)
[brigade_assignment] Rehomed rs_1st_trebava_infantry into truthful sector owner sector:vrs_1st_krajina:4 (reserve)
[brigade_assignment] Rehomed rs_1st_vujak_light_infantry into truthful sector owner sector:vrs_1st_krajina:4 (reserve)
[brigade_assignment] Rehomed rs_27th_derventa_motorized into truthful sector owner sector:vrs_1st_krajina:4 (reserve)
[brigade_assignment] Rehomed rs_1st_birac into truthful sector owner sector:vrs_drina:2 (front)
[brigade_assignment] Rehomed rs_1st_prnjavor_light_infantry into truthful sector owner sector:vrs_1st_krajina:6 (reserve)
[brigade_assignment] Rehomed rs_1st_trebava_infantry into truthful sector owner sector:vrs_1st_krajina:6 (reserve)
[brigade_assignment] Rehomed rs_1st_vujak_light_infantry into truthful sector owner sector:vrs_1st_krajina:6 (reserve)
[brigade_assignment] Rehomed rs_27th_derventa_motorized into truthful sector owner sector:vrs_1st_krajina:6 (reserve)
[brigade_assignment] Rehomed rs_1st_prnjavor_light_infantry into truthful sector owner sector:vrs_1st_krajina:4 (reserve)
[brigade_assignment] Rehomed rs_1st_trebava_infantry into truthful sector owner sector:vrs_1st_krajina:4 (reserve)
[brigade_assignment] Rehomed rs_1st_vujak_light_infantry into truthful sector owner sector:vrs_1st_krajina:4 (reserve)
[brigade_assignment] Rehomed rs_27th_derventa_motorized into truthful sector owner sector:vrs_1st_krajina:4 (reserve)
[brigade_assignment] Rehomed arbih_851st_vitezka_liberation into truthful sector owner sector:arbih_1st_corps:5 (front)
[brigade_assignment] Rehomed hrhb_1st_brigade_mostar into truthful sector owner sector:hvo_southeast_herzegovina:1 (front)
[brigade_assignment] Rehomed rs_1st_prnjavor_light_infantry into truthful sector owner sector:vrs_1st_krajina:4 (reserve)
[brigade_assignment] Rehomed rs_1st_trebava_infantry into truthful sector owner sector:vrs_1st_krajina:4 (reserve)
[brigade_assignment] Rehomed rs_1st_vujak_light_infantry into truthful sector owner sector:vrs_1st_krajina:4 (reserve)
[brigade_assignment] Rehomed rs_27th_derventa_motorized into truthful sector owner sector:vrs_1st_krajina:4 (reserve)
[brigade_assignment] Rehomed rs_1st_birac into truthful sector owner sector:vrs_drina:2 (front)
[brigade_assignment] Rehomed rs_1st_prnjavor_light_infantry into truthful sector owner sector:vrs_1st_krajina:6 (reserve)
[brigade_assignment] Rehomed rs_1st_trebava_infantry into truthful sector owner sector:vrs_1st_krajina:6 (reserve)
[brigade_assignment] Rehomed rs_1st_vujak_light_infantry into truthful sector owner sector:vrs_1st_krajina:6 (reserve)
[brigade_assignment] Rehomed rs_27th_derventa_motorized into truthful sector owner sector:vrs_1st_krajina:6 (reserve)
[brigade_assignment] FINAL_SEAL kind=turn turn=37 unresolved=0
[brigade_assignment] Rehomed rs_1st_prnjavor_light_infantry into truthful sector owner sector:vrs_1st_krajina:4 (reserve)
[brigade_assignment] Rehomed rs_1st_trebava_infantry into truthful sector owner sector:vrs_1st_krajina:4 (reserve)
[brigade_assignment] Rehomed rs_1st_vujak_light_infantry into truthful sector owner sector:vrs_1st_krajina:4 (reserve)
[brigade_assignment] Rehomed rs_27th_derventa_motorized into truthful sector owner sector:vrs_1st_krajina:4 (reserve)
[brigade_assignment] Rehomed arbih_851st_vitezka_liberation into truthful sector owner sector:arbih_1st_corps:5 (front)
[brigade_assignment] Rehomed hrhb_1st_brigade_mostar into truthful sector owner sector:hvo_southeast_herzegovina:1 (front)
[brigade_assignment] Rehomed rs_1st_prnjavor_light_infantry into truthful sector owner sector:vrs_1st_krajina:4 (reserve)
[brigade_assignment] Rehomed rs_1st_trebava_infantry into truthful sector owner sector:vrs_1st_krajina:4 (reserve)
[brigade_assignment] Rehomed rs_1st_vujak_light_infantry into truthful sector owner sector:vrs_1st_krajina:4 (reserve)
[brigade_assignment] Rehomed rs_27th_derventa_motorized into truthful sector owner sector:vrs_1st_krajina:4 (reserve)
[brigade_assignment] Rehomed rs_1st_birac into truthful sector owner sector:vrs_drina:2 (front)
[brigade_assignment] Rehomed rs_1st_prnjavor_light_infantry into truthful sector owner sector:vrs_1st_krajina:6 (reserve)
[brigade_assignment] Rehomed rs_1st_trebava_infantry into truthful sector owner sector:vrs_1st_krajina:6 (reserve)
[brigade_assignment] Rehomed rs_1st_vujak_light_infantry into truthful sector owner sector:vrs_1st_krajina:6 (reserve)
[brigade_assignment] Rehomed rs_27th_derventa_motorized into truthful sector owner sector:vrs_1st_krajina:6 (reserve)
[brigade_assignment] Rehomed rs_1st_prnjavor_light_infantry into truthful sector owner sector:vrs_1st_krajina:4 (reserve)
[brigade_assignment] Rehomed rs_1st_trebava_infantry into truthful sector owner sector:vrs_1st_krajina:4 (reserve)
[brigade_assignment] Rehomed rs_1st_vujak_light_infantry into truthful sector owner sector:vrs_1st_krajina:4 (reserve)
[brigade_assignment] Rehomed rs_27th_derventa_motorized into truthful sector owner sector:vrs_1st_krajina:4 (reserve)
[brigade_assignment] Rehomed arbih_851st_vitezka_liberation into truthful sector owner sector:arbih_1st_corps:5 (front)
[brigade_assignment] Rehomed hrhb_1st_brigade_mostar into truthful sector owner sector:hvo_southeast_herzegovina:1 (front)
[brigade_assignment] Rehomed rs_1st_prnjavor_light_infantry into truthful sector owner sector:vrs_1st_krajina:4 (reserve)
[brigade_assignment] Rehomed rs_1st_trebava_infantry into truthful sector owner sector:vrs_1st_krajina:4 (reserve)
[brigade_assignment] Rehomed rs_1st_vujak_light_infantry into truthful sector owner sector:vrs_1st_krajina:4 (reserve)
[brigade_assignment] Rehomed rs_27th_derventa_motorized into truthful sector owner sector:vrs_1st_krajina:4 (reserve)
[brigade_assignment] Rehomed rs_1st_birac into truthful sector owner sector:vrs_drina:2 (front)
[brigade_assignment] Rehomed rs_1st_prnjavor_light_infantry into truthful sector owner sector:vrs_1st_krajina:6 (reserve)
[brigade_assignment] Rehomed rs_1st_trebava_infantry into truthful sector owner sector:vrs_1st_krajina:6 (reserve)
[brigade_assignment] Rehomed rs_1st_vujak_light_infantry into truthful sector owner sector:vrs_1st_krajina:6 (reserve)
[brigade_assignment] Rehomed rs_27th_derventa_motorized into truthful sector owner sector:vrs_1st_krajina:6 (reserve)
[brigade_assignment] FINAL_SEAL kind=turn turn=38 unresolved=0
[brigade_assignment] Rehomed rs_1st_prnjavor_light_infantry into truthful sector owner sector:vrs_1st_krajina:4 (reserve)
[brigade_assignment] Rehomed rs_1st_trebava_infantry into truthful sector owner sector:vrs_1st_krajina:4 (reserve)
[brigade_assignment] Rehomed rs_1st_vujak_light_infantry into truthful sector owner sector:vrs_1st_krajina:4 (reserve)
[brigade_assignment] Rehomed rs_27th_derventa_motorized into truthful sector owner sector:vrs_1st_krajina:4 (reserve)
[brigade_assignment] Rehomed arbih_851st_vitezka_liberation into truthful sector owner sector:arbih_1st_corps:5 (front)
[brigade_assignment] Rehomed hrhb_1st_brigade_mostar into truthful sector owner sector:hvo_southeast_herzegovina:1 (front)
[brigade_assignment] Rehomed rs_1st_prnjavor_light_infantry into truthful sector owner sector:vrs_1st_krajina:4 (reserve)
[brigade_assignment] Rehomed rs_1st_trebava_infantry into truthful sector owner sector:vrs_1st_krajina:4 (reserve)
[brigade_assignment] Rehomed rs_1st_vujak_light_infantry into truthful sector owner sector:vrs_1st_krajina:4 (reserve)
[brigade_assignment] Rehomed rs_27th_derventa_motorized into truthful sector owner sector:vrs_1st_krajina:4 (reserve)
[brigade_assignment] Rehomed rs_1st_birac into truthful sector owner sector:vrs_drina:2 (front)
[brigade_assignment] Rehomed rs_1st_prnjavor_light_infantry into truthful sector owner sector:vrs_1st_krajina:6 (reserve)
[brigade_assignment] Rehomed rs_1st_trebava_infantry into truthful sector owner sector:vrs_1st_krajina:6 (reserve)
[brigade_assignment] Rehomed rs_1st_vujak_light_infantry into truthful sector owner sector:vrs_1st_krajina:6 (reserve)
[brigade_assignment] Rehomed rs_27th_derventa_motorized into truthful sector owner sector:vrs_1st_krajina:6 (reserve)
[op-validation] 1 issue(s) at injection: 0 error(s), 1 warning(s)
  [WARN] Operation Bosanski Novi: all_objectives_owned — Queued operation skipped because all 3 objective(s) are already controlled by RS
[brigade_assignment] Rehomed rs_1st_prnjavor_light_infantry into truthful sector owner sector:vrs_1st_krajina:3 (reserve)
[brigade_assignment] Rehomed rs_1st_trebava_infantry into truthful sector owner sector:vrs_1st_krajina:3 (reserve)
[brigade_assignment] Rehomed rs_1st_vujak_light_infantry into truthful sector owner sector:vrs_1st_krajina:3 (reserve)
[brigade_assignment] Rehomed rs_27th_derventa_motorized into truthful sector owner sector:vrs_1st_krajina:3 (reserve)
[brigade_assignment] Rehomed arbih_851st_vitezka_liberation into truthful sector owner sector:arbih_1st_corps:5 (front)
[brigade_assignment] Rehomed hrhb_1st_brigade_mostar into truthful sector owner sector:hvo_southeast_herzegovina:1 (front)
[brigade_assignment] Rehomed rs_1st_prnjavor_light_infantry into truthful sector owner sector:vrs_1st_krajina:3 (reserve)
[brigade_assignment] Rehomed rs_1st_trebava_infantry into truthful sector owner sector:vrs_1st_krajina:3 (reserve)
[brigade_assignment] Rehomed rs_1st_vujak_light_infantry into truthful sector owner sector:vrs_1st_krajina:3 (reserve)
[brigade_assignment] Rehomed rs_27th_derventa_motorized into truthful sector owner sector:vrs_1st_krajina:3 (reserve)
[brigade_assignment] Rehomed rs_1st_birac into truthful sector owner sector:vrs_drina:2 (front)
[brigade_assignment] Rehomed rs_1st_prnjavor_light_infantry into truthful sector owner sector:vrs_1st_krajina:5 (reserve)
[brigade_assignment] Rehomed rs_1st_trebava_infantry into truthful sector owner sector:vrs_1st_krajina:5 (reserve)
[brigade_assignment] Rehomed rs_1st_vujak_light_infantry into truthful sector owner sector:vrs_1st_krajina:5 (reserve)
[brigade_assignment] Rehomed rs_27th_derventa_motorized into truthful sector owner sector:vrs_1st_krajina:5 (reserve)
[brigade_assignment] FINAL_SEAL kind=turn turn=39 unresolved=0
[brigade_assignment] Rehomed rs_1st_prnjavor_light_infantry into truthful sector owner sector:vrs_1st_krajina:3 (reserve)
[brigade_assignment] Rehomed rs_1st_trebava_infantry into truthful sector owner sector:vrs_1st_krajina:3 (reserve)
[brigade_assignment] Rehomed rs_1st_vujak_light_infantry into truthful sector owner sector:vrs_1st_krajina:3 (reserve)
[brigade_assignment] Rehomed rs_27th_derventa_motorized into truthful sector owner sector:vrs_1st_krajina:3 (reserve)
[brigade_assignment] Rehomed arbih_851st_vitezka_liberation into truthful sector owner sector:arbih_1st_corps:5 (front)
[brigade_assignment] Rehomed hrhb_1st_brigade_mostar into truthful sector owner sector:hvo_southeast_herzegovina:1 (front)
[brigade_assignment] Rehomed rs_1st_prnjavor_light_infantry into truthful sector owner sector:vrs_1st_krajina:3 (reserve)
[brigade_assignment] Rehomed rs_1st_trebava_infantry into truthful sector owner sector:vrs_1st_krajina:3 (reserve)
[brigade_assignment] Rehomed rs_1st_vujak_light_infantry into truthful sector owner sector:vrs_1st_krajina:3 (reserve)
[brigade_assignment] Rehomed rs_27th_derventa_motorized into truthful sector owner sector:vrs_1st_krajina:3 (reserve)
[brigade_assignment] Rehomed rs_1st_birac into truthful sector owner sector:vrs_drina:2 (front)
[brigade_assignment] Rehomed rs_1st_prnjavor_light_infantry into truthful sector owner sector:vrs_1st_krajina:5 (reserve)
[brigade_assignment] Rehomed rs_1st_trebava_infantry into truthful sector owner sector:vrs_1st_krajina:5 (reserve)
[brigade_assignment] Rehomed rs_1st_vujak_light_infantry into truthful sector owner sector:vrs_1st_krajina:5 (reserve)
[brigade_assignment] Rehomed rs_27th_derventa_motorized into truthful sector owner sector:vrs_1st_krajina:5 (reserve)
[brigade_assignment] Rehomed rs_1st_prnjavor_light_infantry into truthful sector owner sector:vrs_1st_krajina:3 (reserve)
[brigade_assignment] Rehomed rs_1st_trebava_infantry into truthful sector owner sector:vrs_1st_krajina:3 (reserve)
[brigade_assignment] Rehomed rs_1st_vujak_light_infantry into truthful sector owner sector:vrs_1st_krajina:3 (reserve)
[brigade_assignment] Rehomed rs_27th_derventa_motorized into truthful sector owner sector:vrs_1st_krajina:3 (reserve)
[brigade_assignment] Rehomed arbih_851st_vitezka_liberation into truthful sector owner sector:arbih_1st_corps:5 (front)
[brigade_assignment] Rehomed hrhb_1st_brigade_mostar into truthful sector owner sector:hvo_southeast_herzegovina:1 (front)
[brigade_assignment] Rehomed rs_1st_prnjavor_light_infantry into truthful sector owner sector:vrs_1st_krajina:3 (reserve)
[brigade_assignment] Rehomed rs_1st_trebava_infantry into truthful sector owner sector:vrs_1st_krajina:3 (reserve)
[brigade_assignment] Rehomed rs_1st_vujak_light_infantry into truthful sector owner sector:vrs_1st_krajina:3 (reserve)
[brigade_assignment] Rehomed rs_27th_derventa_motorized into truthful sector owner sector:vrs_1st_krajina:3 (reserve)
[brigade_assignment] Rehomed rs_1st_prnjavor_light_infantry into truthful sector owner sector:vrs_1st_krajina:5 (reserve)
[brigade_assignment] Rehomed rs_1st_trebava_infantry into truthful sector owner sector:vrs_1st_krajina:5 (reserve)
[brigade_assignment] Rehomed rs_1st_vujak_light_infantry into truthful sector owner sector:vrs_1st_krajina:5 (reserve)
[brigade_assignment] Rehomed rs_27th_derventa_motorized into truthful sector owner sector:vrs_1st_krajina:5 (reserve)
[brigade_assignment] FINAL_SEAL kind=turn turn=40 unresolved=0
[brigade_assignment] Rehomed rs_1st_prnjavor_light_infantry into truthful sector owner sector:vrs_1st_krajina:3 (reserve)
[brigade_assignment] Rehomed rs_1st_trebava_infantry into truthful sector owner sector:vrs_1st_krajina:3 (reserve)
[brigade_assignment] Rehomed rs_1st_vujak_light_infantry into truthful sector owner sector:vrs_1st_krajina:3 (reserve)
[brigade_assignment] Rehomed rs_27th_derventa_motorized into truthful sector owner sector:vrs_1st_krajina:3 (reserve)
[brigade_assignment] Rehomed arbih_111th_vitezka_motorized into truthful sector owner sector:arbih_1st_corps:4 (front)
[brigade_assignment] Rehomed arbih_851st_vitezka_liberation into truthful sector owner sector:arbih_1st_corps:8 (front)
[brigade_assignment] Rehomed rs_1st_prnjavor_light_infantry into truthful sector owner sector:vrs_1st_krajina:3 (reserve)
[brigade_assignment] Rehomed rs_1st_trebava_infantry into truthful sector owner sector:vrs_1st_krajina:3 (reserve)
[brigade_assignment] Rehomed rs_1st_vujak_light_infantry into truthful sector owner sector:vrs_1st_krajina:3 (reserve)
[brigade_assignment] Rehomed rs_27th_derventa_motorized into truthful sector owner sector:vrs_1st_krajina:3 (reserve)
[brigade_assignment] Rehomed hrhb_vitezovi_brigade_vitez into truthful sector owner sector:hvo_central_bosnia:9 (front)
[brigade_assignment] Rehomed rs_1st_prnjavor_light_infantry into truthful sector owner sector:vrs_1st_krajina:5 (reserve)
[brigade_assignment] Rehomed rs_1st_trebava_infantry into truthful sector owner sector:vrs_1st_krajina:5 (reserve)
[brigade_assignment] Rehomed rs_1st_vujak_light_infantry into truthful sector owner sector:vrs_1st_krajina:5 (reserve)
[brigade_assignment] Rehomed rs_27th_derventa_motorized into truthful sector owner sector:vrs_1st_krajina:5 (reserve)
[brigade_assignment] Rehomed rs_1st_prnjavor_light_infantry into truthful sector owner sector:vrs_1st_krajina:3 (reserve)
[brigade_assignment] Rehomed rs_1st_trebava_infantry into truthful sector owner sector:vrs_1st_krajina:3 (reserve)
[brigade_assignment] Rehomed rs_1st_vujak_light_infantry into truthful sector owner sector:vrs_1st_krajina:3 (reserve)
[brigade_assignment] Rehomed rs_27th_derventa_motorized into truthful sector owner sector:vrs_1st_krajina:3 (reserve)
[brigade_assignment] Rehomed arbih_111th_vitezka_motorized into truthful sector owner sector:arbih_1st_corps:4 (front)
[brigade_assignment] Rehomed arbih_851st_vitezka_liberation into truthful sector owner sector:arbih_1st_corps:8 (front)
[brigade_assignment] Rehomed rs_1st_prnjavor_light_infantry into truthful sector owner sector:vrs_1st_krajina:3 (reserve)
[brigade_assignment] Rehomed rs_1st_trebava_infantry into truthful sector owner sector:vrs_1st_krajina:3 (reserve)
[brigade_assignment] Rehomed rs_1st_vujak_light_infantry into truthful sector owner sector:vrs_1st_krajina:3 (reserve)
[brigade_assignment] Rehomed rs_27th_derventa_motorized into truthful sector owner sector:vrs_1st_krajina:3 (reserve)
[brigade_assignment] Rehomed rs_1st_prnjavor_light_infantry into truthful sector owner sector:vrs_1st_krajina:5 (reserve)
[brigade_assignment] Rehomed rs_1st_trebava_infantry into truthful sector owner sector:vrs_1st_krajina:5 (reserve)
[brigade_assignment] Rehomed rs_1st_vujak_light_infantry into truthful sector owner sector:vrs_1st_krajina:5 (reserve)
[brigade_assignment] Rehomed rs_27th_derventa_motorized into truthful sector owner sector:vrs_1st_krajina:5 (reserve)
[brigade_assignment] Rehomed rs_1st_prnjavor_light_infantry into truthful sector owner sector:vrs_1st_krajina:3 (reserve)
[brigade_assignment] Rehomed rs_1st_trebava_infantry into truthful sector owner sector:vrs_1st_krajina:3 (reserve)
[brigade_assignment] Rehomed rs_1st_vujak_light_infantry into truthful sector owner sector:vrs_1st_krajina:3 (reserve)
[brigade_assignment] Rehomed rs_27th_derventa_motorized into truthful sector owner sector:vrs_1st_krajina:3 (reserve)
[brigade_assignment] Rehomed arbih_111th_vitezka_motorized into truthful sector owner sector:arbih_1st_corps:4 (front)
[brigade_assignment] Rehomed arbih_851st_vitezka_liberation into truthful sector owner sector:arbih_1st_corps:8 (front)
[brigade_assignment] Rehomed rs_1st_prnjavor_light_infantry into truthful sector owner sector:vrs_1st_krajina:3 (reserve)
[brigade_assignment] Rehomed rs_1st_trebava_infantry into truthful sector owner sector:vrs_1st_krajina:3 (reserve)
[brigade_assignment] Rehomed rs_1st_vujak_light_infantry into truthful sector owner sector:vrs_1st_krajina:3 (reserve)
[brigade_assignment] Rehomed rs_27th_derventa_motorized into truthful sector owner sector:vrs_1st_krajina:3 (reserve)
[brigade_assignment] Rehomed rs_1st_prnjavor_light_infantry into truthful sector owner sector:vrs_1st_krajina:5 (reserve)
[brigade_assignment] Rehomed rs_1st_trebava_infantry into truthful sector owner sector:vrs_1st_krajina:5 (reserve)
[brigade_assignment] Rehomed rs_1st_vujak_light_infantry into truthful sector owner sector:vrs_1st_krajina:5 (reserve)
[brigade_assignment] Rehomed rs_27th_derventa_motorized into truthful sector owner sector:vrs_1st_krajina:5 (reserve)
[brigade_assignment] FINAL_SEAL kind=turn turn=41 unresolved=0
[brigade_assignment] Rehomed rs_1st_prnjavor_light_infantry into truthful sector owner sector:vrs_1st_krajina:3 (reserve)
[brigade_assignment] Rehomed rs_1st_trebava_infantry into truthful sector owner sector:vrs_1st_krajina:3 (reserve)
[brigade_assignment] Rehomed rs_1st_vujak_light_infantry into truthful sector owner sector:vrs_1st_krajina:3 (reserve)
[brigade_assignment] Rehomed rs_27th_derventa_motorized into truthful sector owner sector:vrs_1st_krajina:3 (reserve)
[brigade_assignment] Rehomed arbih_111th_vitezka_motorized into truthful sector owner sector:arbih_1st_corps:4 (front)
[brigade_assignment] Rehomed arbih_851st_vitezka_liberation into truthful sector owner sector:arbih_1st_corps:8 (front)
[brigade_assignment] Rehomed rs_1st_prnjavor_light_infantry into truthful sector owner sector:vrs_1st_krajina:3 (reserve)
[brigade_assignment] Rehomed rs_1st_trebava_infantry into truthful sector owner sector:vrs_1st_krajina:3 (reserve)
[brigade_assignment] Rehomed rs_1st_vujak_light_infantry into truthful sector owner sector:vrs_1st_krajina:3 (reserve)
[brigade_assignment] Rehomed rs_27th_derventa_motorized into truthful sector owner sector:vrs_1st_krajina:3 (reserve)
[brigade_assignment] Rehomed rs_1st_prnjavor_light_infantry into truthful sector owner sector:vrs_1st_krajina:5 (reserve)
[brigade_assignment] Rehomed rs_1st_trebava_infantry into truthful sector owner sector:vrs_1st_krajina:5 (reserve)
[brigade_assignment] Rehomed rs_1st_vujak_light_infantry into truthful sector owner sector:vrs_1st_krajina:5 (reserve)
[brigade_assignment] Rehomed rs_27th_derventa_motorized into truthful sector owner sector:vrs_1st_krajina:5 (reserve)
[brigade_assignment] Rehomed rs_1st_prnjavor_light_infantry into truthful sector owner sector:vrs_1st_krajina:3 (reserve)
[brigade_assignment] Rehomed rs_1st_trebava_infantry into truthful sector owner sector:vrs_1st_krajina:3 (reserve)
[brigade_assignment] Rehomed rs_1st_vujak_light_infantry into truthful sector owner sector:vrs_1st_krajina:3 (reserve)
[brigade_assignment] Rehomed rs_27th_derventa_motorized into truthful sector owner sector:vrs_1st_krajina:3 (reserve)
[brigade_assignment] Rehomed arbih_111th_vitezka_motorized into truthful sector owner sector:arbih_1st_corps:4 (front)
[brigade_assignment] Rehomed arbih_851st_vitezka_liberation into truthful sector owner sector:arbih_1st_corps:8 (front)
[brigade_assignment] Rehomed rs_1st_prnjavor_light_infantry into truthful sector owner sector:vrs_1st_krajina:3 (reserve)
[brigade_assignment] Rehomed rs_1st_trebava_infantry into truthful sector owner sector:vrs_1st_krajina:3 (reserve)
[brigade_assignment] Rehomed rs_1st_vujak_light_infantry into truthful sector owner sector:vrs_1st_krajina:3 (reserve)
[brigade_assignment] Rehomed rs_27th_derventa_motorized into truthful sector owner sector:vrs_1st_krajina:3 (reserve)
[brigade_assignment] Rehomed rs_1st_prnjavor_light_infantry into truthful sector owner sector:vrs_1st_krajina:5 (reserve)
[brigade_assignment] Rehomed rs_1st_trebava_infantry into truthful sector owner sector:vrs_1st_krajina:5 (reserve)
[brigade_assignment] Rehomed rs_1st_vujak_light_infantry into truthful sector owner sector:vrs_1st_krajina:5 (reserve)
[brigade_assignment] Rehomed rs_27th_derventa_motorized into truthful sector owner sector:vrs_1st_krajina:5 (reserve)
[brigade_assignment] Rehomed rs_1st_prnjavor_light_infantry into truthful sector owner sector:vrs_1st_krajina:3 (reserve)
[brigade_assignment] Rehomed rs_1st_trebava_infantry into truthful sector owner sector:vrs_1st_krajina:3 (reserve)
[brigade_assignment] Rehomed rs_1st_vujak_light_infantry into truthful sector owner sector:vrs_1st_krajina:3 (reserve)
[brigade_assignment] Rehomed rs_27th_derventa_motorized into truthful sector owner sector:vrs_1st_krajina:3 (reserve)
[brigade_assignment] Rehomed arbih_111th_vitezka_motorized into truthful sector owner sector:arbih_1st_corps:4 (front)
[brigade_assignment] Rehomed arbih_851st_vitezka_liberation into truthful sector owner sector:arbih_1st_corps:8 (front)
[brigade_assignment] Rehomed rs_1st_prnjavor_light_infantry into truthful sector owner sector:vrs_1st_krajina:3 (reserve)
[brigade_assignment] Rehomed rs_1st_trebava_infantry into truthful sector owner sector:vrs_1st_krajina:3 (reserve)
[brigade_assignment] Rehomed rs_1st_vujak_light_infantry into truthful sector owner sector:vrs_1st_krajina:3 (reserve)
[brigade_assignment] Rehomed rs_27th_derventa_motorized into truthful sector owner sector:vrs_1st_krajina:3 (reserve)
[brigade_assignment] Rehomed rs_1st_prnjavor_light_infantry into truthful sector owner sector:vrs_1st_krajina:5 (reserve)
[brigade_assignment] Rehomed rs_1st_trebava_infantry into truthful sector owner sector:vrs_1st_krajina:5 (reserve)
[brigade_assignment] Rehomed rs_1st_vujak_light_infantry into truthful sector owner sector:vrs_1st_krajina:5 (reserve)
[brigade_assignment] Rehomed rs_27th_derventa_motorized into truthful sector owner sector:vrs_1st_krajina:5 (reserve)
[brigade_assignment] FINAL_SEAL kind=turn turn=42 unresolved=0
[brigade_assignment] Rehomed rs_1st_prnjavor_light_infantry into truthful sector owner sector:vrs_1st_krajina:4 (reserve)
[brigade_assignment] Rehomed rs_1st_trebava_infantry into truthful sector owner sector:vrs_1st_krajina:4 (reserve)
[brigade_assignment] Rehomed rs_1st_vujak_light_infantry into truthful sector owner sector:vrs_1st_krajina:4 (reserve)
[brigade_assignment] Rehomed rs_27th_derventa_motorized into truthful sector owner sector:vrs_1st_krajina:4 (reserve)
[brigade_assignment] Rehomed arbih_111th_vitezka_motorized into truthful sector owner sector:arbih_1st_corps:4 (front)
[brigade_assignment] Rehomed arbih_851st_vitezka_liberation into truthful sector owner sector:arbih_1st_corps:8 (front)
[brigade_assignment] Rehomed rs_1st_prnjavor_light_infantry into truthful sector owner sector:vrs_1st_krajina:4 (reserve)
[brigade_assignment] Rehomed rs_1st_trebava_infantry into truthful sector owner sector:vrs_1st_krajina:4 (reserve)
[brigade_assignment] Rehomed rs_1st_vujak_light_infantry into truthful sector owner sector:vrs_1st_krajina:4 (reserve)
[brigade_assignment] Rehomed rs_27th_derventa_motorized into truthful sector owner sector:vrs_1st_krajina:4 (reserve)
[brigade_assignment] Rehomed rs_1st_prnjavor_light_infantry into truthful sector owner sector:vrs_1st_krajina:6 (reserve)
[brigade_assignment] Rehomed rs_1st_trebava_infantry into truthful sector owner sector:vrs_1st_krajina:6 (reserve)
[brigade_assignment] Rehomed rs_1st_vujak_light_infantry into truthful sector owner sector:vrs_1st_krajina:6 (reserve)
[brigade_assignment] Rehomed rs_27th_derventa_motorized into truthful sector owner sector:vrs_1st_krajina:6 (reserve)
[brigade_assignment] Rehomed rs_1st_prnjavor_light_infantry into truthful sector owner sector:vrs_1st_krajina:4 (reserve)
[brigade_assignment] Rehomed rs_1st_trebava_infantry into truthful sector owner sector:vrs_1st_krajina:4 (reserve)
[brigade_assignment] Rehomed rs_1st_vujak_light_infantry into truthful sector owner sector:vrs_1st_krajina:4 (reserve)
[brigade_assignment] Rehomed rs_27th_derventa_motorized into truthful sector owner sector:vrs_1st_krajina:4 (reserve)
[brigade_assignment] Rehomed arbih_111th_vitezka_motorized into truthful sector owner sector:arbih_1st_corps:4 (front)
[brigade_assignment] Rehomed arbih_851st_vitezka_liberation into truthful sector owner sector:arbih_1st_corps:8 (front)
[brigade_assignment] Rehomed rs_1st_prnjavor_light_infantry into truthful sector owner sector:vrs_1st_krajina:4 (reserve)
[brigade_assignment] Rehomed rs_1st_trebava_infantry into truthful sector owner sector:vrs_1st_krajina:4 (reserve)
[brigade_assignment] Rehomed rs_1st_vujak_light_infantry into truthful sector owner sector:vrs_1st_krajina:4 (reserve)
[brigade_assignment] Rehomed rs_27th_derventa_motorized into truthful sector owner sector:vrs_1st_krajina:4 (reserve)
[brigade_assignment] Rehomed rs_1st_prnjavor_light_infantry into truthful sector owner sector:vrs_1st_krajina:6 (reserve)
[brigade_assignment] Rehomed rs_1st_trebava_infantry into truthful sector owner sector:vrs_1st_krajina:6 (reserve)
[brigade_assignment] Rehomed rs_1st_vujak_light_infantry into truthful sector owner sector:vrs_1st_krajina:6 (reserve)
[brigade_assignment] Rehomed rs_27th_derventa_motorized into truthful sector owner sector:vrs_1st_krajina:6 (reserve)
[brigade_assignment] Rehomed rs_1st_prnjavor_light_infantry into truthful sector owner sector:vrs_1st_krajina:4 (reserve)
[brigade_assignment] Rehomed rs_1st_trebava_infantry into truthful sector owner sector:vrs_1st_krajina:4 (reserve)
[brigade_assignment] Rehomed rs_1st_vujak_light_infantry into truthful sector owner sector:vrs_1st_krajina:4 (reserve)
[brigade_assignment] Rehomed rs_27th_derventa_motorized into truthful sector owner sector:vrs_1st_krajina:4 (reserve)
[brigade_assignment] Rehomed arbih_111th_vitezka_motorized into truthful sector owner sector:arbih_1st_corps:4 (front)
[brigade_assignment] Rehomed arbih_851st_vitezka_liberation into truthful sector owner sector:arbih_1st_corps:8 (front)
[brigade_assignment] Rehomed rs_1st_prnjavor_light_infantry into truthful sector owner sector:vrs_1st_krajina:4 (reserve)
[brigade_assignment] Rehomed rs_1st_trebava_infantry into truthful sector owner sector:vrs_1st_krajina:4 (reserve)
[brigade_assignment] Rehomed rs_1st_vujak_light_infantry into truthful sector owner sector:vrs_1st_krajina:4 (reserve)
[brigade_assignment] Rehomed rs_27th_derventa_motorized into truthful sector owner sector:vrs_1st_krajina:4 (reserve)
[brigade_assignment] Rehomed rs_1st_prnjavor_light_infantry into truthful sector owner sector:vrs_1st_krajina:6 (reserve)
[brigade_assignment] Rehomed rs_1st_trebava_infantry into truthful sector owner sector:vrs_1st_krajina:6 (reserve)
[brigade_assignment] Rehomed rs_1st_vujak_light_infantry into truthful sector owner sector:vrs_1st_krajina:6 (reserve)
[brigade_assignment] Rehomed rs_27th_derventa_motorized into truthful sector owner sector:vrs_1st_krajina:6 (reserve)
[brigade_assignment] FINAL_SEAL kind=turn turn=43 unresolved=0
[brigade_assignment] Rehomed rs_1st_prnjavor_light_infantry into truthful sector owner sector:vrs_1st_krajina:6 (reserve)
[brigade_assignment] Rehomed rs_1st_trebava_infantry into truthful sector owner sector:vrs_1st_krajina:6 (reserve)
[brigade_assignment] Rehomed rs_1st_vujak_light_infantry into truthful sector owner sector:vrs_1st_krajina:6 (reserve)
[brigade_assignment] Rehomed rs_27th_derventa_motorized into truthful sector owner sector:vrs_1st_krajina:6 (reserve)
[brigade_assignment] Rehomed arbih_111th_vitezka_motorized into truthful sector owner sector:arbih_1st_corps:4 (front)
[brigade_assignment] Rehomed arbih_851st_vitezka_liberation into truthful sector owner sector:arbih_1st_corps:8 (front)
[brigade_assignment] Rehomed rs_19th_krajina_light_infantry into truthful sector owner sector:vrs_1st_krajina:2 (front)
[brigade_assignment] Rehomed rs_1st_prnjavor_light_infantry into truthful sector owner sector:vrs_1st_krajina:6 (reserve)
[brigade_assignment] Rehomed rs_1st_trebava_infantry into truthful sector owner sector:vrs_1st_krajina:6 (reserve)
[brigade_assignment] Rehomed rs_1st_vujak_light_infantry into truthful sector owner sector:vrs_1st_krajina:6 (reserve)
[brigade_assignment] Rehomed rs_22nd_krajina_infantry into truthful sector owner sector:vrs_1st_krajina:2 (front)
[brigade_assignment] Rehomed rs_27th_derventa_motorized into truthful sector owner sector:vrs_1st_krajina:6 (reserve)
[brigade_assignment] Rehomed rs_1st_prnjavor_light_infantry into truthful sector owner sector:vrs_1st_krajina:8 (reserve)
[brigade_assignment] Rehomed rs_1st_trebava_infantry into truthful sector owner sector:vrs_1st_krajina:8 (reserve)
[brigade_assignment] Rehomed rs_1st_vujak_light_infantry into truthful sector owner sector:vrs_1st_krajina:8 (reserve)
[brigade_assignment] Rehomed rs_27th_derventa_motorized into truthful sector owner sector:vrs_1st_krajina:8 (reserve)
[brigade_assignment] Rehomed rs_1st_prnjavor_light_infantry into truthful sector owner sector:vrs_1st_krajina:6 (reserve)
[brigade_assignment] Rehomed rs_1st_trebava_infantry into truthful sector owner sector:vrs_1st_krajina:6 (reserve)
[brigade_assignment] Rehomed rs_1st_vujak_light_infantry into truthful sector owner sector:vrs_1st_krajina:6 (reserve)
[brigade_assignment] Rehomed rs_27th_derventa_motorized into truthful sector owner sector:vrs_1st_krajina:6 (reserve)
[brigade_assignment] Rehomed arbih_111th_vitezka_motorized into truthful sector owner sector:arbih_1st_corps:4 (front)
[brigade_assignment] Rehomed arbih_851st_vitezka_liberation into truthful sector owner sector:arbih_1st_corps:8 (front)
[brigade_assignment] Rehomed rs_19th_krajina_light_infantry into truthful sector owner sector:vrs_1st_krajina:2 (front)
[brigade_assignment] Rehomed rs_1st_prnjavor_light_infantry into truthful sector owner sector:vrs_1st_krajina:6 (reserve)
[brigade_assignment] Rehomed rs_1st_trebava_infantry into truthful sector owner sector:vrs_1st_krajina:6 (reserve)
[brigade_assignment] Rehomed rs_1st_vujak_light_infantry into truthful sector owner sector:vrs_1st_krajina:6 (reserve)
[brigade_assignment] Rehomed rs_22nd_krajina_infantry into truthful sector owner sector:vrs_1st_krajina:2 (front)
[brigade_assignment] Rehomed rs_27th_derventa_motorized into truthful sector owner sector:vrs_1st_krajina:6 (reserve)
[brigade_assignment] Rehomed rs_1st_prnjavor_light_infantry into truthful sector owner sector:vrs_1st_krajina:8 (reserve)
[brigade_assignment] Rehomed rs_1st_trebava_infantry into truthful sector owner sector:vrs_1st_krajina:8 (reserve)
[brigade_assignment] Rehomed rs_1st_vujak_light_infantry into truthful sector owner sector:vrs_1st_krajina:8 (reserve)
[brigade_assignment] Rehomed rs_27th_derventa_motorized into truthful sector owner sector:vrs_1st_krajina:8 (reserve)
[brigade_assignment] Rehomed rs_1st_prnjavor_light_infantry into truthful sector owner sector:vrs_1st_krajina:6 (reserve)
[brigade_assignment] Rehomed rs_1st_trebava_infantry into truthful sector owner sector:vrs_1st_krajina:6 (reserve)
[brigade_assignment] Rehomed rs_1st_vujak_light_infantry into truthful sector owner sector:vrs_1st_krajina:6 (reserve)
[brigade_assignment] Rehomed rs_27th_derventa_motorized into truthful sector owner sector:vrs_1st_krajina:6 (reserve)
[brigade_assignment] Rehomed arbih_111th_vitezka_motorized into truthful sector owner sector:arbih_1st_corps:4 (front)
[brigade_assignment] Rehomed arbih_851st_vitezka_liberation into truthful sector owner sector:arbih_1st_corps:8 (front)
[brigade_assignment] Rehomed rs_19th_krajina_light_infantry into truthful sector owner sector:vrs_1st_krajina:2 (front)
[brigade_assignment] Rehomed rs_1st_prnjavor_light_infantry into truthful sector owner sector:vrs_1st_krajina:6 (reserve)
[brigade_assignment] Rehomed rs_1st_trebava_infantry into truthful sector owner sector:vrs_1st_krajina:6 (reserve)
[brigade_assignment] Rehomed rs_1st_vujak_light_infantry into truthful sector owner sector:vrs_1st_krajina:6 (reserve)
[brigade_assignment] Rehomed rs_22nd_krajina_infantry into truthful sector owner sector:vrs_1st_krajina:2 (front)
[brigade_assignment] Rehomed rs_27th_derventa_motorized into truthful sector owner sector:vrs_1st_krajina:6 (reserve)
[brigade_assignment] Rehomed rs_1st_prnjavor_light_infantry into truthful sector owner sector:vrs_1st_krajina:8 (reserve)
[brigade_assignment] Rehomed rs_1st_trebava_infantry into truthful sector owner sector:vrs_1st_krajina:8 (reserve)
[brigade_assignment] Rehomed rs_1st_vujak_light_infantry into truthful sector owner sector:vrs_1st_krajina:8 (reserve)
[brigade_assignment] Rehomed rs_27th_derventa_motorized into truthful sector owner sector:vrs_1st_krajina:8 (reserve)
[brigade_assignment] FINAL_SEAL kind=turn turn=44 unresolved=0
[brigade_assignment] Rehomed rs_1st_prnjavor_light_infantry into truthful sector owner sector:vrs_1st_krajina:6 (reserve)
[brigade_assignment] Rehomed rs_1st_trebava_infantry into truthful sector owner sector:vrs_1st_krajina:6 (reserve)
[brigade_assignment] Rehomed rs_1st_vujak_light_infantry into truthful sector owner sector:vrs_1st_krajina:6 (reserve)
[brigade_assignment] Rehomed rs_27th_derventa_motorized into truthful sector owner sector:vrs_1st_krajina:6 (reserve)
[brigade_assignment] Rehomed arbih_111th_vitezka_motorized into truthful sector owner sector:arbih_1st_corps:4 (front)
[brigade_assignment] Rehomed arbih_851st_vitezka_liberation into truthful sector owner sector:arbih_1st_corps:8 (front)
[brigade_assignment] Rehomed rs_19th_krajina_light_infantry into truthful sector owner sector:vrs_1st_krajina:2 (front)
[brigade_assignment] Rehomed rs_1st_prnjavor_light_infantry into truthful sector owner sector:vrs_1st_krajina:6 (reserve)
[brigade_assignment] Rehomed rs_1st_trebava_infantry into truthful sector owner sector:vrs_1st_krajina:6 (reserve)
[brigade_assignment] Rehomed rs_1st_vujak_light_infantry into truthful sector owner sector:vrs_1st_krajina:6 (reserve)
[brigade_assignment] Rehomed rs_22nd_krajina_infantry into truthful sector owner sector:vrs_1st_krajina:2 (front)
[brigade_assignment] Rehomed rs_27th_derventa_motorized into truthful sector owner sector:vrs_1st_krajina:6 (reserve)
[brigade_assignment] Rehomed rs_1st_prnjavor_light_infantry into truthful sector owner sector:vrs_1st_krajina:8 (reserve)
[brigade_assignment] Rehomed rs_1st_trebava_infantry into truthful sector owner sector:vrs_1st_krajina:8 (reserve)
[brigade_assignment] Rehomed rs_1st_vujak_light_infantry into truthful sector owner sector:vrs_1st_krajina:8 (reserve)
[brigade_assignment] Rehomed rs_27th_derventa_motorized into truthful sector owner sector:vrs_1st_krajina:8 (reserve)
[brigade_assignment] Rehomed rs_1st_prnjavor_light_infantry into truthful sector owner sector:vrs_1st_krajina:6 (reserve)
[brigade_assignment] Rehomed rs_1st_trebava_infantry into truthful sector owner sector:vrs_1st_krajina:6 (reserve)
[brigade_assignment] Rehomed rs_1st_vujak_light_infantry into truthful sector owner sector:vrs_1st_krajina:6 (reserve)
[brigade_assignment] Rehomed rs_27th_derventa_motorized into truthful sector owner sector:vrs_1st_krajina:6 (reserve)
[brigade_assignment] Rehomed arbih_111th_vitezka_motorized into truthful sector owner sector:arbih_1st_corps:4 (front)
[brigade_assignment] Rehomed arbih_246th_vitezka_mountain into truthful sector owner sector:arbih_2nd_corps:3 (front)
[brigade_assignment] Rehomed arbih_851st_vitezka_liberation into truthful sector owner sector:arbih_1st_corps:8 (front)
[brigade_assignment] Rehomed rs_19th_krajina_light_infantry into truthful sector owner sector:vrs_1st_krajina:2 (front)
[brigade_assignment] Rehomed rs_1st_prnjavor_light_infantry into truthful sector owner sector:vrs_1st_krajina:6 (reserve)
[brigade_assignment] Rehomed rs_1st_trebava_infantry into truthful sector owner sector:vrs_1st_krajina:6 (reserve)
[brigade_assignment] Rehomed rs_1st_vujak_light_infantry into truthful sector owner sector:vrs_1st_krajina:6 (reserve)
[brigade_assignment] Rehomed rs_22nd_krajina_infantry into truthful sector owner sector:vrs_1st_krajina:2 (front)
[brigade_assignment] Rehomed rs_27th_derventa_motorized into truthful sector owner sector:vrs_1st_krajina:6 (reserve)
[brigade_assignment] Rehomed arbih_1st_cerska into truthful sector owner sector:arbih_2nd_corps:4 (front)
[brigade_assignment] Rehomed rs_1st_prnjavor_light_infantry into truthful sector owner sector:vrs_1st_krajina:8 (reserve)
[brigade_assignment] Rehomed rs_1st_trebava_infantry into truthful sector owner sector:vrs_1st_krajina:8 (reserve)
[brigade_assignment] Rehomed rs_1st_vujak_light_infantry into truthful sector owner sector:vrs_1st_krajina:8 (reserve)
[brigade_assignment] Rehomed rs_27th_derventa_motorized into truthful sector owner sector:vrs_1st_krajina:8 (reserve)
[brigade_assignment] Rehomed rs_1st_prnjavor_light_infantry into truthful sector owner sector:vrs_1st_krajina:6 (reserve)
[brigade_assignment] Rehomed rs_1st_trebava_infantry into truthful sector owner sector:vrs_1st_krajina:6 (reserve)
[brigade_assignment] Rehomed rs_1st_vujak_light_infantry into truthful sector owner sector:vrs_1st_krajina:6 (reserve)
[brigade_assignment] Rehomed rs_27th_derventa_motorized into truthful sector owner sector:vrs_1st_krajina:6 (reserve)
[brigade_assignment] Rehomed arbih_111th_vitezka_motorized into truthful sector owner sector:arbih_1st_corps:4 (front)
[brigade_assignment] Rehomed arbih_246th_vitezka_mountain into truthful sector owner sector:arbih_2nd_corps:3 (front)
[brigade_assignment] Rehomed arbih_851st_vitezka_liberation into truthful sector owner sector:arbih_1st_corps:8 (front)
[brigade_assignment] Rehomed rs_19th_krajina_light_infantry into truthful sector owner sector:vrs_1st_krajina:2 (front)
[brigade_assignment] Rehomed rs_1st_prnjavor_light_infantry into truthful sector owner sector:vrs_1st_krajina:6 (reserve)
[brigade_assignment] Rehomed rs_1st_trebava_infantry into truthful sector owner sector:vrs_1st_krajina:6 (reserve)
[brigade_assignment] Rehomed rs_1st_vujak_light_infantry into truthful sector owner sector:vrs_1st_krajina:6 (reserve)
[brigade_assignment] Rehomed rs_22nd_krajina_infantry into truthful sector owner sector:vrs_1st_krajina:2 (front)
[brigade_assignment] Rehomed rs_27th_derventa_motorized into truthful sector owner sector:vrs_1st_krajina:6 (reserve)
[brigade_assignment] Rehomed arbih_1st_cerska into truthful sector owner sector:arbih_2nd_corps:4 (front)
[brigade_assignment] Rehomed rs_1st_prnjavor_light_infantry into truthful sector owner sector:vrs_1st_krajina:8 (reserve)
[brigade_assignment] Rehomed rs_1st_trebava_infantry into truthful sector owner sector:vrs_1st_krajina:8 (reserve)
[brigade_assignment] Rehomed rs_1st_vujak_light_infantry into truthful sector owner sector:vrs_1st_krajina:8 (reserve)
[brigade_assignment] Rehomed rs_27th_derventa_motorized into truthful sector owner sector:vrs_1st_krajina:8 (reserve)
[brigade_assignment] FINAL_SEAL kind=turn turn=45 unresolved=0
[brigade_assignment] Rehomed rs_1st_prnjavor_light_infantry into truthful sector owner sector:vrs_1st_krajina:6 (reserve)
[brigade_assignment] Rehomed rs_1st_trebava_infantry into truthful sector owner sector:vrs_1st_krajina:6 (reserve)
[brigade_assignment] Rehomed rs_1st_vujak_light_infantry into truthful sector owner sector:vrs_1st_krajina:6 (reserve)
[brigade_assignment] Rehomed rs_27th_derventa_motorized into truthful sector owner sector:vrs_1st_krajina:6 (reserve)
[brigade_assignment] Rehomed arbih_111th_vitezka_motorized into truthful sector owner sector:arbih_1st_corps:4 (front)
[brigade_assignment] Rehomed arbih_246th_vitezka_mountain into truthful sector owner sector:arbih_2nd_corps:3 (front)
[brigade_assignment] Rehomed arbih_851st_vitezka_liberation into truthful sector owner sector:arbih_1st_corps:8 (front)
[brigade_assignment] Rehomed rs_19th_krajina_light_infantry into truthful sector owner sector:vrs_1st_krajina:3 (front)
[brigade_assignment] Rehomed rs_1st_prnjavor_light_infantry into truthful sector owner sector:vrs_1st_krajina:6 (reserve)
[brigade_assignment] Rehomed rs_1st_trebava_infantry into truthful sector owner sector:vrs_1st_krajina:6 (reserve)
[brigade_assignment] Rehomed rs_1st_vujak_light_infantry into truthful sector owner sector:vrs_1st_krajina:6 (reserve)
[brigade_assignment] Rehomed rs_22nd_krajina_infantry into truthful sector owner sector:vrs_1st_krajina:3 (front)
[brigade_assignment] Rehomed rs_27th_derventa_motorized into truthful sector owner sector:vrs_1st_krajina:6 (reserve)
[brigade_assignment] Rehomed arbih_1st_cerska into truthful sector owner sector:arbih_2nd_corps:4 (front)
[brigade_assignment] Rehomed rs_1st_prnjavor_light_infantry into truthful sector owner sector:vrs_1st_krajina:8 (reserve)
[brigade_assignment] Rehomed rs_1st_trebava_infantry into truthful sector owner sector:vrs_1st_krajina:8 (reserve)
[brigade_assignment] Rehomed rs_1st_vujak_light_infantry into truthful sector owner sector:vrs_1st_krajina:8 (reserve)
[brigade_assignment] Rehomed rs_27th_derventa_motorized into truthful sector owner sector:vrs_1st_krajina:8 (reserve)
[brigade_assignment] Rehomed rs_1st_prnjavor_light_infantry into truthful sector owner sector:vrs_1st_krajina:6 (reserve)
[brigade_assignment] Rehomed rs_1st_trebava_infantry into truthful sector owner sector:vrs_1st_krajina:6 (reserve)
[brigade_assignment] Rehomed rs_1st_vujak_light_infantry into truthful sector owner sector:vrs_1st_krajina:6 (reserve)
[brigade_assignment] Rehomed rs_27th_derventa_motorized into truthful sector owner sector:vrs_1st_krajina:6 (reserve)
[brigade_assignment] Rehomed arbih_111th_vitezka_motorized into truthful sector owner sector:arbih_1st_corps:4 (front)
[brigade_assignment] Rehomed arbih_1st_kamenica into truthful sector owner sector:arbih_2nd_corps:5 (front)
[brigade_assignment] Rehomed arbih_851st_vitezka_liberation into truthful sector owner sector:arbih_1st_corps:8 (front)
[brigade_assignment] Rehomed rs_19th_krajina_light_infantry into truthful sector owner sector:vrs_1st_krajina:3 (front)
[brigade_assignment] Rehomed rs_1st_prnjavor_light_infantry into truthful sector owner sector:vrs_1st_krajina:6 (reserve)
[brigade_assignment] Rehomed rs_1st_trebava_infantry into truthful sector owner sector:vrs_1st_krajina:6 (reserve)
[brigade_assignment] Rehomed rs_1st_vujak_light_infantry into truthful sector owner sector:vrs_1st_krajina:6 (reserve)
[brigade_assignment] Rehomed rs_22nd_krajina_infantry into truthful sector owner sector:vrs_1st_krajina:3 (front)
[brigade_assignment] Rehomed rs_27th_derventa_motorized into truthful sector owner sector:vrs_1st_krajina:6 (reserve)
[brigade_assignment] Rehomed rs_1st_prnjavor_light_infantry into truthful sector owner sector:vrs_1st_krajina:8 (reserve)
[brigade_assignment] Rehomed rs_1st_trebava_infantry into truthful sector owner sector:vrs_1st_krajina:8 (reserve)
[brigade_assignment] Rehomed rs_1st_vujak_light_infantry into truthful sector owner sector:vrs_1st_krajina:8 (reserve)
[brigade_assignment] Rehomed rs_27th_derventa_motorized into truthful sector owner sector:vrs_1st_krajina:8 (reserve)
[brigade_assignment] Rehomed rs_1st_prnjavor_light_infantry into truthful sector owner sector:vrs_1st_krajina:6 (reserve)
[brigade_assignment] Rehomed rs_1st_trebava_infantry into truthful sector owner sector:vrs_1st_krajina:6 (reserve)
[brigade_assignment] Rehomed rs_1st_vujak_light_infantry into truthful sector owner sector:vrs_1st_krajina:6 (reserve)
[brigade_assignment] Rehomed rs_27th_derventa_motorized into truthful sector owner sector:vrs_1st_krajina:6 (reserve)
[brigade_assignment] Rehomed arbih_111th_vitezka_motorized into truthful sector owner sector:arbih_1st_corps:4 (front)
[brigade_assignment] Rehomed arbih_1st_kamenica into truthful sector owner sector:arbih_2nd_corps:5 (front)
[brigade_assignment] Rehomed arbih_851st_vitezka_liberation into truthful sector owner sector:arbih_1st_corps:8 (front)
[brigade_assignment] Rehomed rs_19th_krajina_light_infantry into truthful sector owner sector:vrs_1st_krajina:3 (front)
[brigade_assignment] Rehomed rs_1st_prnjavor_light_infantry into truthful sector owner sector:vrs_1st_krajina:6 (reserve)
[brigade_assignment] Rehomed rs_1st_trebava_infantry into truthful sector owner sector:vrs_1st_krajina:6 (reserve)
[brigade_assignment] Rehomed rs_1st_vujak_light_infantry into truthful sector owner sector:vrs_1st_krajina:6 (reserve)
[brigade_assignment] Rehomed rs_22nd_krajina_infantry into truthful sector owner sector:vrs_1st_krajina:3 (front)
[brigade_assignment] Rehomed rs_27th_derventa_motorized into truthful sector owner sector:vrs_1st_krajina:6 (reserve)
[brigade_assignment] Rehomed rs_1st_prnjavor_light_infantry into truthful sector owner sector:vrs_1st_krajina:8 (reserve)
[brigade_assignment] Rehomed rs_1st_trebava_infantry into truthful sector owner sector:vrs_1st_krajina:8 (reserve)
[brigade_assignment] Rehomed rs_1st_vujak_light_infantry into truthful sector owner sector:vrs_1st_krajina:8 (reserve)
[brigade_assignment] Rehomed rs_27th_derventa_motorized into truthful sector owner sector:vrs_1st_krajina:8 (reserve)
[brigade_assignment] FINAL_SEAL kind=turn turn=46 unresolved=0
[brigade_assignment] Rehomed rs_1st_prnjavor_light_infantry into truthful sector owner sector:vrs_1st_krajina:6 (reserve)
[brigade_assignment] Rehomed rs_1st_trebava_infantry into truthful sector owner sector:vrs_1st_krajina:6 (reserve)
[brigade_assignment] Rehomed rs_1st_vujak_light_infantry into truthful sector owner sector:vrs_1st_krajina:6 (reserve)
[brigade_assignment] Rehomed rs_27th_derventa_motorized into truthful sector owner sector:vrs_1st_krajina:6 (reserve)
[brigade_assignment] Rehomed arbih_111th_vitezka_motorized into truthful sector owner sector:arbih_1st_corps:4 (front)
[brigade_assignment] Rehomed arbih_1st_kamenica into truthful sector owner sector:arbih_2nd_corps:5 (front)
[brigade_assignment] Rehomed arbih_851st_vitezka_liberation into truthful sector owner sector:arbih_1st_corps:8 (front)
[brigade_assignment] Rehomed rs_19th_krajina_light_infantry into truthful sector owner sector:vrs_1st_krajina:3 (front)
[brigade_assignment] Rehomed rs_1st_prnjavor_light_infantry into truthful sector owner sector:vrs_1st_krajina:6 (reserve)
[brigade_assignment] Rehomed rs_1st_trebava_infantry into truthful sector owner sector:vrs_1st_krajina:6 (reserve)
[brigade_assignment] Rehomed rs_1st_vujak_light_infantry into truthful sector owner sector:vrs_1st_krajina:6 (reserve)
[brigade_assignment] Rehomed rs_22nd_krajina_infantry into truthful sector owner sector:vrs_1st_krajina:3 (front)
[brigade_assignment] Rehomed rs_27th_derventa_motorized into truthful sector owner sector:vrs_1st_krajina:6 (reserve)
[brigade_assignment] Rehomed rs_1st_prnjavor_light_infantry into truthful sector owner sector:vrs_1st_krajina:8 (reserve)
[brigade_assignment] Rehomed rs_1st_trebava_infantry into truthful sector owner sector:vrs_1st_krajina:8 (reserve)
[brigade_assignment] Rehomed rs_1st_vujak_light_infantry into truthful sector owner sector:vrs_1st_krajina:8 (reserve)
[brigade_assignment] Rehomed rs_27th_derventa_motorized into truthful sector owner sector:vrs_1st_krajina:8 (reserve)
[brigade_assignment] Rehomed rs_1st_prnjavor_light_infantry into truthful sector owner sector:vrs_1st_krajina:6 (reserve)
[brigade_assignment] Rehomed rs_1st_trebava_infantry into truthful sector owner sector:vrs_1st_krajina:6 (reserve)
[brigade_assignment] Rehomed rs_1st_vujak_light_infantry into truthful sector owner sector:vrs_1st_krajina:6 (reserve)
[brigade_assignment] Rehomed rs_27th_derventa_motorized into truthful sector owner sector:vrs_1st_krajina:6 (reserve)
[brigade_assignment] Rehomed arbih_111th_vitezka_motorized into truthful sector owner sector:arbih_1st_corps:4 (front)
[brigade_assignment] Rehomed arbih_1st_kamenica into truthful sector owner sector:arbih_2nd_corps:4 (front)
[brigade_assignment] Rehomed arbih_280th_east_bosnian_light into truthful sector owner sector:arbih_2nd_corps:4 (front)
[brigade_assignment] Rehomed arbih_851st_vitezka_liberation into truthful sector owner sector:arbih_1st_corps:8 (front)
[brigade_assignment] Rehomed rs_19th_krajina_light_infantry into truthful sector owner sector:vrs_1st_krajina:3 (front)
[brigade_assignment] Rehomed rs_1st_prnjavor_light_infantry into truthful sector owner sector:vrs_1st_krajina:6 (reserve)
[brigade_assignment] Rehomed rs_1st_trebava_infantry into truthful sector owner sector:vrs_1st_krajina:6 (reserve)
[brigade_assignment] Rehomed rs_1st_vujak_light_infantry into truthful sector owner sector:vrs_1st_krajina:6 (reserve)
[brigade_assignment] Rehomed rs_22nd_krajina_infantry into truthful sector owner sector:vrs_1st_krajina:3 (front)
[brigade_assignment] Rehomed rs_27th_derventa_motorized into truthful sector owner sector:vrs_1st_krajina:6 (reserve)
[brigade_assignment] Rehomed rs_1st_prnjavor_light_infantry into truthful sector owner sector:vrs_1st_krajina:8 (reserve)
[brigade_assignment] Rehomed rs_1st_trebava_infantry into truthful sector owner sector:vrs_1st_krajina:8 (reserve)
[brigade_assignment] Rehomed rs_1st_vujak_light_infantry into truthful sector owner sector:vrs_1st_krajina:8 (reserve)
[brigade_assignment] Rehomed rs_27th_derventa_motorized into truthful sector owner sector:vrs_1st_krajina:8 (reserve)
[brigade_assignment] Rehomed rs_1st_prnjavor_light_infantry into truthful sector owner sector:vrs_1st_krajina:6 (reserve)
[brigade_assignment] Rehomed rs_1st_trebava_infantry into truthful sector owner sector:vrs_1st_krajina:6 (reserve)
[brigade_assignment] Rehomed rs_1st_vujak_light_infantry into truthful sector owner sector:vrs_1st_krajina:6 (reserve)
[brigade_assignment] Rehomed rs_27th_derventa_motorized into truthful sector owner sector:vrs_1st_krajina:6 (reserve)
[brigade_assignment] Rehomed arbih_111th_vitezka_motorized into truthful sector owner sector:arbih_1st_corps:4 (front)
[brigade_assignment] Rehomed arbih_1st_kamenica into truthful sector owner sector:arbih_2nd_corps:4 (front)
[brigade_assignment] Rehomed arbih_851st_vitezka_liberation into truthful sector owner sector:arbih_1st_corps:8 (front)
[brigade_assignment] Rehomed rs_19th_krajina_light_infantry into truthful sector owner sector:vrs_1st_krajina:3 (front)
[brigade_assignment] Rehomed rs_1st_prnjavor_light_infantry into truthful sector owner sector:vrs_1st_krajina:6 (reserve)
[brigade_assignment] Rehomed rs_1st_trebava_infantry into truthful sector owner sector:vrs_1st_krajina:6 (reserve)
[brigade_assignment] Rehomed rs_1st_vujak_light_infantry into truthful sector owner sector:vrs_1st_krajina:6 (reserve)
[brigade_assignment] Rehomed rs_22nd_krajina_infantry into truthful sector owner sector:vrs_1st_krajina:3 (front)
[brigade_assignment] Rehomed rs_27th_derventa_motorized into truthful sector owner sector:vrs_1st_krajina:6 (reserve)
[brigade_assignment] Rehomed rs_1st_prnjavor_light_infantry into truthful sector owner sector:vrs_1st_krajina:8 (reserve)
[brigade_assignment] Rehomed rs_1st_trebava_infantry into truthful sector owner sector:vrs_1st_krajina:8 (reserve)
[brigade_assignment] Rehomed rs_1st_vujak_light_infantry into truthful sector owner sector:vrs_1st_krajina:8 (reserve)
[brigade_assignment] Rehomed rs_27th_derventa_motorized into truthful sector owner sector:vrs_1st_krajina:8 (reserve)
[brigade_assignment] FINAL_SEAL kind=turn turn=47 unresolved=0
[brigade_assignment] Rehomed rs_1st_prnjavor_light_infantry into truthful sector owner sector:vrs_1st_krajina:6 (reserve)
[brigade_assignment] Rehomed rs_1st_trebava_infantry into truthful sector owner sector:vrs_1st_krajina:6 (reserve)
[brigade_assignment] Rehomed rs_1st_vujak_light_infantry into truthful sector owner sector:vrs_1st_krajina:6 (reserve)
[brigade_assignment] Rehomed rs_27th_derventa_motorized into truthful sector owner sector:vrs_1st_krajina:6 (reserve)
[brigade_assignment] Rehomed arbih_1st_kamenica into truthful sector owner sector:arbih_2nd_corps:4 (front)
[brigade_assignment] Rehomed arbih_851st_vitezka_liberation into truthful sector owner sector:arbih_1st_corps:9 (front)
[brigade_assignment] Rehomed rs_19th_krajina_light_infantry into truthful sector owner sector:vrs_1st_krajina:2 (front)
[brigade_assignment] Rehomed rs_1st_prnjavor_light_infantry into truthful sector owner sector:vrs_1st_krajina:6 (reserve)
[brigade_assignment] Rehomed rs_1st_trebava_infantry into truthful sector owner sector:vrs_1st_krajina:6 (reserve)
[brigade_assignment] Rehomed rs_1st_vujak_light_infantry into truthful sector owner sector:vrs_1st_krajina:6 (reserve)
[brigade_assignment] Rehomed rs_22nd_krajina_infantry into truthful sector owner sector:vrs_1st_krajina:2 (front)
[brigade_assignment] Rehomed rs_27th_derventa_motorized into truthful sector owner sector:vrs_1st_krajina:6 (reserve)
[brigade_assignment] Rehomed rs_1st_prnjavor_light_infantry into truthful sector owner sector:vrs_1st_krajina:8 (reserve)
[brigade_assignment] Rehomed rs_1st_trebava_infantry into truthful sector owner sector:vrs_1st_krajina:8 (reserve)
[brigade_assignment] Rehomed rs_1st_vujak_light_infantry into truthful sector owner sector:vrs_1st_krajina:8 (reserve)
[brigade_assignment] Rehomed rs_27th_derventa_motorized into truthful sector owner sector:vrs_1st_krajina:8 (reserve)
[brigade_assignment] Rehomed rs_1st_prnjavor_light_infantry into truthful sector owner sector:vrs_1st_krajina:6 (reserve)
[brigade_assignment] Rehomed rs_1st_trebava_infantry into truthful sector owner sector:vrs_1st_krajina:6 (reserve)
[brigade_assignment] Rehomed rs_1st_vujak_light_infantry into truthful sector owner sector:vrs_1st_krajina:6 (reserve)
[brigade_assignment] Rehomed rs_27th_derventa_motorized into truthful sector owner sector:vrs_1st_krajina:6 (reserve)
[brigade_assignment] Rehomed arbih_851st_vitezka_liberation into truthful sector owner sector:arbih_1st_corps:9 (front)
[brigade_assignment] Rehomed rs_19th_krajina_light_infantry into truthful sector owner sector:vrs_1st_krajina:2 (front)
[brigade_assignment] Rehomed rs_1st_prnjavor_light_infantry into truthful sector owner sector:vrs_1st_krajina:6 (reserve)
[brigade_assignment] Rehomed rs_1st_trebava_infantry into truthful sector owner sector:vrs_1st_krajina:6 (reserve)
[brigade_assignment] Rehomed rs_1st_vujak_light_infantry into truthful sector owner sector:vrs_1st_krajina:6 (reserve)
[brigade_assignment] Rehomed rs_22nd_krajina_infantry into truthful sector owner sector:vrs_1st_krajina:2 (front)
[brigade_assignment] Rehomed rs_27th_derventa_motorized into truthful sector owner sector:vrs_1st_krajina:6 (reserve)
[brigade_assignment] Rehomed rs_1st_prnjavor_light_infantry into truthful sector owner sector:vrs_1st_krajina:8 (reserve)
[brigade_assignment] Rehomed rs_1st_trebava_infantry into truthful sector owner sector:vrs_1st_krajina:8 (reserve)
[brigade_assignment] Rehomed rs_1st_vujak_light_infantry into truthful sector owner sector:vrs_1st_krajina:8 (reserve)
[brigade_assignment] Rehomed rs_27th_derventa_motorized into truthful sector owner sector:vrs_1st_krajina:8 (reserve)
[brigade_assignment] Rehomed rs_1st_prnjavor_light_infantry into truthful sector owner sector:vrs_1st_krajina:6 (reserve)
[brigade_assignment] Rehomed rs_1st_trebava_infantry into truthful sector owner sector:vrs_1st_krajina:6 (reserve)
[brigade_assignment] Rehomed rs_1st_vujak_light_infantry into truthful sector owner sector:vrs_1st_krajina:6 (reserve)
[brigade_assignment] Rehomed rs_27th_derventa_motorized into truthful sector owner sector:vrs_1st_krajina:6 (reserve)
[brigade_assignment] Rehomed arbih_851st_vitezka_liberation into truthful sector owner sector:arbih_1st_corps:9 (front)
[brigade_assignment] Rehomed rs_19th_krajina_light_infantry into truthful sector owner sector:vrs_1st_krajina:2 (front)
[brigade_assignment] Rehomed rs_1st_prnjavor_light_infantry into truthful sector owner sector:vrs_1st_krajina:6 (reserve)
[brigade_assignment] Rehomed rs_1st_trebava_infantry into truthful sector owner sector:vrs_1st_krajina:6 (reserve)
[brigade_assignment] Rehomed rs_1st_vujak_light_infantry into truthful sector owner sector:vrs_1st_krajina:6 (reserve)
[brigade_assignment] Rehomed rs_22nd_krajina_infantry into truthful sector owner sector:vrs_1st_krajina:2 (front)
[brigade_assignment] Rehomed rs_27th_derventa_motorized into truthful sector owner sector:vrs_1st_krajina:6 (reserve)
[brigade_assignment] Rehomed rs_1st_prnjavor_light_infantry into truthful sector owner sector:vrs_1st_krajina:8 (reserve)
[brigade_assignment] Rehomed rs_1st_trebava_infantry into truthful sector owner sector:vrs_1st_krajina:8 (reserve)
[brigade_assignment] Rehomed rs_1st_vujak_light_infantry into truthful sector owner sector:vrs_1st_krajina:8 (reserve)
[brigade_assignment] Rehomed rs_27th_derventa_motorized into truthful sector owner sector:vrs_1st_krajina:8 (reserve)
[brigade_assignment] FINAL_SEAL kind=turn turn=48 unresolved=0
[brigade_assignment] Rehomed rs_1st_prnjavor_light_infantry into truthful sector owner sector:vrs_1st_krajina:6 (reserve)
[brigade_assignment] Rehomed rs_1st_trebava_infantry into truthful sector owner sector:vrs_1st_krajina:6 (reserve)
[brigade_assignment] Rehomed rs_1st_vujak_light_infantry into truthful sector owner sector:vrs_1st_krajina:6 (reserve)
[brigade_assignment] Rehomed rs_27th_derventa_motorized into truthful sector owner sector:vrs_1st_krajina:6 (reserve)
[brigade_assignment] Rehomed arbih_851st_vitezka_liberation into truthful sector owner sector:arbih_1st_corps:9 (front)
[brigade_assignment] Rehomed rs_19th_krajina_light_infantry into truthful sector owner sector:vrs_1st_krajina:2 (front)
[brigade_assignment] Rehomed rs_1st_prnjavor_light_infantry into truthful sector owner sector:vrs_1st_krajina:6 (reserve)
[brigade_assignment] Rehomed rs_1st_trebava_infantry into truthful sector owner sector:vrs_1st_krajina:6 (reserve)
[brigade_assignment] Rehomed rs_1st_vujak_light_infantry into truthful sector owner sector:vrs_1st_krajina:6 (reserve)
[brigade_assignment] Rehomed rs_22nd_krajina_infantry into truthful sector owner sector:vrs_1st_krajina:2 (front)
[brigade_assignment] Rehomed rs_27th_derventa_motorized into truthful sector owner sector:vrs_1st_krajina:6 (reserve)
[brigade_assignment] Rehomed rs_1st_prnjavor_light_infantry into truthful sector owner sector:vrs_1st_krajina:8 (reserve)
[brigade_assignment] Rehomed rs_1st_trebava_infantry into truthful sector owner sector:vrs_1st_krajina:8 (reserve)
[brigade_assignment] Rehomed rs_1st_vujak_light_infantry into truthful sector owner sector:vrs_1st_krajina:8 (reserve)
[brigade_assignment] Rehomed rs_27th_derventa_motorized into truthful sector owner sector:vrs_1st_krajina:8 (reserve)
[brigade_assignment] Rehomed rs_1st_prnjavor_light_infantry into truthful sector owner sector:vrs_1st_krajina:6 (reserve)
[brigade_assignment] Rehomed rs_1st_trebava_infantry into truthful sector owner sector:vrs_1st_krajina:6 (reserve)
[brigade_assignment] Rehomed rs_1st_vujak_light_infantry into truthful sector owner sector:vrs_1st_krajina:6 (reserve)
[brigade_assignment] Rehomed rs_27th_derventa_motorized into truthful sector owner sector:vrs_1st_krajina:6 (reserve)
[brigade_assignment] Rehomed arbih_851st_vitezka_liberation into truthful sector owner sector:arbih_1st_corps:9 (front)
[brigade_assignment] Rehomed rs_19th_krajina_light_infantry into truthful sector owner sector:vrs_1st_krajina:2 (front)
[brigade_assignment] Rehomed rs_1st_prnjavor_light_infantry into truthful sector owner sector:vrs_1st_krajina:6 (reserve)
[brigade_assignment] Rehomed rs_1st_trebava_infantry into truthful sector owner sector:vrs_1st_krajina:6 (reserve)
[brigade_assignment] Rehomed rs_1st_vujak_light_infantry into truthful sector owner sector:vrs_1st_krajina:6 (reserve)
[brigade_assignment] Rehomed rs_22nd_krajina_infantry into truthful sector owner sector:vrs_1st_krajina:2 (front)
[brigade_assignment] Rehomed rs_27th_derventa_motorized into truthful sector owner sector:vrs_1st_krajina:6 (reserve)
[brigade_assignment] Rehomed rs_1st_prnjavor_light_infantry into truthful sector owner sector:vrs_1st_krajina:8 (reserve)
[brigade_assignment] Rehomed rs_1st_trebava_infantry into truthful sector owner sector:vrs_1st_krajina:8 (reserve)
[brigade_assignment] Rehomed rs_1st_vujak_light_infantry into truthful sector owner sector:vrs_1st_krajina:8 (reserve)
[brigade_assignment] Rehomed rs_27th_derventa_motorized into truthful sector owner sector:vrs_1st_krajina:8 (reserve)
[brigade_assignment] Rehomed rs_1st_prnjavor_light_infantry into truthful sector owner sector:vrs_1st_krajina:6 (reserve)
[brigade_assignment] Rehomed rs_1st_trebava_infantry into truthful sector owner sector:vrs_1st_krajina:6 (reserve)
[brigade_assignment] Rehomed rs_1st_vujak_light_infantry into truthful sector owner sector:vrs_1st_krajina:6 (reserve)
[brigade_assignment] Rehomed rs_27th_derventa_motorized into truthful sector owner sector:vrs_1st_krajina:6 (reserve)
[brigade_assignment] Rehomed arbih_851st_vitezka_liberation into truthful sector owner sector:arbih_1st_corps:9 (front)
[brigade_assignment] Rehomed rs_19th_krajina_light_infantry into truthful sector owner sector:vrs_1st_krajina:2 (front)
[brigade_assignment] Rehomed rs_1st_prnjavor_light_infantry into truthful sector owner sector:vrs_1st_krajina:6 (reserve)
[brigade_assignment] Rehomed rs_1st_trebava_infantry into truthful sector owner sector:vrs_1st_krajina:6 (reserve)
[brigade_assignment] Rehomed rs_1st_vujak_light_infantry into truthful sector owner sector:vrs_1st_krajina:6 (reserve)
[brigade_assignment] Rehomed rs_22nd_krajina_infantry into truthful sector owner sector:vrs_1st_krajina:2 (front)
[brigade_assignment] Rehomed rs_27th_derventa_motorized into truthful sector owner sector:vrs_1st_krajina:6 (reserve)
[brigade_assignment] Rehomed rs_1st_prnjavor_light_infantry into truthful sector owner sector:vrs_1st_krajina:8 (reserve)
[brigade_assignment] Rehomed rs_1st_trebava_infantry into truthful sector owner sector:vrs_1st_krajina:8 (reserve)
[brigade_assignment] Rehomed rs_1st_vujak_light_infantry into truthful sector owner sector:vrs_1st_krajina:8 (reserve)
[brigade_assignment] Rehomed rs_27th_derventa_motorized into truthful sector owner sector:vrs_1st_krajina:8 (reserve)
[brigade_assignment] FINAL_SEAL kind=turn turn=49 unresolved=0
[brigade_assignment] Rehomed rs_1st_prnjavor_light_infantry into truthful sector owner sector:vrs_1st_krajina:6 (reserve)
[brigade_assignment] Rehomed rs_1st_trebava_infantry into truthful sector owner sector:vrs_1st_krajina:6 (reserve)
[brigade_assignment] Rehomed rs_1st_vujak_light_infantry into truthful sector owner sector:vrs_1st_krajina:6 (reserve)
[brigade_assignment] Rehomed rs_27th_derventa_motorized into truthful sector owner sector:vrs_1st_krajina:6 (reserve)
[brigade_assignment] Rehomed arbih_851st_vitezka_liberation into truthful sector owner sector:arbih_1st_corps:9 (front)
[brigade_assignment] Rehomed rs_19th_krajina_light_infantry into truthful sector owner sector:vrs_1st_krajina:2 (front)
[brigade_assignment] Rehomed rs_1st_prnjavor_light_infantry into truthful sector owner sector:vrs_1st_krajina:6 (reserve)
[brigade_assignment] Rehomed rs_1st_trebava_infantry into truthful sector owner sector:vrs_1st_krajina:6 (reserve)
[brigade_assignment] Rehomed rs_1st_vujak_light_infantry into truthful sector owner sector:vrs_1st_krajina:6 (reserve)
[brigade_assignment] Rehomed rs_22nd_krajina_infantry into truthful sector owner sector:vrs_1st_krajina:2 (front)
[brigade_assignment] Rehomed rs_27th_derventa_motorized into truthful sector owner sector:vrs_1st_krajina:6 (reserve)
[brigade_assignment] Rehomed rs_1st_prnjavor_light_infantry into truthful sector owner sector:vrs_1st_krajina:8 (reserve)
[brigade_assignment] Rehomed rs_1st_trebava_infantry into truthful sector owner sector:vrs_1st_krajina:8 (reserve)
[brigade_assignment] Rehomed rs_1st_vujak_light_infantry into truthful sector owner sector:vrs_1st_krajina:8 (reserve)
[brigade_assignment] Rehomed rs_27th_derventa_motorized into truthful sector owner sector:vrs_1st_krajina:8 (reserve)
[brigade_assignment] Rehomed rs_1st_prnjavor_light_infantry into truthful sector owner sector:vrs_1st_krajina:6 (reserve)
[brigade_assignment] Rehomed rs_1st_trebava_infantry into truthful sector owner sector:vrs_1st_krajina:6 (reserve)
[brigade_assignment] Rehomed rs_1st_vujak_light_infantry into truthful sector owner sector:vrs_1st_krajina:6 (reserve)
[brigade_assignment] Rehomed rs_27th_derventa_motorized into truthful sector owner sector:vrs_1st_krajina:6 (reserve)
[brigade_assignment] Rehomed arbih_1st_kamenica into truthful sector owner sector:arbih_2nd_corps:4 (front)
[brigade_assignment] Rehomed arbih_851st_vitezka_liberation into truthful sector owner sector:arbih_1st_corps:9 (front)
[brigade_assignment] Rehomed rs_19th_krajina_light_infantry into truthful sector owner sector:vrs_1st_krajina:2 (front)
[brigade_assignment] Rehomed rs_1st_prnjavor_light_infantry into truthful sector owner sector:vrs_1st_krajina:6 (reserve)
[brigade_assignment] Rehomed rs_1st_trebava_infantry into truthful sector owner sector:vrs_1st_krajina:6 (reserve)
[brigade_assignment] Rehomed rs_1st_vujak_light_infantry into truthful sector owner sector:vrs_1st_krajina:6 (reserve)
[brigade_assignment] Rehomed rs_22nd_krajina_infantry into truthful sector owner sector:vrs_1st_krajina:2 (front)
[brigade_assignment] Rehomed rs_27th_derventa_motorized into truthful sector owner sector:vrs_1st_krajina:6 (reserve)
[brigade_assignment] Rehomed rs_1st_prnjavor_light_infantry into truthful sector owner sector:vrs_1st_krajina:8 (reserve)
[brigade_assignment] Rehomed rs_1st_trebava_infantry into truthful sector owner sector:vrs_1st_krajina:8 (reserve)
[brigade_assignment] Rehomed rs_1st_vujak_light_infantry into truthful sector owner sector:vrs_1st_krajina:8 (reserve)
[brigade_assignment] Rehomed rs_27th_derventa_motorized into truthful sector owner sector:vrs_1st_krajina:8 (reserve)
[brigade_assignment] Rehomed rs_1st_prnjavor_light_infantry into truthful sector owner sector:vrs_1st_krajina:6 (reserve)
[brigade_assignment] Rehomed rs_1st_trebava_infantry into truthful sector owner sector:vrs_1st_krajina:6 (reserve)
[brigade_assignment] Rehomed rs_1st_vujak_light_infantry into truthful sector owner sector:vrs_1st_krajina:6 (reserve)
[brigade_assignment] Rehomed rs_27th_derventa_motorized into truthful sector owner sector:vrs_1st_krajina:6 (reserve)
[brigade_assignment] Rehomed arbih_1st_kamenica into truthful sector owner sector:arbih_2nd_corps:4 (front)
[brigade_assignment] Rehomed arbih_851st_vitezka_liberation into truthful sector owner sector:arbih_1st_corps:9 (front)
[brigade_assignment] Rehomed rs_19th_krajina_light_infantry into truthful sector owner sector:vrs_1st_krajina:2 (front)
[brigade_assignment] Rehomed rs_1st_prnjavor_light_infantry into truthful sector owner sector:vrs_1st_krajina:6 (reserve)
[brigade_assignment] Rehomed rs_1st_trebava_infantry into truthful sector owner sector:vrs_1st_krajina:6 (reserve)
[brigade_assignment] Rehomed rs_1st_vujak_light_infantry into truthful sector owner sector:vrs_1st_krajina:6 (reserve)
[brigade_assignment] Rehomed rs_22nd_krajina_infantry into truthful sector owner sector:vrs_1st_krajina:2 (front)
[brigade_assignment] Rehomed rs_27th_derventa_motorized into truthful sector owner sector:vrs_1st_krajina:6 (reserve)
[brigade_assignment] Rehomed rs_1st_prnjavor_light_infantry into truthful sector owner sector:vrs_1st_krajina:8 (reserve)
[brigade_assignment] Rehomed rs_1st_trebava_infantry into truthful sector owner sector:vrs_1st_krajina:8 (reserve)
[brigade_assignment] Rehomed rs_1st_vujak_light_infantry into truthful sector owner sector:vrs_1st_krajina:8 (reserve)
[brigade_assignment] Rehomed rs_27th_derventa_motorized into truthful sector owner sector:vrs_1st_krajina:8 (reserve)
[brigade_assignment] FINAL_SEAL kind=turn turn=50 unresolved=0
[brigade_assignment] Rehomed rs_1st_prnjavor_light_infantry into truthful sector owner sector:vrs_1st_krajina:6 (reserve)
[brigade_assignment] Rehomed rs_1st_trebava_infantry into truthful sector owner sector:vrs_1st_krajina:6 (reserve)
[brigade_assignment] Rehomed rs_1st_vujak_light_infantry into truthful sector owner sector:vrs_1st_krajina:6 (reserve)
[brigade_assignment] Rehomed rs_27th_derventa_motorized into truthful sector owner sector:vrs_1st_krajina:6 (reserve)
[brigade_assignment] Rehomed arbih_1st_kamenica into truthful sector owner sector:arbih_2nd_corps:4 (front)
[brigade_assignment] Rehomed arbih_851st_vitezka_liberation into truthful sector owner sector:arbih_1st_corps:9 (front)
[brigade_assignment] Rehomed rs_19th_krajina_light_infantry into truthful sector owner sector:vrs_1st_krajina:2 (front)
[brigade_assignment] Rehomed rs_1st_prnjavor_light_infantry into truthful sector owner sector:vrs_1st_krajina:6 (reserve)
[brigade_assignment] Rehomed rs_1st_trebava_infantry into truthful sector owner sector:vrs_1st_krajina:6 (reserve)
[brigade_assignment] Rehomed rs_1st_vujak_light_infantry into truthful sector owner sector:vrs_1st_krajina:6 (reserve)
[brigade_assignment] Rehomed rs_22nd_krajina_infantry into truthful sector owner sector:vrs_1st_krajina:2 (front)
[brigade_assignment] Rehomed rs_27th_derventa_motorized into truthful sector owner sector:vrs_1st_krajina:6 (reserve)
[brigade_assignment] Rehomed rs_1st_prnjavor_light_infantry into truthful sector owner sector:vrs_1st_krajina:8 (reserve)
[brigade_assignment] Rehomed rs_1st_trebava_infantry into truthful sector owner sector:vrs_1st_krajina:8 (reserve)
[brigade_assignment] Rehomed rs_1st_vujak_light_infantry into truthful sector owner sector:vrs_1st_krajina:8 (reserve)
[brigade_assignment] Rehomed rs_27th_derventa_motorized into truthful sector owner sector:vrs_1st_krajina:8 (reserve)
[brigade_assignment] Rehomed rs_1st_prnjavor_light_infantry into truthful sector owner sector:vrs_1st_krajina:6 (reserve)
[brigade_assignment] Rehomed rs_1st_trebava_infantry into truthful sector owner sector:vrs_1st_krajina:6 (reserve)
[brigade_assignment] Rehomed rs_1st_vujak_light_infantry into truthful sector owner sector:vrs_1st_krajina:6 (reserve)
[brigade_assignment] Rehomed rs_27th_derventa_motorized into truthful sector owner sector:vrs_1st_krajina:6 (reserve)
[brigade_assignment] Rehomed arbih_851st_vitezka_liberation into truthful sector owner sector:arbih_1st_corps:9 (front)
[brigade_assignment] Rehomed rs_19th_krajina_light_infantry into truthful sector owner sector:vrs_1st_krajina:2 (front)
[brigade_assignment] Rehomed rs_1st_prnjavor_light_infantry into truthful sector owner sector:vrs_1st_krajina:6 (reserve)
[brigade_assignment] Rehomed rs_1st_trebava_infantry into truthful sector owner sector:vrs_1st_krajina:6 (reserve)
[brigade_assignment] Rehomed rs_1st_vujak_light_infantry into truthful sector owner sector:vrs_1st_krajina:6 (reserve)
[brigade_assignment] Rehomed rs_22nd_krajina_infantry into truthful sector owner sector:vrs_1st_krajina:2 (front)
[brigade_assignment] Rehomed rs_27th_derventa_motorized into truthful sector owner sector:vrs_1st_krajina:6 (reserve)
[brigade_assignment] Rehomed rs_1st_prnjavor_light_infantry into truthful sector owner sector:vrs_1st_krajina:8 (reserve)
[brigade_assignment] Rehomed rs_1st_trebava_infantry into truthful sector owner sector:vrs_1st_krajina:8 (reserve)
[brigade_assignment] Rehomed rs_1st_vujak_light_infantry into truthful sector owner sector:vrs_1st_krajina:8 (reserve)
[brigade_assignment] Rehomed rs_27th_derventa_motorized into truthful sector owner sector:vrs_1st_krajina:8 (reserve)
[brigade_assignment] Rehomed rs_1st_prnjavor_light_infantry into truthful sector owner sector:vrs_1st_krajina:6 (reserve)
[brigade_assignment] Rehomed rs_1st_trebava_infantry into truthful sector owner sector:vrs_1st_krajina:6 (reserve)
[brigade_assignment] Rehomed rs_1st_vujak_light_infantry into truthful sector owner sector:vrs_1st_krajina:6 (reserve)
[brigade_assignment] Rehomed rs_27th_derventa_motorized into truthful sector owner sector:vrs_1st_krajina:6 (reserve)
[brigade_assignment] Rehomed arbih_851st_vitezka_liberation into truthful sector owner sector:arbih_1st_corps:9 (front)
[brigade_assignment] Rehomed rs_19th_krajina_light_infantry into truthful sector owner sector:vrs_1st_krajina:2 (front)
[brigade_assignment] Rehomed rs_1st_prnjavor_light_infantry into truthful sector owner sector:vrs_1st_krajina:6 (reserve)
[brigade_assignment] Rehomed rs_1st_trebava_infantry into truthful sector owner sector:vrs_1st_krajina:6 (reserve)
[brigade_assignment] Rehomed rs_1st_vujak_light_infantry into truthful sector owner sector:vrs_1st_krajina:6 (reserve)
[brigade_assignment] Rehomed rs_22nd_krajina_infantry into truthful sector owner sector:vrs_1st_krajina:2 (front)
[brigade_assignment] Rehomed rs_27th_derventa_motorized into truthful sector owner sector:vrs_1st_krajina:6 (reserve)
[brigade_assignment] Rehomed rs_1st_prnjavor_light_infantry into truthful sector owner sector:vrs_1st_krajina:8 (reserve)
[brigade_assignment] Rehomed rs_1st_trebava_infantry into truthful sector owner sector:vrs_1st_krajina:8 (reserve)
[brigade_assignment] Rehomed rs_1st_vujak_light_infantry into truthful sector owner sector:vrs_1st_krajina:8 (reserve)
[brigade_assignment] Rehomed rs_27th_derventa_motorized into truthful sector owner sector:vrs_1st_krajina:8 (reserve)
[brigade_assignment] FINAL_SEAL kind=turn turn=51 unresolved=0
[brigade_assignment] Rehomed rs_1st_prnjavor_light_infantry into truthful sector owner sector:vrs_1st_krajina:6 (reserve)
[brigade_assignment] Rehomed rs_1st_trebava_infantry into truthful sector owner sector:vrs_1st_krajina:6 (reserve)
[brigade_assignment] Rehomed rs_1st_vujak_light_infantry into truthful sector owner sector:vrs_1st_krajina:6 (reserve)
[brigade_assignment] Rehomed rs_27th_derventa_motorized into truthful sector owner sector:vrs_1st_krajina:6 (reserve)
[brigade_assignment] Rehomed arbih_851st_vitezka_liberation into truthful sector owner sector:arbih_1st_corps:9 (front)
[brigade_assignment] Rehomed rs_19th_krajina_light_infantry into truthful sector owner sector:vrs_1st_krajina:3 (front)
[brigade_assignment] Rehomed rs_1st_prnjavor_light_infantry into truthful sector owner sector:vrs_1st_krajina:6 (reserve)
[brigade_assignment] Rehomed rs_1st_trebava_infantry into truthful sector owner sector:vrs_1st_krajina:6 (reserve)
[brigade_assignment] Rehomed rs_1st_vujak_light_infantry into truthful sector owner sector:vrs_1st_krajina:6 (reserve)
[brigade_assignment] Rehomed rs_22nd_krajina_infantry into truthful sector owner sector:vrs_1st_krajina:3 (front)
[brigade_assignment] Rehomed rs_27th_derventa_motorized into truthful sector owner sector:vrs_1st_krajina:6 (reserve)
[brigade_assignment] Rehomed rs_1st_prnjavor_light_infantry into truthful sector owner sector:vrs_1st_krajina:8 (reserve)
[brigade_assignment] Rehomed rs_1st_trebava_infantry into truthful sector owner sector:vrs_1st_krajina:8 (reserve)
[brigade_assignment] Rehomed rs_1st_vujak_light_infantry into truthful sector owner sector:vrs_1st_krajina:8 (reserve)
[brigade_assignment] Rehomed rs_27th_derventa_motorized into truthful sector owner sector:vrs_1st_krajina:8 (reserve)
[brigade_assignment] Rehomed rs_1st_prnjavor_light_infantry into truthful sector owner sector:vrs_1st_krajina:6 (reserve)
[brigade_assignment] Rehomed rs_1st_trebava_infantry into truthful sector owner sector:vrs_1st_krajina:6 (reserve)
[brigade_assignment] Rehomed rs_1st_vujak_light_infantry into truthful sector owner sector:vrs_1st_krajina:6 (reserve)
[brigade_assignment] Rehomed rs_27th_derventa_motorized into truthful sector owner sector:vrs_1st_krajina:6 (reserve)
[brigade_assignment] Rehomed arbih_851st_vitezka_liberation into truthful sector owner sector:arbih_1st_corps:9 (front)
[brigade_assignment] Rehomed rs_19th_krajina_light_infantry into truthful sector owner sector:vrs_1st_krajina:3 (front)
[brigade_assignment] Rehomed rs_1st_prnjavor_light_infantry into truthful sector owner sector:vrs_1st_krajina:6 (reserve)
[brigade_assignment] Rehomed rs_1st_trebava_infantry into truthful sector owner sector:vrs_1st_krajina:6 (reserve)
[brigade_assignment] Rehomed rs_1st_vujak_light_infantry into truthful sector owner sector:vrs_1st_krajina:6 (reserve)
[brigade_assignment] Rehomed rs_22nd_krajina_infantry into truthful sector owner sector:vrs_1st_krajina:3 (front)
[brigade_assignment] Rehomed rs_27th_derventa_motorized into truthful sector owner sector:vrs_1st_krajina:6 (reserve)
[brigade_assignment] Rehomed rs_1st_prnjavor_light_infantry into truthful sector owner sector:vrs_1st_krajina:8 (reserve)
[brigade_assignment] Rehomed rs_1st_trebava_infantry into truthful sector owner sector:vrs_1st_krajina:8 (reserve)
[brigade_assignment] Rehomed rs_1st_vujak_light_infantry into truthful sector owner sector:vrs_1st_krajina:8 (reserve)
[brigade_assignment] Rehomed rs_27th_derventa_motorized into truthful sector owner sector:vrs_1st_krajina:8 (reserve)
[brigade_assignment] Rehomed rs_1st_prnjavor_light_infantry into truthful sector owner sector:vrs_1st_krajina:6 (reserve)
[brigade_assignment] Rehomed rs_1st_trebava_infantry into truthful sector owner sector:vrs_1st_krajina:6 (reserve)
[brigade_assignment] Rehomed rs_1st_vujak_light_infantry into truthful sector owner sector:vrs_1st_krajina:6 (reserve)
[brigade_assignment] Rehomed rs_27th_derventa_motorized into truthful sector owner sector:vrs_1st_krajina:6 (reserve)
[brigade_assignment] Rehomed arbih_851st_vitezka_liberation into truthful sector owner sector:arbih_1st_corps:9 (front)
[brigade_assignment] Rehomed rs_19th_krajina_light_infantry into truthful sector owner sector:vrs_1st_krajina:3 (front)
[brigade_assignment] Rehomed rs_1st_prnjavor_light_infantry into truthful sector owner sector:vrs_1st_krajina:6 (reserve)
[brigade_assignment] Rehomed rs_1st_trebava_infantry into truthful sector owner sector:vrs_1st_krajina:6 (reserve)
[brigade_assignment] Rehomed rs_1st_vujak_light_infantry into truthful sector owner sector:vrs_1st_krajina:6 (reserve)
[brigade_assignment] Rehomed rs_22nd_krajina_infantry into truthful sector owner sector:vrs_1st_krajina:3 (front)
[brigade_assignment] Rehomed rs_27th_derventa_motorized into truthful sector owner sector:vrs_1st_krajina:6 (reserve)
[brigade_assignment] Rehomed rs_1st_prnjavor_light_infantry into truthful sector owner sector:vrs_1st_krajina:8 (reserve)
[brigade_assignment] Rehomed rs_1st_trebava_infantry into truthful sector owner sector:vrs_1st_krajina:8 (reserve)
[brigade_assignment] Rehomed rs_1st_vujak_light_infantry into truthful sector owner sector:vrs_1st_krajina:8 (reserve)
[brigade_assignment] Rehomed rs_27th_derventa_motorized into truthful sector owner sector:vrs_1st_krajina:8 (reserve)
[brigade_assignment] FINAL_SEAL kind=turn turn=52 unresolved=0
[brigade_assignment] Rehomed rs_1st_prnjavor_light_infantry into truthful sector owner sector:vrs_1st_krajina:6 (reserve)
[brigade_assignment] Rehomed rs_1st_trebava_infantry into truthful sector owner sector:vrs_1st_krajina:6 (reserve)
[brigade_assignment] Rehomed rs_1st_vujak_light_infantry into truthful sector owner sector:vrs_1st_krajina:6 (reserve)
[brigade_assignment] Rehomed rs_27th_derventa_motorized into truthful sector owner sector:vrs_1st_krajina:6 (reserve)
[brigade_assignment] Rehomed arbih_851st_vitezka_liberation into truthful sector owner sector:arbih_1st_corps:9 (front)
[brigade_assignment] Rehomed rs_19th_krajina_light_infantry into truthful sector owner sector:vrs_1st_krajina:3 (front)
[brigade_assignment] Rehomed rs_1st_prnjavor_light_infantry into truthful sector owner sector:vrs_1st_krajina:6 (reserve)
[brigade_assignment] Rehomed rs_1st_trebava_infantry into truthful sector owner sector:vrs_1st_krajina:6 (reserve)
[brigade_assignment] Rehomed rs_1st_vujak_light_infantry into truthful sector owner sector:vrs_1st_krajina:6 (reserve)
[brigade_assignment] Rehomed rs_22nd_krajina_infantry into truthful sector owner sector:vrs_1st_krajina:3 (front)
[brigade_assignment] Rehomed rs_27th_derventa_motorized into truthful sector owner sector:vrs_1st_krajina:6 (reserve)
[brigade_assignment] Rehomed rs_1st_prnjavor_light_infantry into truthful sector owner sector:vrs_1st_krajina:8 (reserve)
[brigade_assignment] Rehomed rs_1st_trebava_infantry into truthful sector owner sector:vrs_1st_krajina:8 (reserve)
[brigade_assignment] Rehomed rs_1st_vujak_light_infantry into truthful sector owner sector:vrs_1st_krajina:8 (reserve)
[brigade_assignment] Rehomed rs_27th_derventa_motorized into truthful sector owner sector:vrs_1st_krajina:8 (reserve)
[brigade_assignment] Rehomed rs_1st_prnjavor_light_infantry into truthful sector owner sector:vrs_1st_krajina:6 (reserve)
[brigade_assignment] Rehomed rs_1st_trebava_infantry into truthful sector owner sector:vrs_1st_krajina:6 (reserve)
[brigade_assignment] Rehomed rs_1st_vujak_light_infantry into truthful sector owner sector:vrs_1st_krajina:6 (reserve)
[brigade_assignment] Rehomed rs_27th_derventa_motorized into truthful sector owner sector:vrs_1st_krajina:6 (reserve)
[brigade_assignment] Rehomed arbih_851st_vitezka_liberation into truthful sector owner sector:arbih_1st_corps:9 (front)
[brigade_assignment] Rehomed rs_1st_prnjavor_light_infantry into truthful sector owner sector:vrs_1st_krajina:6 (reserve)
[brigade_assignment] Rehomed rs_1st_trebava_infantry into truthful sector owner sector:vrs_1st_krajina:6 (reserve)
[brigade_assignment] Rehomed rs_1st_vujak_light_infantry into truthful sector owner sector:vrs_1st_krajina:6 (reserve)
[brigade_assignment] Rehomed rs_22nd_krajina_infantry into truthful sector owner sector:vrs_1st_krajina:3 (front)
[brigade_assignment] Rehomed rs_27th_derventa_motorized into truthful sector owner sector:vrs_1st_krajina:6 (reserve)
[brigade_assignment] Rehomed rs_1st_prnjavor_light_infantry into truthful sector owner sector:vrs_1st_krajina:8 (reserve)
[brigade_assignment] Rehomed rs_1st_trebava_infantry into truthful sector owner sector:vrs_1st_krajina:8 (reserve)
[brigade_assignment] Rehomed rs_1st_vujak_light_infantry into truthful sector owner sector:vrs_1st_krajina:8 (reserve)
[brigade_assignment] Rehomed rs_27th_derventa_motorized into truthful sector owner sector:vrs_1st_krajina:8 (reserve)
[brigade_assignment] Rehomed rs_1st_prnjavor_light_infantry into truthful sector owner sector:vrs_1st_krajina:6 (reserve)
[brigade_assignment] Rehomed rs_1st_trebava_infantry into truthful sector owner sector:vrs_1st_krajina:6 (reserve)
[brigade_assignment] Rehomed rs_1st_vujak_light_infantry into truthful sector owner sector:vrs_1st_krajina:6 (reserve)
[brigade_assignment] Rehomed rs_27th_derventa_motorized into truthful sector owner sector:vrs_1st_krajina:6 (reserve)
[brigade_assignment] Rehomed arbih_851st_vitezka_liberation into truthful sector owner sector:arbih_1st_corps:9 (front)
[brigade_assignment] Rehomed rs_1st_prnjavor_light_infantry into truthful sector owner sector:vrs_1st_krajina:6 (reserve)
[brigade_assignment] Rehomed rs_1st_trebava_infantry into truthful sector owner sector:vrs_1st_krajina:6 (reserve)
[brigade_assignment] Rehomed rs_1st_vujak_light_infantry into truthful sector owner sector:vrs_1st_krajina:6 (reserve)
[brigade_assignment] Rehomed rs_22nd_krajina_infantry into truthful sector owner sector:vrs_1st_krajina:3 (front)
[brigade_assignment] Rehomed rs_27th_derventa_motorized into truthful sector owner sector:vrs_1st_krajina:6 (reserve)
[brigade_assignment] Rehomed rs_1st_prnjavor_light_infantry into truthful sector owner sector:vrs_1st_krajina:8 (reserve)
[brigade_assignment] Rehomed rs_1st_trebava_infantry into truthful sector owner sector:vrs_1st_krajina:8 (reserve)
[brigade_assignment] Rehomed rs_1st_vujak_light_infantry into truthful sector owner sector:vrs_1st_krajina:8 (reserve)
[brigade_assignment] Rehomed rs_27th_derventa_motorized into truthful sector owner sector:vrs_1st_krajina:8 (reserve)
[brigade_assignment] FINAL_SEAL kind=turn turn=53 unresolved=0
[brigade_assignment] Rehomed rs_1st_prnjavor_light_infantry into truthful sector owner sector:vrs_1st_krajina:6 (reserve)
[brigade_assignment] Rehomed rs_1st_trebava_infantry into truthful sector owner sector:vrs_1st_krajina:6 (reserve)
[brigade_assignment] Rehomed rs_1st_vujak_light_infantry into truthful sector owner sector:vrs_1st_krajina:6 (reserve)
[brigade_assignment] Rehomed rs_27th_derventa_motorized into truthful sector owner sector:vrs_1st_krajina:6 (reserve)
[brigade_assignment] Rehomed arbih_851st_vitezka_liberation into truthful sector owner sector:arbih_1st_corps:9 (front)
[brigade_assignment] Rehomed rs_1st_prnjavor_light_infantry into truthful sector owner sector:vrs_1st_krajina:6 (reserve)
[brigade_assignment] Rehomed rs_1st_trebava_infantry into truthful sector owner sector:vrs_1st_krajina:6 (reserve)
[brigade_assignment] Rehomed rs_1st_vujak_light_infantry into truthful sector owner sector:vrs_1st_krajina:6 (reserve)
[brigade_assignment] Rehomed rs_22nd_krajina_infantry into truthful sector owner sector:vrs_1st_krajina:2 (front)
[brigade_assignment] Rehomed rs_27th_derventa_motorized into truthful sector owner sector:vrs_1st_krajina:6 (reserve)
[brigade_assignment] Rehomed rs_1st_prnjavor_light_infantry into truthful sector owner sector:vrs_1st_krajina:8 (reserve)
[brigade_assignment] Rehomed rs_1st_trebava_infantry into truthful sector owner sector:vrs_1st_krajina:8 (reserve)
[brigade_assignment] Rehomed rs_1st_vujak_light_infantry into truthful sector owner sector:vrs_1st_krajina:8 (reserve)
[brigade_assignment] Rehomed rs_27th_derventa_motorized into truthful sector owner sector:vrs_1st_krajina:8 (reserve)
[brigade_assignment] Rehomed rs_1st_prnjavor_light_infantry into truthful sector owner sector:vrs_1st_krajina:6 (reserve)
[brigade_assignment] Rehomed rs_1st_trebava_infantry into truthful sector owner sector:vrs_1st_krajina:6 (reserve)
[brigade_assignment] Rehomed rs_1st_vujak_light_infantry into truthful sector owner sector:vrs_1st_krajina:6 (reserve)
[brigade_assignment] Rehomed rs_27th_derventa_motorized into truthful sector owner sector:vrs_1st_krajina:6 (reserve)
[brigade_assignment] Rehomed arbih_851st_vitezka_liberation into truthful sector owner sector:arbih_1st_corps:9 (front)
[brigade_assignment] Rehomed rs_1st_prnjavor_light_infantry into truthful sector owner sector:vrs_1st_krajina:6 (reserve)
[brigade_assignment] Rehomed rs_1st_trebava_infantry into truthful sector owner sector:vrs_1st_krajina:6 (reserve)
[brigade_assignment] Rehomed rs_1st_vujak_light_infantry into truthful sector owner sector:vrs_1st_krajina:6 (reserve)
[brigade_assignment] Rehomed rs_22nd_krajina_infantry into truthful sector owner sector:vrs_1st_krajina:2 (front)
[brigade_assignment] Rehomed rs_27th_derventa_motorized into truthful sector owner sector:vrs_1st_krajina:6 (reserve)
[brigade_assignment] Rehomed rs_1st_prnjavor_light_infantry into truthful sector owner sector:vrs_1st_krajina:8 (reserve)
[brigade_assignment] Rehomed rs_1st_trebava_infantry into truthful sector owner sector:vrs_1st_krajina:8 (reserve)
[brigade_assignment] Rehomed rs_1st_vujak_light_infantry into truthful sector owner sector:vrs_1st_krajina:8 (reserve)
[brigade_assignment] Rehomed rs_27th_derventa_motorized into truthful sector owner sector:vrs_1st_krajina:8 (reserve)
[brigade_assignment] Rehomed rs_1st_prnjavor_light_infantry into truthful sector owner sector:vrs_1st_krajina:6 (reserve)
[brigade_assignment] Rehomed rs_1st_trebava_infantry into truthful sector owner sector:vrs_1st_krajina:6 (reserve)
[brigade_assignment] Rehomed rs_1st_vujak_light_infantry into truthful sector owner sector:vrs_1st_krajina:6 (reserve)
[brigade_assignment] Rehomed rs_27th_derventa_motorized into truthful sector owner sector:vrs_1st_krajina:6 (reserve)
[brigade_assignment] Rehomed arbih_851st_vitezka_liberation into truthful sector owner sector:arbih_1st_corps:9 (front)
[brigade_assignment] Rehomed rs_1st_prnjavor_light_infantry into truthful sector owner sector:vrs_1st_krajina:6 (reserve)
[brigade_assignment] Rehomed rs_1st_trebava_infantry into truthful sector owner sector:vrs_1st_krajina:6 (reserve)
[brigade_assignment] Rehomed rs_1st_vujak_light_infantry into truthful sector owner sector:vrs_1st_krajina:6 (reserve)
[brigade_assignment] Rehomed rs_22nd_krajina_infantry into truthful sector owner sector:vrs_1st_krajina:2 (front)
[brigade_assignment] Rehomed rs_27th_derventa_motorized into truthful sector owner sector:vrs_1st_krajina:6 (reserve)
[brigade_assignment] Rehomed rs_1st_prnjavor_light_infantry into truthful sector owner sector:vrs_1st_krajina:8 (reserve)
[brigade_assignment] Rehomed rs_1st_trebava_infantry into truthful sector owner sector:vrs_1st_krajina:8 (reserve)
[brigade_assignment] Rehomed rs_1st_vujak_light_infantry into truthful sector owner sector:vrs_1st_krajina:8 (reserve)
[brigade_assignment] Rehomed rs_27th_derventa_motorized into truthful sector owner sector:vrs_1st_krajina:8 (reserve)
[brigade_assignment] FINAL_SEAL kind=turn turn=54 unresolved=0
[brigade_assignment] Rehomed rs_1st_prnjavor_light_infantry into truthful sector owner sector:vrs_1st_krajina:6 (reserve)
[brigade_assignment] Rehomed rs_1st_trebava_infantry into truthful sector owner sector:vrs_1st_krajina:6 (reserve)
[brigade_assignment] Rehomed rs_1st_vujak_light_infantry into truthful sector owner sector:vrs_1st_krajina:6 (reserve)
[brigade_assignment] Rehomed rs_27th_derventa_motorized into truthful sector owner sector:vrs_1st_krajina:6 (reserve)
[brigade_assignment] Rehomed arbih_851st_vitezka_liberation into truthful sector owner sector:arbih_1st_corps:9 (front)
[brigade_assignment] Rehomed rs_1st_prnjavor_light_infantry into truthful sector owner sector:vrs_1st_krajina:6 (reserve)
[brigade_assignment] Rehomed rs_1st_trebava_infantry into truthful sector owner sector:vrs_1st_krajina:6 (reserve)
[brigade_assignment] Rehomed rs_1st_vujak_light_infantry into truthful sector owner sector:vrs_1st_krajina:6 (reserve)
[brigade_assignment] Rehomed rs_22nd_krajina_infantry into truthful sector owner sector:vrs_1st_krajina:2 (front)
[brigade_assignment] Rehomed rs_27th_derventa_motorized into truthful sector owner sector:vrs_1st_krajina:6 (reserve)
[brigade_assignment] Rehomed rs_1st_prnjavor_light_infantry into truthful sector owner sector:vrs_1st_krajina:8 (reserve)
[brigade_assignment] Rehomed rs_1st_trebava_infantry into truthful sector owner sector:vrs_1st_krajina:8 (reserve)
[brigade_assignment] Rehomed rs_1st_vujak_light_infantry into truthful sector owner sector:vrs_1st_krajina:8 (reserve)
[brigade_assignment] Rehomed rs_27th_derventa_motorized into truthful sector owner sector:vrs_1st_krajina:8 (reserve)
[brigade_assignment] Rehomed rs_1st_prnjavor_light_infantry into truthful sector owner sector:vrs_1st_krajina:6 (reserve)
[brigade_assignment] Rehomed rs_1st_trebava_infantry into truthful sector owner sector:vrs_1st_krajina:6 (reserve)
[brigade_assignment] Rehomed rs_1st_vujak_light_infantry into truthful sector owner sector:vrs_1st_krajina:6 (reserve)
[brigade_assignment] Rehomed rs_27th_derventa_motorized into truthful sector owner sector:vrs_1st_krajina:6 (reserve)
[brigade_assignment] Rehomed arbih_851st_vitezka_liberation into truthful sector owner sector:arbih_1st_corps:9 (front)
[brigade_assignment] Rehomed rs_1st_prnjavor_light_infantry into truthful sector owner sector:vrs_1st_krajina:6 (reserve)
[brigade_assignment] Rehomed rs_1st_trebava_infantry into truthful sector owner sector:vrs_1st_krajina:6 (reserve)
[brigade_assignment] Rehomed rs_1st_vujak_light_infantry into truthful sector owner sector:vrs_1st_krajina:6 (reserve)
[brigade_assignment] Rehomed rs_22nd_krajina_infantry into truthful sector owner sector:vrs_1st_krajina:2 (front)
[brigade_assignment] Rehomed rs_27th_derventa_motorized into truthful sector owner sector:vrs_1st_krajina:6 (reserve)
[brigade_assignment] Rehomed rs_1st_prnjavor_light_infantry into truthful sector owner sector:vrs_1st_krajina:8 (reserve)
[brigade_assignment] Rehomed rs_1st_trebava_infantry into truthful sector owner sector:vrs_1st_krajina:8 (reserve)
[brigade_assignment] Rehomed rs_1st_vujak_light_infantry into truthful sector owner sector:vrs_1st_krajina:8 (reserve)
[brigade_assignment] Rehomed rs_27th_derventa_motorized into truthful sector owner sector:vrs_1st_krajina:8 (reserve)
[brigade_assignment] Rehomed rs_1st_prnjavor_light_infantry into truthful sector owner sector:vrs_1st_krajina:6 (reserve)
[brigade_assignment] Rehomed rs_1st_trebava_infantry into truthful sector owner sector:vrs_1st_krajina:6 (reserve)
[brigade_assignment] Rehomed rs_1st_vujak_light_infantry into truthful sector owner sector:vrs_1st_krajina:6 (reserve)
[brigade_assignment] Rehomed rs_27th_derventa_motorized into truthful sector owner sector:vrs_1st_krajina:6 (reserve)
[brigade_assignment] Rehomed arbih_851st_vitezka_liberation into truthful sector owner sector:arbih_1st_corps:9 (front)
[brigade_assignment] Rehomed rs_1st_prnjavor_light_infantry into truthful sector owner sector:vrs_1st_krajina:6 (reserve)
[brigade_assignment] Rehomed rs_1st_trebava_infantry into truthful sector owner sector:vrs_1st_krajina:6 (reserve)
[brigade_assignment] Rehomed rs_1st_vujak_light_infantry into truthful sector owner sector:vrs_1st_krajina:6 (reserve)
[brigade_assignment] Rehomed rs_22nd_krajina_infantry into truthful sector owner sector:vrs_1st_krajina:2 (front)
[brigade_assignment] Rehomed rs_27th_derventa_motorized into truthful sector owner sector:vrs_1st_krajina:6 (reserve)
[brigade_assignment] Rehomed rs_1st_prnjavor_light_infantry into truthful sector owner sector:vrs_1st_krajina:8 (reserve)
[brigade_assignment] Rehomed rs_1st_trebava_infantry into truthful sector owner sector:vrs_1st_krajina:8 (reserve)
[brigade_assignment] Rehomed rs_1st_vujak_light_infantry into truthful sector owner sector:vrs_1st_krajina:8 (reserve)
[brigade_assignment] Rehomed rs_27th_derventa_motorized into truthful sector owner sector:vrs_1st_krajina:8 (reserve)
[brigade_assignment] FINAL_SEAL kind=turn turn=55 unresolved=0
[brigade_assignment] Rehomed rs_1st_prnjavor_light_infantry into truthful sector owner sector:vrs_1st_krajina:6 (reserve)
[brigade_assignment] Rehomed rs_1st_trebava_infantry into truthful sector owner sector:vrs_1st_krajina:6 (reserve)
[brigade_assignment] Rehomed rs_1st_vujak_light_infantry into truthful sector owner sector:vrs_1st_krajina:6 (reserve)
[brigade_assignment] Rehomed rs_27th_derventa_motorized into truthful sector owner sector:vrs_1st_krajina:6 (reserve)
[brigade_assignment] Rehomed arbih_851st_vitezka_liberation into truthful sector owner sector:arbih_1st_corps:9 (front)
[brigade_assignment] Rehomed rs_1st_prnjavor_light_infantry into truthful sector owner sector:vrs_1st_krajina:6 (reserve)
[brigade_assignment] Rehomed rs_1st_trebava_infantry into truthful sector owner sector:vrs_1st_krajina:6 (reserve)
[brigade_assignment] Rehomed rs_1st_vujak_light_infantry into truthful sector owner sector:vrs_1st_krajina:6 (reserve)
[brigade_assignment] Rehomed rs_22nd_krajina_infantry into truthful sector owner sector:vrs_1st_krajina:2 (front)
[brigade_assignment] Rehomed rs_27th_derventa_motorized into truthful sector owner sector:vrs_1st_krajina:6 (reserve)
[brigade_assignment] Rehomed rs_1st_prnjavor_light_infantry into truthful sector owner sector:vrs_1st_krajina:8 (reserve)
[brigade_assignment] Rehomed rs_1st_trebava_infantry into truthful sector owner sector:vrs_1st_krajina:8 (reserve)
[brigade_assignment] Rehomed rs_1st_vujak_light_infantry into truthful sector owner sector:vrs_1st_krajina:8 (reserve)
[brigade_assignment] Rehomed rs_27th_derventa_motorized into truthful sector owner sector:vrs_1st_krajina:8 (reserve)
[brigade_assignment] Rehomed rs_1st_prnjavor_light_infantry into truthful sector owner sector:vrs_1st_krajina:6 (reserve)
[brigade_assignment] Rehomed rs_1st_trebava_infantry into truthful sector owner sector:vrs_1st_krajina:6 (reserve)
[brigade_assignment] Rehomed rs_1st_vujak_light_infantry into truthful sector owner sector:vrs_1st_krajina:6 (reserve)
[brigade_assignment] Rehomed rs_27th_derventa_motorized into truthful sector owner sector:vrs_1st_krajina:6 (reserve)
[brigade_assignment] Rehomed arbih_851st_vitezka_liberation into truthful sector owner sector:arbih_1st_corps:9 (front)
[brigade_assignment] Rehomed rs_1st_prnjavor_light_infantry into truthful sector owner sector:vrs_1st_krajina:6 (reserve)
[brigade_assignment] Rehomed rs_1st_trebava_infantry into truthful sector owner sector:vrs_1st_krajina:6 (reserve)
[brigade_assignment] Rehomed rs_1st_vujak_light_infantry into truthful sector owner sector:vrs_1st_krajina:6 (reserve)
[brigade_assignment] Rehomed rs_22nd_krajina_infantry into truthful sector owner sector:vrs_1st_krajina:2 (front)
[brigade_assignment] Rehomed rs_27th_derventa_motorized into truthful sector owner sector:vrs_1st_krajina:6 (reserve)
[brigade_assignment] Rehomed rs_1st_prnjavor_light_infantry into truthful sector owner sector:vrs_1st_krajina:8 (reserve)
[brigade_assignment] Rehomed rs_1st_trebava_infantry into truthful sector owner sector:vrs_1st_krajina:8 (reserve)
[brigade_assignment] Rehomed rs_1st_vujak_light_infantry into truthful sector owner sector:vrs_1st_krajina:8 (reserve)
[brigade_assignment] Rehomed rs_27th_derventa_motorized into truthful sector owner sector:vrs_1st_krajina:8 (reserve)
[brigade_assignment] Rehomed rs_1st_prnjavor_light_infantry into truthful sector owner sector:vrs_1st_krajina:6 (reserve)
[brigade_assignment] Rehomed rs_1st_trebava_infantry into truthful sector owner sector:vrs_1st_krajina:6 (reserve)
[brigade_assignment] Rehomed rs_1st_vujak_light_infantry into truthful sector owner sector:vrs_1st_krajina:6 (reserve)
[brigade_assignment] Rehomed rs_27th_derventa_motorized into truthful sector owner sector:vrs_1st_krajina:6 (reserve)
[brigade_assignment] Rehomed arbih_851st_vitezka_liberation into truthful sector owner sector:arbih_1st_corps:9 (front)
[brigade_assignment] Rehomed rs_1st_prnjavor_light_infantry into truthful sector owner sector:vrs_1st_krajina:6 (reserve)
[brigade_assignment] Rehomed rs_1st_trebava_infantry into truthful sector owner sector:vrs_1st_krajina:6 (reserve)
[brigade_assignment] Rehomed rs_1st_vujak_light_infantry into truthful sector owner sector:vrs_1st_krajina:6 (reserve)
[brigade_assignment] Rehomed rs_22nd_krajina_infantry into truthful sector owner sector:vrs_1st_krajina:2 (front)
[brigade_assignment] Rehomed rs_27th_derventa_motorized into truthful sector owner sector:vrs_1st_krajina:6 (reserve)
[brigade_assignment] Rehomed rs_1st_prnjavor_light_infantry into truthful sector owner sector:vrs_1st_krajina:8 (reserve)
[brigade_assignment] Rehomed rs_1st_trebava_infantry into truthful sector owner sector:vrs_1st_krajina:8 (reserve)
[brigade_assignment] Rehomed rs_1st_vujak_light_infantry into truthful sector owner sector:vrs_1st_krajina:8 (reserve)
[brigade_assignment] Rehomed rs_27th_derventa_motorized into truthful sector owner sector:vrs_1st_krajina:8 (reserve)
[brigade_assignment] FINAL_SEAL kind=turn turn=56 unresolved=0
[brigade_assignment] Rehomed rs_1st_prnjavor_light_infantry into truthful sector owner sector:vrs_1st_krajina:6 (reserve)
[brigade_assignment] Rehomed rs_1st_trebava_infantry into truthful sector owner sector:vrs_1st_krajina:6 (reserve)
[brigade_assignment] Rehomed rs_1st_vujak_light_infantry into truthful sector owner sector:vrs_1st_krajina:6 (reserve)
[brigade_assignment] Rehomed rs_27th_derventa_motorized into truthful sector owner sector:vrs_1st_krajina:6 (reserve)
[brigade_assignment] Rehomed arbih_851st_vitezka_liberation into truthful sector owner sector:arbih_1st_corps:9 (front)
[brigade_assignment] Rehomed rs_1st_prnjavor_light_infantry into truthful sector owner sector:vrs_1st_krajina:6 (reserve)
[brigade_assignment] Rehomed rs_1st_trebava_infantry into truthful sector owner sector:vrs_1st_krajina:6 (reserve)
[brigade_assignment] Rehomed rs_1st_vujak_light_infantry into truthful sector owner sector:vrs_1st_krajina:6 (reserve)
[brigade_assignment] Rehomed rs_22nd_krajina_infantry into truthful sector owner sector:vrs_1st_krajina:2 (front)
[brigade_assignment] Rehomed rs_27th_derventa_motorized into truthful sector owner sector:vrs_1st_krajina:6 (reserve)
[brigade_assignment] Rehomed rs_1st_prnjavor_light_infantry into truthful sector owner sector:vrs_1st_krajina:8 (reserve)
[brigade_assignment] Rehomed rs_1st_trebava_infantry into truthful sector owner sector:vrs_1st_krajina:8 (reserve)
[brigade_assignment] Rehomed rs_1st_vujak_light_infantry into truthful sector owner sector:vrs_1st_krajina:8 (reserve)
[brigade_assignment] Rehomed rs_27th_derventa_motorized into truthful sector owner sector:vrs_1st_krajina:8 (reserve)
[brigade_assignment] Rehomed rs_1st_prnjavor_light_infantry into truthful sector owner sector:vrs_1st_krajina:6 (reserve)
[brigade_assignment] Rehomed rs_1st_trebava_infantry into truthful sector owner sector:vrs_1st_krajina:6 (reserve)
[brigade_assignment] Rehomed rs_1st_vujak_light_infantry into truthful sector owner sector:vrs_1st_krajina:6 (reserve)
[brigade_assignment] Rehomed rs_27th_derventa_motorized into truthful sector owner sector:vrs_1st_krajina:6 (reserve)
[brigade_assignment] Rehomed arbih_851st_vitezka_liberation into truthful sector owner sector:arbih_1st_corps:9 (front)
[brigade_assignment] Rehomed rs_1st_prnjavor_light_infantry into truthful sector owner sector:vrs_1st_krajina:6 (reserve)
[brigade_assignment] Rehomed rs_1st_trebava_infantry into truthful sector owner sector:vrs_1st_krajina:6 (reserve)
[brigade_assignment] Rehomed rs_1st_vujak_light_infantry into truthful sector owner sector:vrs_1st_krajina:6 (reserve)
[brigade_assignment] Rehomed rs_22nd_krajina_infantry into truthful sector owner sector:vrs_1st_krajina:2 (front)
[brigade_assignment] Rehomed rs_27th_derventa_motorized into truthful sector owner sector:vrs_1st_krajina:6 (reserve)
[brigade_assignment] Rehomed rs_1st_prnjavor_light_infantry into truthful sector owner sector:vrs_1st_krajina:8 (reserve)
[brigade_assignment] Rehomed rs_1st_trebava_infantry into truthful sector owner sector:vrs_1st_krajina:8 (reserve)
[brigade_assignment] Rehomed rs_1st_vujak_light_infantry into truthful sector owner sector:vrs_1st_krajina:8 (reserve)
[brigade_assignment] Rehomed rs_27th_derventa_motorized into truthful sector owner sector:vrs_1st_krajina:8 (reserve)
[brigade_assignment] Rehomed rs_1st_prnjavor_light_infantry into truthful sector owner sector:vrs_1st_krajina:6 (reserve)
[brigade_assignment] Rehomed rs_1st_trebava_infantry into truthful sector owner sector:vrs_1st_krajina:6 (reserve)
[brigade_assignment] Rehomed rs_1st_vujak_light_infantry into truthful sector owner sector:vrs_1st_krajina:6 (reserve)
[brigade_assignment] Rehomed rs_27th_derventa_motorized into truthful sector owner sector:vrs_1st_krajina:6 (reserve)
[brigade_assignment] Rehomed arbih_851st_vitezka_liberation into truthful sector owner sector:arbih_1st_corps:9 (front)
[brigade_assignment] Rehomed rs_1st_prnjavor_light_infantry into truthful sector owner sector:vrs_1st_krajina:6 (reserve)
[brigade_assignment] Rehomed rs_1st_trebava_infantry into truthful sector owner sector:vrs_1st_krajina:6 (reserve)
[brigade_assignment] Rehomed rs_1st_vujak_light_infantry into truthful sector owner sector:vrs_1st_krajina:6 (reserve)
[brigade_assignment] Rehomed rs_22nd_krajina_infantry into truthful sector owner sector:vrs_1st_krajina:2 (front)
[brigade_assignment] Rehomed rs_27th_derventa_motorized into truthful sector owner sector:vrs_1st_krajina:6 (reserve)
[brigade_assignment] Rehomed rs_1st_prnjavor_light_infantry into truthful sector owner sector:vrs_1st_krajina:8 (reserve)
[brigade_assignment] Rehomed rs_1st_trebava_infantry into truthful sector owner sector:vrs_1st_krajina:8 (reserve)
[brigade_assignment] Rehomed rs_1st_vujak_light_infantry into truthful sector owner sector:vrs_1st_krajina:8 (reserve)
[brigade_assignment] Rehomed rs_27th_derventa_motorized into truthful sector owner sector:vrs_1st_krajina:8 (reserve)
[brigade_assignment] FINAL_SEAL kind=turn turn=57 unresolved=0
[brigade_assignment] Rehomed rs_1st_prnjavor_light_infantry into truthful sector owner sector:vrs_1st_krajina:6 (reserve)
[brigade_assignment] Rehomed rs_1st_trebava_infantry into truthful sector owner sector:vrs_1st_krajina:6 (reserve)
[brigade_assignment] Rehomed rs_1st_vujak_light_infantry into truthful sector owner sector:vrs_1st_krajina:6 (reserve)
[brigade_assignment] Rehomed rs_27th_derventa_motorized into truthful sector owner sector:vrs_1st_krajina:6 (reserve)
[brigade_assignment] Rehomed arbih_851st_vitezka_liberation into truthful sector owner sector:arbih_1st_corps:9 (front)
[brigade_assignment] Rehomed rs_1st_prnjavor_light_infantry into truthful sector owner sector:vrs_1st_krajina:6 (reserve)
[brigade_assignment] Rehomed rs_1st_trebava_infantry into truthful sector owner sector:vrs_1st_krajina:6 (reserve)
[brigade_assignment] Rehomed rs_1st_vujak_light_infantry into truthful sector owner sector:vrs_1st_krajina:6 (reserve)
[brigade_assignment] Rehomed rs_22nd_krajina_infantry into truthful sector owner sector:vrs_1st_krajina:3 (front)
[brigade_assignment] Rehomed rs_27th_derventa_motorized into truthful sector owner sector:vrs_1st_krajina:6 (reserve)
[brigade_assignment] Rehomed rs_1st_prnjavor_light_infantry into truthful sector owner sector:vrs_1st_krajina:8 (reserve)
[brigade_assignment] Rehomed rs_1st_trebava_infantry into truthful sector owner sector:vrs_1st_krajina:8 (reserve)
[brigade_assignment] Rehomed rs_1st_vujak_light_infantry into truthful sector owner sector:vrs_1st_krajina:8 (reserve)
[brigade_assignment] Rehomed rs_27th_derventa_motorized into truthful sector owner sector:vrs_1st_krajina:8 (reserve)
[brigade_assignment] Rehomed rs_1st_prnjavor_light_infantry into truthful sector owner sector:vrs_1st_krajina:6 (reserve)
[brigade_assignment] Rehomed rs_1st_trebava_infantry into truthful sector owner sector:vrs_1st_krajina:6 (reserve)
[brigade_assignment] Rehomed rs_1st_vujak_light_infantry into truthful sector owner sector:vrs_1st_krajina:6 (reserve)
[brigade_assignment] Rehomed rs_27th_derventa_motorized into truthful sector owner sector:vrs_1st_krajina:6 (reserve)
[brigade_assignment] Rehomed arbih_851st_vitezka_liberation into truthful sector owner sector:arbih_1st_corps:9 (front)
[brigade_assignment] Rehomed rs_1st_prnjavor_light_infantry into truthful sector owner sector:vrs_1st_krajina:6 (reserve)
[brigade_assignment] Rehomed rs_1st_trebava_infantry into truthful sector owner sector:vrs_1st_krajina:6 (reserve)
[brigade_assignment] Rehomed rs_1st_vujak_light_infantry into truthful sector owner sector:vrs_1st_krajina:6 (reserve)
[brigade_assignment] Rehomed rs_22nd_krajina_infantry into truthful sector owner sector:vrs_1st_krajina:3 (front)
[brigade_assignment] Rehomed rs_27th_derventa_motorized into truthful sector owner sector:vrs_1st_krajina:6 (reserve)
[brigade_assignment] Rehomed rs_1st_prnjavor_light_infantry into truthful sector owner sector:vrs_1st_krajina:8 (reserve)
[brigade_assignment] Rehomed rs_1st_trebava_infantry into truthful sector owner sector:vrs_1st_krajina:8 (reserve)
[brigade_assignment] Rehomed rs_1st_vujak_light_infantry into truthful sector owner sector:vrs_1st_krajina:8 (reserve)
[brigade_assignment] Rehomed rs_27th_derventa_motorized into truthful sector owner sector:vrs_1st_krajina:8 (reserve)
[brigade_assignment] FINAL_SEAL kind=turn turn=58 unresolved=0
[brigade_assignment] Rehomed rs_1st_prnjavor_light_infantry into truthful sector owner sector:vrs_1st_krajina:4 (reserve)
[brigade_assignment] Rehomed rs_1st_trebava_infantry into truthful sector owner sector:vrs_1st_krajina:4 (reserve)
[brigade_assignment] Rehomed rs_1st_vujak_light_infantry into truthful sector owner sector:vrs_1st_krajina:4 (reserve)
[brigade_assignment] Rehomed rs_27th_derventa_motorized into truthful sector owner sector:vrs_1st_krajina:4 (reserve)
[brigade_assignment] Rehomed arbih_851st_vitezka_liberation into truthful sector owner sector:arbih_1st_corps:9 (front)
[brigade_assignment] Rehomed rs_11th_dubica_infantry into truthful sector owner sector:vrs_1st_krajina:1 (reserve)
[brigade_assignment] Rehomed rs_1st_prnjavor_light_infantry into truthful sector owner sector:vrs_1st_krajina:4 (reserve)
[brigade_assignment] Rehomed rs_1st_sipovo_light_infantry into truthful sector owner sector:vrs_1st_krajina:1 (reserve)
[brigade_assignment] Rehomed rs_1st_trebava_infantry into truthful sector owner sector:vrs_1st_krajina:4 (reserve)
[brigade_assignment] Rehomed rs_1st_vujak_light_infantry into truthful sector owner sector:vrs_1st_krajina:4 (reserve)
[brigade_assignment] Rehomed rs_27th_derventa_motorized into truthful sector owner sector:vrs_1st_krajina:4 (reserve)
[brigade_assignment] Rehomed rs_2nd_banja_luka_light_infantry into truthful sector owner sector:vrs_1st_krajina:1 (reserve)
[brigade_assignment] Rehomed rs_11th_dubica_infantry into truthful sector owner sector:vrs_1st_krajina:3 (reserve)
[brigade_assignment] Rehomed rs_1st_prnjavor_light_infantry into truthful sector owner sector:vrs_1st_krajina:6 (reserve)
[brigade_assignment] Rehomed rs_1st_sipovo_light_infantry into truthful sector owner sector:vrs_1st_krajina:3 (reserve)
[brigade_assignment] Rehomed rs_1st_trebava_infantry into truthful sector owner sector:vrs_1st_krajina:6 (reserve)
[brigade_assignment] Rehomed rs_1st_vujak_light_infantry into truthful sector owner sector:vrs_1st_krajina:6 (reserve)
[brigade_assignment] Rehomed rs_27th_derventa_motorized into truthful sector owner sector:vrs_1st_krajina:6 (reserve)
[brigade_assignment] Rehomed rs_2nd_banja_luka_light_infantry into truthful sector owner sector:vrs_1st_krajina:3 (reserve)
[brigade_assignment] Rehomed rs_1st_prnjavor_light_infantry into truthful sector owner sector:vrs_1st_krajina:5 (reserve)
[brigade_assignment] Rehomed rs_1st_trebava_infantry into truthful sector owner sector:vrs_1st_krajina:5 (reserve)
[brigade_assignment] Rehomed rs_1st_vujak_light_infantry into truthful sector owner sector:vrs_1st_krajina:5 (reserve)
[brigade_assignment] Rehomed rs_27th_derventa_motorized into truthful sector owner sector:vrs_1st_krajina:5 (reserve)
[brigade_assignment] Rehomed arbih_851st_vitezka_liberation into truthful sector owner sector:arbih_1st_corps:9 (front)
[brigade_assignment] Rehomed rs_1st_prnjavor_light_infantry into truthful sector owner sector:vrs_1st_krajina:5 (reserve)
[brigade_assignment] Rehomed rs_1st_sipovo_light_infantry into truthful sector owner sector:vrs_1st_krajina:1 (reserve)
[brigade_assignment] Rehomed rs_1st_trebava_infantry into truthful sector owner sector:vrs_1st_krajina:5 (reserve)
[brigade_assignment] Rehomed rs_1st_vujak_light_infantry into truthful sector owner sector:vrs_1st_krajina:5 (reserve)
[brigade_assignment] Rehomed rs_27th_derventa_motorized into truthful sector owner sector:vrs_1st_krajina:5 (reserve)
[brigade_assignment] Rehomed rs_1st_prnjavor_light_infantry into truthful sector owner sector:vrs_1st_krajina:7 (reserve)
[brigade_assignment] Rehomed rs_1st_sipovo_light_infantry into truthful sector owner sector:vrs_1st_krajina:3 (reserve)
[brigade_assignment] Rehomed rs_1st_trebava_infantry into truthful sector owner sector:vrs_1st_krajina:7 (reserve)
[brigade_assignment] Rehomed rs_1st_vujak_light_infantry into truthful sector owner sector:vrs_1st_krajina:7 (reserve)
[brigade_assignment] Rehomed rs_27th_derventa_motorized into truthful sector owner sector:vrs_1st_krajina:7 (reserve)
[brigade_assignment] FINAL_SEAL kind=turn turn=59 unresolved=0
[brigade_assignment] Rehomed rs_1st_prnjavor_light_infantry into truthful sector owner sector:vrs_1st_krajina:5 (reserve)
[brigade_assignment] Rehomed rs_1st_trebava_infantry into truthful sector owner sector:vrs_1st_krajina:5 (reserve)
[brigade_assignment] Rehomed rs_1st_vujak_light_infantry into truthful sector owner sector:vrs_1st_krajina:5 (reserve)
[brigade_assignment] Rehomed rs_27th_derventa_motorized into truthful sector owner sector:vrs_1st_krajina:5 (reserve)
[brigade_assignment] Rehomed arbih_851st_vitezka_liberation into truthful sector owner sector:arbih_1st_corps:9 (front)
[brigade_assignment] Rehomed rs_1st_prnjavor_light_infantry into truthful sector owner sector:vrs_1st_krajina:5 (reserve)
[brigade_assignment] Rehomed rs_1st_sipovo_light_infantry into truthful sector owner sector:vrs_1st_krajina:1 (reserve)
[brigade_assignment] Rehomed rs_1st_trebava_infantry into truthful sector owner sector:vrs_1st_krajina:5 (reserve)
[brigade_assignment] Rehomed rs_1st_vujak_light_infantry into truthful sector owner sector:vrs_1st_krajina:5 (reserve)
[brigade_assignment] Rehomed rs_27th_derventa_motorized into truthful sector owner sector:vrs_1st_krajina:5 (reserve)
[brigade_assignment] Rehomed rs_1st_prnjavor_light_infantry into truthful sector owner sector:vrs_1st_krajina:7 (reserve)
[brigade_assignment] Rehomed rs_1st_sipovo_light_infantry into truthful sector owner sector:vrs_1st_krajina:3 (reserve)
[brigade_assignment] Rehomed rs_1st_trebava_infantry into truthful sector owner sector:vrs_1st_krajina:7 (reserve)
[brigade_assignment] Rehomed rs_1st_vujak_light_infantry into truthful sector owner sector:vrs_1st_krajina:7 (reserve)
[brigade_assignment] Rehomed rs_27th_derventa_motorized into truthful sector owner sector:vrs_1st_krajina:7 (reserve)
[op-validation] 2 issue(s) at injection: 0 error(s), 2 warning(s)
  [WARN] Central Bosnia Counteroffensive [zavidovici_position]: all_objectives_owned — All 1 objectives already controlled by RBiH
  [WARN] Central Bosnia Counteroffensive [zavidovici_position]: axis_empty — Axis would be empty: 0 valid objectives
[brigade_assignment] Rehomed rs_1st_prnjavor_light_infantry into truthful sector owner sector:vrs_1st_krajina:6 (reserve)
[brigade_assignment] Rehomed rs_1st_trebava_infantry into truthful sector owner sector:vrs_1st_krajina:6 (reserve)
[brigade_assignment] Rehomed rs_1st_vujak_light_infantry into truthful sector owner sector:vrs_1st_krajina:6 (reserve)
[brigade_assignment] Rehomed rs_27th_derventa_motorized into truthful sector owner sector:vrs_1st_krajina:6 (reserve)
[brigade_assignment] Rehomed arbih_851st_vitezka_liberation into truthful sector owner sector:arbih_1st_corps:9 (front)
[brigade_assignment] Rehomed rs_1st_prnjavor_light_infantry into truthful sector owner sector:vrs_1st_krajina:6 (reserve)
[brigade_assignment] Rehomed rs_1st_trebava_infantry into truthful sector owner sector:vrs_1st_krajina:6 (reserve)
[brigade_assignment] Rehomed rs_1st_vujak_light_infantry into truthful sector owner sector:vrs_1st_krajina:6 (reserve)
[brigade_assignment] Rehomed rs_22nd_krajina_infantry into truthful sector owner sector:vrs_1st_krajina:2 (front)
[brigade_assignment] Rehomed rs_27th_derventa_motorized into truthful sector owner sector:vrs_1st_krajina:6 (reserve)
[brigade_assignment] Rehomed rs_2nd_banja_luka_light_infantry into truthful sector owner sector:vrs_1st_krajina:2 (front)
[brigade_assignment] Rehomed rs_1st_prnjavor_light_infantry into truthful sector owner sector:vrs_1st_krajina:8 (reserve)
[brigade_assignment] Rehomed rs_1st_trebava_infantry into truthful sector owner sector:vrs_1st_krajina:8 (reserve)
[brigade_assignment] Rehomed rs_1st_vujak_light_infantry into truthful sector owner sector:vrs_1st_krajina:8 (reserve)
[brigade_assignment] Rehomed rs_27th_derventa_motorized into truthful sector owner sector:vrs_1st_krajina:8 (reserve)
[brigade_assignment] FINAL_SEAL kind=turn turn=60 unresolved=0
[brigade_assignment] Rehomed rs_1st_prnjavor_light_infantry into truthful sector owner sector:vrs_1st_krajina:4 (reserve)
[brigade_assignment] Rehomed rs_1st_trebava_infantry into truthful sector owner sector:vrs_1st_krajina:4 (reserve)
[brigade_assignment] Rehomed rs_1st_vujak_light_infantry into truthful sector owner sector:vrs_1st_krajina:4 (reserve)
[brigade_assignment] Rehomed rs_27th_derventa_motorized into truthful sector owner sector:vrs_1st_krajina:4 (reserve)
[brigade_assignment] Rehomed arbih_851st_vitezka_liberation into truthful sector owner sector:arbih_1st_corps:9 (front)
[brigade_assignment] Rehomed rs_11th_dubica_infantry into truthful sector owner sector:vrs_1st_krajina:1 (reserve)
[brigade_assignment] Rehomed rs_1st_prnjavor_light_infantry into truthful sector owner sector:vrs_1st_krajina:4 (reserve)
[brigade_assignment] Rehomed rs_1st_sipovo_light_infantry into truthful sector owner sector:vrs_1st_krajina:1 (reserve)
[brigade_assignment] Rehomed rs_1st_trebava_infantry into truthful sector owner sector:vrs_1st_krajina:4 (reserve)
[brigade_assignment] Rehomed rs_1st_vujak_light_infantry into truthful sector owner sector:vrs_1st_krajina:4 (reserve)
[brigade_assignment] Rehomed rs_27th_derventa_motorized into truthful sector owner sector:vrs_1st_krajina:4 (reserve)
[brigade_assignment] Rehomed rs_11th_dubica_infantry into truthful sector owner sector:vrs_1st_krajina:3 (reserve)
[brigade_assignment] Rehomed rs_1st_prnjavor_light_infantry into truthful sector owner sector:vrs_1st_krajina:6 (reserve)
[brigade_assignment] Rehomed rs_1st_sipovo_light_infantry into truthful sector owner sector:vrs_1st_krajina:3 (reserve)
[brigade_assignment] Rehomed rs_1st_trebava_infantry into truthful sector owner sector:vrs_1st_krajina:6 (reserve)
[brigade_assignment] Rehomed rs_1st_vujak_light_infantry into truthful sector owner sector:vrs_1st_krajina:6 (reserve)
[brigade_assignment] Rehomed rs_27th_derventa_motorized into truthful sector owner sector:vrs_1st_krajina:6 (reserve)
[brigade_assignment] Rehomed rs_1st_prnjavor_light_infantry into truthful sector owner sector:vrs_1st_krajina:5 (reserve)
[brigade_assignment] Rehomed rs_1st_trebava_infantry into truthful sector owner sector:vrs_1st_krajina:5 (reserve)
[brigade_assignment] Rehomed rs_1st_vujak_light_infantry into truthful sector owner sector:vrs_1st_krajina:5 (reserve)
[brigade_assignment] Rehomed rs_27th_derventa_motorized into truthful sector owner sector:vrs_1st_krajina:5 (reserve)
[brigade_assignment] Rehomed arbih_1st_olovo into truthful sector owner sector:arbih_2nd_corps:0 (reserve)
[brigade_assignment] Rehomed arbih_851st_vitezka_liberation into truthful sector owner sector:arbih_1st_corps:12 (front)
[brigade_assignment] Rehomed rs_1st_prnjavor_light_infantry into truthful sector owner sector:vrs_1st_krajina:5 (reserve)
[brigade_assignment] Rehomed rs_1st_sipovo_light_infantry into truthful sector owner sector:vrs_1st_krajina:1 (reserve)
[brigade_assignment] Rehomed rs_1st_trebava_infantry into truthful sector owner sector:vrs_1st_krajina:5 (reserve)
[brigade_assignment] Rehomed rs_1st_vujak_light_infantry into truthful sector owner sector:vrs_1st_krajina:5 (reserve)
[brigade_assignment] Rehomed rs_27th_derventa_motorized into truthful sector owner sector:vrs_1st_krajina:5 (reserve)
[brigade_assignment] Rehomed arbih_1st_olovo into truthful sector owner sector:arbih_2nd_corps:0 (reserve)
[brigade_assignment] Rehomed rs_1st_prnjavor_light_infantry into truthful sector owner sector:vrs_1st_krajina:7 (reserve)
[brigade_assignment] Rehomed rs_1st_sipovo_light_infantry into truthful sector owner sector:vrs_1st_krajina:3 (reserve)
[brigade_assignment] Rehomed rs_1st_trebava_infantry into truthful sector owner sector:vrs_1st_krajina:7 (reserve)
[brigade_assignment] Rehomed rs_1st_vujak_light_infantry into truthful sector owner sector:vrs_1st_krajina:7 (reserve)
[brigade_assignment] Rehomed rs_27th_derventa_motorized into truthful sector owner sector:vrs_1st_krajina:7 (reserve)
[brigade_assignment] FINAL_SEAL kind=turn turn=61 unresolved=0
[brigade_assignment] Rehomed rs_1st_prnjavor_light_infantry into truthful sector owner sector:vrs_1st_krajina:6 (reserve)
[brigade_assignment] Rehomed rs_1st_trebava_infantry into truthful sector owner sector:vrs_1st_krajina:6 (reserve)
[brigade_assignment] Rehomed rs_1st_vujak_light_infantry into truthful sector owner sector:vrs_1st_krajina:6 (reserve)
[brigade_assignment] Rehomed rs_27th_derventa_motorized into truthful sector owner sector:vrs_1st_krajina:6 (reserve)
[brigade_assignment] Rehomed arbih_1st_olovo into truthful sector owner sector:arbih_2nd_corps:0 (reserve)
[brigade_assignment] Rehomed arbih_851st_vitezka_liberation into truthful sector owner sector:arbih_1st_corps:12 (front)
[brigade_assignment] Rehomed rs_1st_prnjavor_light_infantry into truthful sector owner sector:vrs_1st_krajina:6 (reserve)
[brigade_assignment] Rehomed rs_1st_trebava_infantry into truthful sector owner sector:vrs_1st_krajina:6 (reserve)
[brigade_assignment] Rehomed rs_1st_vujak_light_infantry into truthful sector owner sector:vrs_1st_krajina:6 (reserve)
[brigade_assignment] Rehomed rs_22nd_krajina_infantry into truthful sector owner sector:vrs_1st_krajina:3 (front)
[brigade_assignment] Rehomed rs_27th_derventa_motorized into truthful sector owner sector:vrs_1st_krajina:6 (reserve)
[brigade_assignment] Rehomed rs_2nd_banja_luka_light_infantry into truthful sector owner sector:vrs_1st_krajina:3 (front)
[brigade_assignment] Rehomed arbih_1st_olovo into truthful sector owner sector:arbih_2nd_corps:0 (reserve)
[brigade_assignment] Rehomed rs_1st_prnjavor_light_infantry into truthful sector owner sector:vrs_1st_krajina:8 (reserve)
[brigade_assignment] Rehomed rs_1st_trebava_infantry into truthful sector owner sector:vrs_1st_krajina:8 (reserve)
[brigade_assignment] Rehomed rs_1st_vujak_light_infantry into truthful sector owner sector:vrs_1st_krajina:8 (reserve)
[brigade_assignment] Rehomed rs_27th_derventa_motorized into truthful sector owner sector:vrs_1st_krajina:8 (reserve)
[brigade_assignment] Rehomed rs_1st_prnjavor_light_infantry into truthful sector owner sector:vrs_1st_krajina:6 (reserve)
[brigade_assignment] Rehomed rs_1st_trebava_infantry into truthful sector owner sector:vrs_1st_krajina:6 (reserve)
[brigade_assignment] Rehomed rs_1st_vujak_light_infantry into truthful sector owner sector:vrs_1st_krajina:6 (reserve)
[brigade_assignment] Rehomed rs_27th_derventa_motorized into truthful sector owner sector:vrs_1st_krajina:6 (reserve)
[brigade_assignment] Rehomed arbih_1st_olovo into truthful sector owner sector:arbih_2nd_corps:0 (reserve)
[brigade_assignment] Rehomed rs_1st_prnjavor_light_infantry into truthful sector owner sector:vrs_1st_krajina:6 (reserve)
[brigade_assignment] Rehomed rs_1st_trebava_infantry into truthful sector owner sector:vrs_1st_krajina:6 (reserve)
[brigade_assignment] Rehomed rs_1st_vujak_light_infantry into truthful sector owner sector:vrs_1st_krajina:6 (reserve)
[brigade_assignment] Rehomed rs_22nd_krajina_infantry into truthful sector owner sector:vrs_1st_krajina:3 (front)
[brigade_assignment] Rehomed rs_27th_derventa_motorized into truthful sector owner sector:vrs_1st_krajina:6 (reserve)
[brigade_assignment] Rehomed rs_2nd_banja_luka_light_infantry into truthful sector owner sector:vrs_1st_krajina:3 (front)
[brigade_assignment] Rehomed arbih_1st_olovo into truthful sector owner sector:arbih_2nd_corps:0 (reserve)
[brigade_assignment] Rehomed rs_1st_prnjavor_light_infantry into truthful sector owner sector:vrs_1st_krajina:8 (reserve)
[brigade_assignment] Rehomed rs_1st_trebava_infantry into truthful sector owner sector:vrs_1st_krajina:8 (reserve)
[brigade_assignment] Rehomed rs_1st_vujak_light_infantry into truthful sector owner sector:vrs_1st_krajina:8 (reserve)
[brigade_assignment] Rehomed rs_27th_derventa_motorized into truthful sector owner sector:vrs_1st_krajina:8 (reserve)
[brigade_assignment] Rehomed rs_1st_prnjavor_light_infantry into truthful sector owner sector:vrs_1st_krajina:6 (reserve)
[brigade_assignment] Rehomed rs_1st_trebava_infantry into truthful sector owner sector:vrs_1st_krajina:6 (reserve)
[brigade_assignment] Rehomed rs_1st_vujak_light_infantry into truthful sector owner sector:vrs_1st_krajina:6 (reserve)
[brigade_assignment] Rehomed rs_27th_derventa_motorized into truthful sector owner sector:vrs_1st_krajina:6 (reserve)
[brigade_assignment] Rehomed arbih_1st_olovo into truthful sector owner sector:arbih_2nd_corps:0 (reserve)
[brigade_assignment] Rehomed rs_1st_prnjavor_light_infantry into truthful sector owner sector:vrs_1st_krajina:6 (reserve)
[brigade_assignment] Rehomed rs_1st_trebava_infantry into truthful sector owner sector:vrs_1st_krajina:6 (reserve)
[brigade_assignment] Rehomed rs_1st_vujak_light_infantry into truthful sector owner sector:vrs_1st_krajina:6 (reserve)
[brigade_assignment] Rehomed rs_22nd_krajina_infantry into truthful sector owner sector:vrs_1st_krajina:3 (front)
[brigade_assignment] Rehomed rs_27th_derventa_motorized into truthful sector owner sector:vrs_1st_krajina:6 (reserve)
[brigade_assignment] Rehomed rs_2nd_banja_luka_light_infantry into truthful sector owner sector:vrs_1st_krajina:3 (front)
[brigade_assignment] Rehomed arbih_1st_olovo into truthful sector owner sector:arbih_2nd_corps:0 (reserve)
[brigade_assignment] Rehomed rs_1st_prnjavor_light_infantry into truthful sector owner sector:vrs_1st_krajina:8 (reserve)
[brigade_assignment] Rehomed rs_1st_trebava_infantry into truthful sector owner sector:vrs_1st_krajina:8 (reserve)
[brigade_assignment] Rehomed rs_1st_vujak_light_infantry into truthful sector owner sector:vrs_1st_krajina:8 (reserve)
[brigade_assignment] Rehomed rs_27th_derventa_motorized into truthful sector owner sector:vrs_1st_krajina:8 (reserve)
[brigade_assignment] FINAL_SEAL kind=turn turn=62 unresolved=0
[brigade_assignment] Rehomed rs_1st_prnjavor_light_infantry into truthful sector owner sector:vrs_1st_krajina:6 (reserve)
[brigade_assignment] Rehomed rs_1st_trebava_infantry into truthful sector owner sector:vrs_1st_krajina:6 (reserve)
[brigade_assignment] Rehomed rs_1st_vujak_light_infantry into truthful sector owner sector:vrs_1st_krajina:6 (reserve)
[brigade_assignment] Rehomed rs_27th_derventa_motorized into truthful sector owner sector:vrs_1st_krajina:6 (reserve)
[brigade_assignment] Rehomed rs_19th_krajina_light_infantry into truthful sector owner sector:vrs_1st_krajina:3 (front)
[brigade_assignment] Rehomed rs_1st_prnjavor_light_infantry into truthful sector owner sector:vrs_1st_krajina:6 (reserve)
[brigade_assignment] Rehomed rs_1st_trebava_infantry into truthful sector owner sector:vrs_1st_krajina:6 (reserve)
[brigade_assignment] Rehomed rs_1st_vujak_light_infantry into truthful sector owner sector:vrs_1st_krajina:6 (reserve)
[brigade_assignment] Rehomed rs_22nd_krajina_infantry into truthful sector owner sector:vrs_1st_krajina:3 (front)
[brigade_assignment] Rehomed rs_27th_derventa_motorized into truthful sector owner sector:vrs_1st_krajina:6 (reserve)
[brigade_assignment] Rehomed rs_1st_prnjavor_light_infantry into truthful sector owner sector:vrs_1st_krajina:8 (reserve)
[brigade_assignment] Rehomed rs_1st_trebava_infantry into truthful sector owner sector:vrs_1st_krajina:8 (reserve)
[brigade_assignment] Rehomed rs_1st_vujak_light_infantry into truthful sector owner sector:vrs_1st_krajina:8 (reserve)
[brigade_assignment] Rehomed rs_27th_derventa_motorized into truthful sector owner sector:vrs_1st_krajina:8 (reserve)
[brigade_assignment] Skipping cross-corps rehome for drifted hrhb_travnik_brigade — home_osid op:novi_travnik:rat_2 still in own-corps territory
[brigade_assignment] Rehomed rs_1st_prnjavor_light_infantry into truthful sector owner sector:vrs_1st_krajina:6 (reserve)
[brigade_assignment] Rehomed rs_1st_trebava_infantry into truthful sector owner sector:vrs_1st_krajina:6 (reserve)
[brigade_assignment] Rehomed rs_1st_vujak_light_infantry into truthful sector owner sector:vrs_1st_krajina:6 (reserve)
[brigade_assignment] Rehomed rs_27th_derventa_motorized into truthful sector owner sector:vrs_1st_krajina:6 (reserve)
[brigade_assignment] Rehomed arbih_185th_light into truthful sector owner sector:arbih_1st_corps:11 (reserve)
[brigade_assignment] Rehomed arbih_733rd_mountain into truthful sector owner sector:arbih_3rd_corps:5 (front)
[brigade_assignment] Skipping cross-corps rehome for drifted hrhb_travnik_brigade — home_osid op:novi_travnik:rat_2 still in own-corps territory
[brigade_assignment] Rehomed rs_19th_krajina_light_infantry into truthful sector owner sector:vrs_1st_krajina:3 (front)
[brigade_assignment] Rehomed rs_1st_prnjavor_light_infantry into truthful sector owner sector:vrs_1st_krajina:6 (reserve)
[brigade_assignment] Rehomed rs_1st_trebava_infantry into truthful sector owner sector:vrs_1st_krajina:6 (reserve)
[brigade_assignment] Rehomed rs_1st_vujak_light_infantry into truthful sector owner sector:vrs_1st_krajina:6 (reserve)
[brigade_assignment] Rehomed rs_22nd_krajina_infantry into truthful sector owner sector:vrs_1st_krajina:3 (front)
[brigade_assignment] Rehomed rs_27th_derventa_motorized into truthful sector owner sector:vrs_1st_krajina:6 (reserve)
[brigade_assignment] Skipping cross-corps rehome for drifted hrhb_travnik_brigade — home_osid op:novi_travnik:rat_2 still in own-corps territory
[brigade_assignment] Skipping cross-corps rehome for drifted hrhb_travnik_brigade — home_osid op:novi_travnik:rat_2 still in own-corps territory
[brigade_assignment] Rehomed arbih_185th_light into truthful sector owner sector:arbih_1st_corps:2 (reserve)
[brigade_assignment] Skipping cross-corps rehome for drifted hrhb_travnik_brigade — home_osid op:novi_travnik:rat_2 still in own-corps territory
[brigade_assignment] Rehomed rs_1st_prnjavor_light_infantry into truthful sector owner sector:vrs_1st_krajina:8 (reserve)
[brigade_assignment] Rehomed rs_1st_trebava_infantry into truthful sector owner sector:vrs_1st_krajina:8 (reserve)
[brigade_assignment] Rehomed rs_1st_vujak_light_infantry into truthful sector owner sector:vrs_1st_krajina:8 (reserve)
[brigade_assignment] Rehomed rs_27th_derventa_motorized into truthful sector owner sector:vrs_1st_krajina:8 (reserve)
[brigade_assignment] Skipping cross-corps rehome for drifted hrhb_travnik_brigade — home_osid op:novi_travnik:rat_2 still in own-corps territory
[brigade_assignment] Skipping cross-corps rehome for drifted hrhb_travnik_brigade — home_osid op:novi_travnik:rat_2 still in own-corps territory
[brigade_assignment] Skipping cross-corps rehome for drifted hrhb_travnik_brigade — home_osid op:novi_travnik:rat_2 still in own-corps territory
[brigade_assignment] Skipping cross-corps rehome for drifted hrhb_travnik_brigade — home_osid op:novi_travnik:rat_2 still in own-corps territory
[brigade_assignment] Skipping cross-corps rehome for drifted hrhb_travnik_brigade — home_osid op:novi_travnik:rat_2 still in own-corps territory
[brigade_assignment] Rehomed rs_1st_prnjavor_light_infantry into truthful sector owner sector:vrs_1st_krajina:6 (reserve)
[brigade_assignment] Rehomed rs_1st_trebava_infantry into truthful sector owner sector:vrs_1st_krajina:6 (reserve)
[brigade_assignment] Rehomed rs_1st_vujak_light_infantry into truthful sector owner sector:vrs_1st_krajina:6 (reserve)
[brigade_assignment] Rehomed rs_27th_derventa_motorized into truthful sector owner sector:vrs_1st_krajina:6 (reserve)
[brigade_assignment] Rehomed arbih_185th_light into truthful sector owner sector:arbih_1st_corps:11 (reserve)
[brigade_assignment] Skipping cross-corps rehome for drifted hrhb_travnik_brigade — home_osid op:novi_travnik:rat_2 still in own-corps territory
[brigade_assignment] Rehomed rs_19th_krajina_light_infantry into truthful sector owner sector:vrs_1st_krajina:3 (front)
[brigade_assignment] Rehomed rs_1st_prnjavor_light_infantry into truthful sector owner sector:vrs_1st_krajina:6 (reserve)
[brigade_assignment] Rehomed rs_1st_trebava_infantry into truthful sector owner sector:vrs_1st_krajina:6 (reserve)
[brigade_assignment] Rehomed rs_1st_vujak_light_infantry into truthful sector owner sector:vrs_1st_krajina:6 (reserve)
[brigade_assignment] Rehomed rs_22nd_krajina_infantry into truthful sector owner sector:vrs_1st_krajina:3 (front)
[brigade_assignment] Rehomed rs_27th_derventa_motorized into truthful sector owner sector:vrs_1st_krajina:6 (reserve)
[brigade_assignment] Skipping cross-corps rehome for drifted hrhb_travnik_brigade — home_osid op:novi_travnik:rat_2 still in own-corps territory
[brigade_assignment] Skipping cross-corps rehome for drifted hrhb_travnik_brigade — home_osid op:novi_travnik:rat_2 still in own-corps territory
[brigade_assignment] Rehomed arbih_185th_light into truthful sector owner sector:arbih_1st_corps:2 (reserve)
[brigade_assignment] Skipping cross-corps rehome for drifted hrhb_travnik_brigade — home_osid op:novi_travnik:rat_2 still in own-corps territory
[brigade_assignment] Rehomed rs_1st_prnjavor_light_infantry into truthful sector owner sector:vrs_1st_krajina:8 (reserve)
[brigade_assignment] Rehomed rs_1st_trebava_infantry into truthful sector owner sector:vrs_1st_krajina:8 (reserve)
[brigade_assignment] Rehomed rs_1st_vujak_light_infantry into truthful sector owner sector:vrs_1st_krajina:8 (reserve)
[brigade_assignment] Rehomed rs_27th_derventa_motorized into truthful sector owner sector:vrs_1st_krajina:8 (reserve)
[brigade_assignment] Skipping cross-corps rehome for drifted hrhb_travnik_brigade — home_osid op:novi_travnik:rat_2 still in own-corps territory
[brigade_assignment] Skipping cross-corps rehome for drifted hrhb_travnik_brigade — home_osid op:novi_travnik:rat_2 still in own-corps territory
[brigade_assignment] Skipping cross-corps rehome for drifted hrhb_travnik_brigade — home_osid op:novi_travnik:rat_2 still in own-corps territory
[brigade_assignment] Skipping cross-corps rehome for drifted hrhb_travnik_brigade — home_osid op:novi_travnik:rat_2 still in own-corps territory
[brigade_assignment] Skipping cross-corps rehome for drifted hrhb_travnik_brigade — home_osid op:novi_travnik:rat_2 still in own-corps territory
[brigade_assignment] Skipping cross-corps rehome for drifted hrhb_travnik_brigade — home_osid op:novi_travnik:rat_2 still in own-corps territory
[brigade_assignment] FINAL_SEAL kind=turn turn=63 unresolved=1
[brigade_assignment] UNRESOLVED hrhb_travnik_brigade (1399 pers): fell through sector pipeline, corps=hvo_central_bosnia
[brigade_assignment] Skipping cross-corps rehome for drifted hrhb_travnik_brigade — home_osid op:novi_travnik:rat_2 still in own-corps territory
[brigade_assignment] Rehomed rs_1st_prnjavor_light_infantry into truthful sector owner sector:vrs_1st_krajina:6 (reserve)
[brigade_assignment] Rehomed rs_1st_trebava_infantry into truthful sector owner sector:vrs_1st_krajina:6 (reserve)
[brigade_assignment] Rehomed rs_1st_vujak_light_infantry into truthful sector owner sector:vrs_1st_krajina:6 (reserve)
[brigade_assignment] Rehomed rs_27th_derventa_motorized into truthful sector owner sector:vrs_1st_krajina:6 (reserve)
[brigade_assignment] Rehomed arbih_185th_light into truthful sector owner sector:arbih_1st_corps:11 (reserve)
[brigade_assignment] Skipping cross-corps rehome for drifted hrhb_travnik_brigade — home_osid op:novi_travnik:rat_2 still in own-corps territory
[brigade_assignment] Rehomed rs_19th_krajina_light_infantry into truthful sector owner sector:vrs_1st_krajina:2 (front)
[brigade_assignment] Rehomed rs_1st_prnjavor_light_infantry into truthful sector owner sector:vrs_1st_krajina:6 (reserve)
[brigade_assignment] Rehomed rs_1st_trebava_infantry into truthful sector owner sector:vrs_1st_krajina:6 (reserve)
[brigade_assignment] Rehomed rs_1st_vujak_light_infantry into truthful sector owner sector:vrs_1st_krajina:6 (reserve)
[brigade_assignment] Rehomed rs_22nd_krajina_infantry into truthful sector owner sector:vrs_1st_krajina:2 (front)
[brigade_assignment] Rehomed rs_27th_derventa_motorized into truthful sector owner sector:vrs_1st_krajina:6 (reserve)
[brigade_assignment] Skipping cross-corps rehome for drifted hrhb_travnik_brigade — home_osid op:novi_travnik:rat_2 still in own-corps territory
[brigade_assignment] Skipping cross-corps rehome for drifted hrhb_travnik_brigade — home_osid op:novi_travnik:rat_2 still in own-corps territory
[brigade_assignment] Rehomed arbih_185th_light into truthful sector owner sector:arbih_1st_corps:2 (reserve)
[brigade_assignment] Skipping cross-corps rehome for drifted hrhb_travnik_brigade — home_osid op:novi_travnik:rat_2 still in own-corps territory
[brigade_assignment] Rehomed rs_1st_prnjavor_light_infantry into truthful sector owner sector:vrs_1st_krajina:8 (reserve)
[brigade_assignment] Rehomed rs_1st_trebava_infantry into truthful sector owner sector:vrs_1st_krajina:8 (reserve)
[brigade_assignment] Rehomed rs_1st_vujak_light_infantry into truthful sector owner sector:vrs_1st_krajina:8 (reserve)
[brigade_assignment] Rehomed rs_27th_derventa_motorized into truthful sector owner sector:vrs_1st_krajina:8 (reserve)
[brigade_assignment] Skipping cross-corps rehome for drifted hrhb_travnik_brigade — home_osid op:novi_travnik:rat_2 still in own-corps territory
[brigade_assignment] Skipping cross-corps rehome for drifted hrhb_travnik_brigade — home_osid op:novi_travnik:rat_2 still in own-corps territory
[brigade_assignment] Skipping cross-corps rehome for drifted hrhb_travnik_brigade — home_osid op:novi_travnik:rat_2 still in own-corps territory
[brigade_assignment] Skipping cross-corps rehome for drifted hrhb_travnik_brigade — home_osid op:novi_travnik:rat_2 still in own-corps territory
[brigade_assignment] Rehomed rs_1st_prnjavor_light_infantry into truthful sector owner sector:vrs_1st_krajina:6 (reserve)
[brigade_assignment] Rehomed rs_1st_trebava_infantry into truthful sector owner sector:vrs_1st_krajina:6 (reserve)
[brigade_assignment] Rehomed rs_1st_vujak_light_infantry into truthful sector owner sector:vrs_1st_krajina:6 (reserve)
[brigade_assignment] Rehomed rs_27th_derventa_motorized into truthful sector owner sector:vrs_1st_krajina:6 (reserve)
[brigade_assignment] Rehomed arbih_185th_light into truthful sector owner sector:arbih_1st_corps:0 (reserve)
[brigade_assignment] Rehomed arbih_319th_liberation into truthful sector owner sector:arbih_3rd_corps:3 (territory)
[brigade_assignment] Rehomed rs_19th_krajina_light_infantry into truthful sector owner sector:vrs_1st_krajina:2 (front)
[brigade_assignment] Rehomed rs_1st_prnjavor_light_infantry into truthful sector owner sector:vrs_1st_krajina:6 (reserve)
[brigade_assignment] Rehomed rs_1st_trebava_infantry into truthful sector owner sector:vrs_1st_krajina:6 (reserve)
[brigade_assignment] Rehomed rs_1st_vujak_light_infantry into truthful sector owner sector:vrs_1st_krajina:6 (reserve)
[brigade_assignment] Rehomed rs_22nd_krajina_infantry into truthful sector owner sector:vrs_1st_krajina:2 (front)
[brigade_assignment] Rehomed rs_27th_derventa_motorized into truthful sector owner sector:vrs_1st_krajina:6 (reserve)
[brigade_assignment] Rehomed arbih_185th_light into truthful sector owner sector:arbih_1st_corps:0 (reserve)
[brigade_assignment] Rehomed rs_1st_prnjavor_light_infantry into truthful sector owner sector:vrs_1st_krajina:8 (reserve)
[brigade_assignment] Rehomed rs_1st_trebava_infantry into truthful sector owner sector:vrs_1st_krajina:8 (reserve)
[brigade_assignment] Rehomed rs_1st_vujak_light_infantry into truthful sector owner sector:vrs_1st_krajina:8 (reserve)
[brigade_assignment] Rehomed rs_27th_derventa_motorized into truthful sector owner sector:vrs_1st_krajina:8 (reserve)
[brigade_assignment] Rehomed rs_1st_prnjavor_light_infantry into truthful sector owner sector:vrs_1st_krajina:6 (reserve)
[brigade_assignment] Rehomed rs_1st_trebava_infantry into truthful sector owner sector:vrs_1st_krajina:6 (reserve)
[brigade_assignment] Rehomed rs_1st_vujak_light_infantry into truthful sector owner sector:vrs_1st_krajina:6 (reserve)
[brigade_assignment] Rehomed rs_27th_derventa_motorized into truthful sector owner sector:vrs_1st_krajina:6 (reserve)
[brigade_assignment] Rehomed arbih_185th_light into truthful sector owner sector:arbih_1st_corps:0 (reserve)
[brigade_assignment] Rehomed arbih_319th_liberation into truthful sector owner sector:arbih_3rd_corps:3 (territory)
[brigade_assignment] Rehomed rs_19th_krajina_light_infantry into truthful sector owner sector:vrs_1st_krajina:2 (front)
[brigade_assignment] Rehomed rs_1st_prnjavor_light_infantry into truthful sector owner sector:vrs_1st_krajina:6 (reserve)
[brigade_assignment] Rehomed rs_1st_trebava_infantry into truthful sector owner sector:vrs_1st_krajina:6 (reserve)
[brigade_assignment] Rehomed rs_1st_vujak_light_infantry into truthful sector owner sector:vrs_1st_krajina:6 (reserve)
[brigade_assignment] Rehomed rs_22nd_krajina_infantry into truthful sector owner sector:vrs_1st_krajina:2 (front)
[brigade_assignment] Rehomed rs_27th_derventa_motorized into truthful sector owner sector:vrs_1st_krajina:6 (reserve)
[brigade_assignment] Rehomed arbih_185th_light into truthful sector owner sector:arbih_1st_corps:0 (reserve)
[brigade_assignment] Rehomed rs_1st_prnjavor_light_infantry into truthful sector owner sector:vrs_1st_krajina:8 (reserve)
[brigade_assignment] Rehomed rs_1st_trebava_infantry into truthful sector owner sector:vrs_1st_krajina:8 (reserve)
[brigade_assignment] Rehomed rs_1st_vujak_light_infantry into truthful sector owner sector:vrs_1st_krajina:8 (reserve)
[brigade_assignment] Rehomed rs_27th_derventa_motorized into truthful sector owner sector:vrs_1st_krajina:8 (reserve)
[brigade_assignment] UNRESOLVED hrhb_travnik_brigade (1466 pers): fell through sector pipeline, corps=hvo_central_bosnia
[brigade_assignment] FINAL_SEAL kind=turn turn=64 unresolved=1
[brigade_assignment] Rehomed arbih_314th_slavna_liberation into truthful sector owner sector:arbih_3rd_corps:0 (reserve)
[brigade_assignment] Rehomed rs_1st_prnjavor_light_infantry into truthful sector owner sector:vrs_1st_krajina:6 (reserve)
[brigade_assignment] Rehomed rs_1st_trebava_infantry into truthful sector owner sector:vrs_1st_krajina:6 (reserve)
[brigade_assignment] Rehomed rs_1st_vujak_light_infantry into truthful sector owner sector:vrs_1st_krajina:6 (reserve)
[brigade_assignment] Rehomed rs_27th_derventa_motorized into truthful sector owner sector:vrs_1st_krajina:6 (reserve)
[brigade_assignment] Rehomed arbih_185th_light into truthful sector owner sector:arbih_1st_corps:0 (reserve)
[brigade_assignment] Rehomed arbih_314th_slavna_liberation into truthful sector owner sector:arbih_3rd_corps:0 (reserve)
[brigade_assignment] Rehomed arbih_319th_liberation into truthful sector owner sector:arbih_3rd_corps:3 (territory)
[brigade_assignment] Rehomed rs_19th_krajina_light_infantry into truthful sector owner sector:vrs_1st_krajina:2 (front)
[brigade_assignment] Rehomed rs_1st_prnjavor_light_infantry into truthful sector owner sector:vrs_1st_krajina:6 (reserve)
[brigade_assignment] Rehomed rs_1st_trebava_infantry into truthful sector owner sector:vrs_1st_krajina:6 (reserve)
[brigade_assignment] Rehomed rs_1st_vujak_light_infantry into truthful sector owner sector:vrs_1st_krajina:6 (reserve)
[brigade_assignment] Rehomed rs_22nd_krajina_infantry into truthful sector owner sector:vrs_1st_krajina:2 (front)
[brigade_assignment] Rehomed rs_27th_derventa_motorized into truthful sector owner sector:vrs_1st_krajina:6 (reserve)
[brigade_assignment] Rehomed arbih_185th_light into truthful sector owner sector:arbih_1st_corps:0 (reserve)
[brigade_assignment] Rehomed arbih_314th_slavna_liberation into truthful sector owner sector:arbih_3rd_corps:0 (reserve)
[brigade_assignment] Rehomed rs_1st_prnjavor_light_infantry into truthful sector owner sector:vrs_1st_krajina:8 (reserve)
[brigade_assignment] Rehomed rs_1st_trebava_infantry into truthful sector owner sector:vrs_1st_krajina:8 (reserve)
[brigade_assignment] Rehomed rs_1st_vujak_light_infantry into truthful sector owner sector:vrs_1st_krajina:8 (reserve)
[brigade_assignment] Rehomed rs_27th_derventa_motorized into truthful sector owner sector:vrs_1st_krajina:8 (reserve)
[brigade_assignment] Rehomed arbih_314th_slavna_liberation into truthful sector owner sector:arbih_3rd_corps:0 (reserve)
[brigade_assignment] Rehomed rs_1st_prnjavor_light_infantry into truthful sector owner sector:vrs_1st_krajina:6 (reserve)
[brigade_assignment] Rehomed rs_1st_trebava_infantry into truthful sector owner sector:vrs_1st_krajina:6 (reserve)
[brigade_assignment] Rehomed rs_1st_vujak_light_infantry into truthful sector owner sector:vrs_1st_krajina:6 (reserve)
[brigade_assignment] Rehomed rs_27th_derventa_motorized into truthful sector owner sector:vrs_1st_krajina:6 (reserve)
[brigade_assignment] Rehomed arbih_185th_light into truthful sector owner sector:arbih_1st_corps:0 (reserve)
[brigade_assignment] Rehomed arbih_314th_slavna_liberation into truthful sector owner sector:arbih_3rd_corps:0 (reserve)
[brigade_assignment] Rehomed arbih_319th_liberation into truthful sector owner sector:arbih_3rd_corps:3 (territory)
[brigade_assignment] Rehomed rs_19th_krajina_light_infantry into truthful sector owner sector:vrs_1st_krajina:2 (front)
[brigade_assignment] Rehomed rs_1st_prnjavor_light_infantry into truthful sector owner sector:vrs_1st_krajina:6 (reserve)
[brigade_assignment] Rehomed rs_1st_trebava_infantry into truthful sector owner sector:vrs_1st_krajina:6 (reserve)
[brigade_assignment] Rehomed rs_1st_vujak_light_infantry into truthful sector owner sector:vrs_1st_krajina:6 (reserve)
[brigade_assignment] Rehomed rs_22nd_krajina_infantry into truthful sector owner sector:vrs_1st_krajina:2 (front)
[brigade_assignment] Rehomed rs_27th_derventa_motorized into truthful sector owner sector:vrs_1st_krajina:6 (reserve)
[brigade_assignment] Rehomed arbih_185th_light into truthful sector owner sector:arbih_1st_corps:0 (reserve)
[brigade_assignment] Rehomed arbih_314th_slavna_liberation into truthful sector owner sector:arbih_3rd_corps:0 (reserve)
[brigade_assignment] Rehomed rs_1st_prnjavor_light_infantry into truthful sector owner sector:vrs_1st_krajina:8 (reserve)
[brigade_assignment] Rehomed rs_1st_trebava_infantry into truthful sector owner sector:vrs_1st_krajina:8 (reserve)
[brigade_assignment] Rehomed rs_1st_vujak_light_infantry into truthful sector owner sector:vrs_1st_krajina:8 (reserve)
[brigade_assignment] Rehomed rs_27th_derventa_motorized into truthful sector owner sector:vrs_1st_krajina:8 (reserve)
[brigade_assignment] FINAL_SEAL kind=turn turn=65 unresolved=0
[brigade_assignment] Rehomed rs_1st_prnjavor_light_infantry into truthful sector owner sector:vrs_1st_krajina:6 (reserve)
[brigade_assignment] Rehomed rs_1st_trebava_infantry into truthful sector owner sector:vrs_1st_krajina:6 (reserve)
[brigade_assignment] Rehomed rs_1st_vujak_light_infantry into truthful sector owner sector:vrs_1st_krajina:6 (reserve)
[brigade_assignment] Rehomed rs_27th_derventa_motorized into truthful sector owner sector:vrs_1st_krajina:6 (reserve)
[brigade_assignment] Rehomed arbih_185th_light into truthful sector owner sector:arbih_1st_corps:0 (reserve)
[brigade_assignment] Rehomed arbih_319th_liberation into truthful sector owner sector:arbih_3rd_corps:3 (territory)
[brigade_assignment] Rehomed rs_19th_krajina_light_infantry into truthful sector owner sector:vrs_1st_krajina:2 (front)
[brigade_assignment] Rehomed rs_1st_prnjavor_light_infantry into truthful sector owner sector:vrs_1st_krajina:6 (reserve)
[brigade_assignment] Rehomed rs_1st_trebava_infantry into truthful sector owner sector:vrs_1st_krajina:6 (reserve)
[brigade_assignment] Rehomed rs_1st_vujak_light_infantry into truthful sector owner sector:vrs_1st_krajina:6 (reserve)
[brigade_assignment] Rehomed rs_22nd_krajina_infantry into truthful sector owner sector:vrs_1st_krajina:2 (front)
[brigade_assignment] Rehomed rs_27th_derventa_motorized into truthful sector owner sector:vrs_1st_krajina:6 (reserve)
[brigade_assignment] Rehomed arbih_185th_light into truthful sector owner sector:arbih_1st_corps:0 (reserve)
[brigade_assignment] Rehomed rs_1st_prnjavor_light_infantry into truthful sector owner sector:vrs_1st_krajina:8 (reserve)
[brigade_assignment] Rehomed rs_1st_trebava_infantry into truthful sector owner sector:vrs_1st_krajina:8 (reserve)
[brigade_assignment] Rehomed rs_1st_vujak_light_infantry into truthful sector owner sector:vrs_1st_krajina:8 (reserve)
[brigade_assignment] Rehomed rs_27th_derventa_motorized into truthful sector owner sector:vrs_1st_krajina:8 (reserve)
[op-validation] 1 issue(s) at injection: 0 error(s), 1 warning(s)
  [WARN] Jablanica–Doljani Local Attack: all_objectives_owned — Queued operation skipped because all 1 objective(s) are already controlled by RBiH
[brigade_assignment] Rehomed rs_1st_prnjavor_light_infantry into truthful sector owner sector:vrs_1st_krajina:6 (reserve)
[brigade_assignment] Rehomed rs_1st_trebava_infantry into truthful sector owner sector:vrs_1st_krajina:6 (reserve)
[brigade_assignment] Rehomed rs_1st_vujak_light_infantry into truthful sector owner sector:vrs_1st_krajina:6 (reserve)
[brigade_assignment] Rehomed rs_27th_derventa_motorized into truthful sector owner sector:vrs_1st_krajina:6 (reserve)
[brigade_assignment] Rehomed arbih_185th_light into truthful sector owner sector:arbih_1st_corps:0 (reserve)
[brigade_assignment] Rehomed arbih_319th_liberation into truthful sector owner sector:arbih_3rd_corps:3 (territory)
[brigade_assignment] Rehomed rs_19th_krajina_light_infantry into truthful sector owner sector:vrs_1st_krajina:2 (front)
[brigade_assignment] Rehomed rs_1st_prnjavor_light_infantry into truthful sector owner sector:vrs_1st_krajina:6 (reserve)
[brigade_assignment] Rehomed rs_1st_trebava_infantry into truthful sector owner sector:vrs_1st_krajina:6 (reserve)
[brigade_assignment] Rehomed rs_1st_vujak_light_infantry into truthful sector owner sector:vrs_1st_krajina:6 (reserve)
[brigade_assignment] Rehomed rs_22nd_krajina_infantry into truthful sector owner sector:vrs_1st_krajina:2 (front)
[brigade_assignment] Rehomed rs_27th_derventa_motorized into truthful sector owner sector:vrs_1st_krajina:6 (reserve)
[brigade_assignment] Rehomed arbih_185th_light into truthful sector owner sector:arbih_1st_corps:0 (reserve)
[brigade_assignment] Rehomed rs_1st_prnjavor_light_infantry into truthful sector owner sector:vrs_1st_krajina:8 (reserve)
[brigade_assignment] Rehomed rs_1st_trebava_infantry into truthful sector owner sector:vrs_1st_krajina:8 (reserve)
[brigade_assignment] Rehomed rs_1st_vujak_light_infantry into truthful sector owner sector:vrs_1st_krajina:8 (reserve)
[brigade_assignment] Rehomed rs_27th_derventa_motorized into truthful sector owner sector:vrs_1st_krajina:8 (reserve)
[brigade_assignment] Rehomed rs_1st_prnjavor_light_infantry into truthful sector owner sector:vrs_1st_krajina:6 (reserve)
[brigade_assignment] Rehomed rs_1st_trebava_infantry into truthful sector owner sector:vrs_1st_krajina:6 (reserve)
[brigade_assignment] Rehomed rs_1st_vujak_light_infantry into truthful sector owner sector:vrs_1st_krajina:6 (reserve)
[brigade_assignment] Rehomed rs_27th_derventa_motorized into truthful sector owner sector:vrs_1st_krajina:6 (reserve)
[brigade_assignment] Rehomed arbih_185th_light into truthful sector owner sector:arbih_1st_corps:0 (reserve)
[brigade_assignment] Rehomed arbih_319th_liberation into truthful sector owner sector:arbih_3rd_corps:3 (territory)
[brigade_assignment] Rehomed rs_19th_krajina_light_infantry into truthful sector owner sector:vrs_1st_krajina:2 (front)
[brigade_assignment] Rehomed rs_1st_prnjavor_light_infantry into truthful sector owner sector:vrs_1st_krajina:6 (reserve)
[brigade_assignment] Rehomed rs_1st_trebava_infantry into truthful sector owner sector:vrs_1st_krajina:6 (reserve)
[brigade_assignment] Rehomed rs_1st_vujak_light_infantry into truthful sector owner sector:vrs_1st_krajina:6 (reserve)
[brigade_assignment] Rehomed rs_22nd_krajina_infantry into truthful sector owner sector:vrs_1st_krajina:2 (front)
[brigade_assignment] Rehomed rs_27th_derventa_motorized into truthful sector owner sector:vrs_1st_krajina:6 (reserve)
[brigade_assignment] Rehomed arbih_185th_light into truthful sector owner sector:arbih_1st_corps:0 (reserve)
[brigade_assignment] Rehomed rs_1st_prnjavor_light_infantry into truthful sector owner sector:vrs_1st_krajina:8 (reserve)
[brigade_assignment] Rehomed rs_1st_trebava_infantry into truthful sector owner sector:vrs_1st_krajina:8 (reserve)
[brigade_assignment] Rehomed rs_1st_vujak_light_infantry into truthful sector owner sector:vrs_1st_krajina:8 (reserve)
[brigade_assignment] Rehomed rs_27th_derventa_motorized into truthful sector owner sector:vrs_1st_krajina:8 (reserve)
[brigade_assignment] FINAL_SEAL kind=turn turn=66 unresolved=0
[brigade_assignment] Rehomed rs_1st_prnjavor_light_infantry into truthful sector owner sector:vrs_1st_krajina:6 (reserve)
[brigade_assignment] Rehomed rs_1st_trebava_infantry into truthful sector owner sector:vrs_1st_krajina:6 (reserve)
[brigade_assignment] Rehomed rs_1st_vujak_light_infantry into truthful sector owner sector:vrs_1st_krajina:6 (reserve)
[brigade_assignment] Rehomed rs_27th_derventa_motorized into truthful sector owner sector:vrs_1st_krajina:6 (reserve)
[brigade_assignment] Rehomed arbih_185th_light into truthful sector owner sector:arbih_1st_corps:0 (reserve)
[brigade_assignment] Rehomed arbih_319th_liberation into truthful sector owner sector:arbih_3rd_corps:3 (territory)
[brigade_assignment] Rehomed rs_19th_krajina_light_infantry into truthful sector owner sector:vrs_1st_krajina:2 (front)
[brigade_assignment] Rehomed rs_1st_prnjavor_light_infantry into truthful sector owner sector:vrs_1st_krajina:6 (reserve)
[brigade_assignment] Rehomed rs_1st_trebava_infantry into truthful sector owner sector:vrs_1st_krajina:6 (reserve)
[brigade_assignment] Rehomed rs_1st_vujak_light_infantry into truthful sector owner sector:vrs_1st_krajina:6 (reserve)
[brigade_assignment] Rehomed rs_22nd_krajina_infantry into truthful sector owner sector:vrs_1st_krajina:2 (front)
[brigade_assignment] Rehomed rs_27th_derventa_motorized into truthful sector owner sector:vrs_1st_krajina:6 (reserve)
[brigade_assignment] Rehomed arbih_185th_light into truthful sector owner sector:arbih_1st_corps:0 (reserve)
[brigade_assignment] Rehomed rs_1st_prnjavor_light_infantry into truthful sector owner sector:vrs_1st_krajina:8 (reserve)
[brigade_assignment] Rehomed rs_1st_trebava_infantry into truthful sector owner sector:vrs_1st_krajina:8 (reserve)
[brigade_assignment] Rehomed rs_1st_vujak_light_infantry into truthful sector owner sector:vrs_1st_krajina:8 (reserve)
[brigade_assignment] Rehomed rs_27th_derventa_motorized into truthful sector owner sector:vrs_1st_krajina:8 (reserve)
[brigade_assignment] Rehomed rs_1st_prnjavor_light_infantry into truthful sector owner sector:vrs_1st_krajina:6 (reserve)
[brigade_assignment] Rehomed rs_1st_trebava_infantry into truthful sector owner sector:vrs_1st_krajina:6 (reserve)
[brigade_assignment] Rehomed rs_1st_vujak_light_infantry into truthful sector owner sector:vrs_1st_krajina:6 (reserve)
[brigade_assignment] Rehomed rs_27th_derventa_motorized into truthful sector owner sector:vrs_1st_krajina:6 (reserve)
[brigade_assignment] Rehomed arbih_185th_light into truthful sector owner sector:arbih_1st_corps:0 (reserve)
[brigade_assignment] Rehomed arbih_319th_liberation into truthful sector owner sector:arbih_3rd_corps:3 (territory)
[brigade_assignment] Rehomed rs_1st_prnjavor_light_infantry into truthful sector owner sector:vrs_1st_krajina:6 (reserve)
[brigade_assignment] Rehomed rs_1st_trebava_infantry into truthful sector owner sector:vrs_1st_krajina:6 (reserve)
[brigade_assignment] Rehomed rs_1st_vujak_light_infantry into truthful sector owner sector:vrs_1st_krajina:6 (reserve)
[brigade_assignment] Rehomed rs_22nd_krajina_infantry into truthful sector owner sector:vrs_1st_krajina:2 (front)
[brigade_assignment] Rehomed rs_27th_derventa_motorized into truthful sector owner sector:vrs_1st_krajina:6 (reserve)
[brigade_assignment] Rehomed rs_2nd_banja_luka_light_infantry into truthful sector owner sector:vrs_1st_krajina:2 (front)
[brigade_assignment] Rehomed arbih_185th_light into truthful sector owner sector:arbih_1st_corps:0 (reserve)
[brigade_assignment] Rehomed rs_1st_prnjavor_light_infantry into truthful sector owner sector:vrs_1st_krajina:8 (reserve)
[brigade_assignment] Rehomed rs_1st_trebava_infantry into truthful sector owner sector:vrs_1st_krajina:8 (reserve)
[brigade_assignment] Rehomed rs_1st_vujak_light_infantry into truthful sector owner sector:vrs_1st_krajina:8 (reserve)
[brigade_assignment] Rehomed rs_27th_derventa_motorized into truthful sector owner sector:vrs_1st_krajina:8 (reserve)
[brigade_assignment] FINAL_SEAL kind=turn turn=67 unresolved=0
[brigade_assignment] Rehomed rs_1st_prnjavor_light_infantry into truthful sector owner sector:vrs_1st_krajina:6 (reserve)
[brigade_assignment] Rehomed rs_1st_trebava_infantry into truthful sector owner sector:vrs_1st_krajina:6 (reserve)
[brigade_assignment] Rehomed rs_1st_vujak_light_infantry into truthful sector owner sector:vrs_1st_krajina:6 (reserve)
[brigade_assignment] Rehomed rs_27th_derventa_motorized into truthful sector owner sector:vrs_1st_krajina:6 (reserve)
[brigade_assignment] Rehomed arbih_185th_light into truthful sector owner sector:arbih_1st_corps:0 (reserve)
[brigade_assignment] Rehomed rs_1st_prnjavor_light_infantry into truthful sector owner sector:vrs_1st_krajina:6 (reserve)
[brigade_assignment] Rehomed rs_1st_trebava_infantry into truthful sector owner sector:vrs_1st_krajina:6 (reserve)
[brigade_assignment] Rehomed rs_1st_vujak_light_infantry into truthful sector owner sector:vrs_1st_krajina:6 (reserve)
[brigade_assignment] Rehomed rs_22nd_krajina_infantry into truthful sector owner sector:vrs_1st_krajina:3 (front)
[brigade_assignment] Rehomed rs_27th_derventa_motorized into truthful sector owner sector:vrs_1st_krajina:6 (reserve)
[brigade_assignment] Rehomed rs_2nd_banja_luka_light_infantry into truthful sector owner sector:vrs_1st_krajina:3 (front)
[brigade_assignment] Rehomed arbih_185th_light into truthful sector owner sector:arbih_1st_corps:0 (reserve)
[brigade_assignment] Rehomed rs_1st_prnjavor_light_infantry into truthful sector owner sector:vrs_1st_krajina:8 (reserve)
[brigade_assignment] Rehomed rs_1st_trebava_infantry into truthful sector owner sector:vrs_1st_krajina:8 (reserve)
[brigade_assignment] Rehomed rs_1st_vujak_light_infantry into truthful sector owner sector:vrs_1st_krajina:8 (reserve)
[brigade_assignment] Rehomed rs_27th_derventa_motorized into truthful sector owner sector:vrs_1st_krajina:8 (reserve)
[brigade_assignment] Rehomed rs_1st_prnjavor_light_infantry into truthful sector owner sector:vrs_1st_krajina:6 (reserve)
[brigade_assignment] Rehomed rs_1st_trebava_infantry into truthful sector owner sector:vrs_1st_krajina:6 (reserve)
[brigade_assignment] Rehomed rs_1st_vujak_light_infantry into truthful sector owner sector:vrs_1st_krajina:6 (reserve)
[brigade_assignment] Rehomed rs_27th_derventa_motorized into truthful sector owner sector:vrs_1st_krajina:6 (reserve)
[brigade_assignment] Rehomed arbih_185th_light into truthful sector owner sector:arbih_1st_corps:0 (reserve)
[brigade_assignment] Rehomed rs_1st_prnjavor_light_infantry into truthful sector owner sector:vrs_1st_krajina:6 (reserve)
[brigade_assignment] Rehomed rs_1st_trebava_infantry into truthful sector owner sector:vrs_1st_krajina:6 (reserve)
[brigade_assignment] Rehomed rs_1st_vujak_light_infantry into truthful sector owner sector:vrs_1st_krajina:6 (reserve)
[brigade_assignment] Rehomed rs_22nd_krajina_infantry into truthful sector owner sector:vrs_1st_krajina:3 (front)
[brigade_assignment] Rehomed rs_27th_derventa_motorized into truthful sector owner sector:vrs_1st_krajina:6 (reserve)
[brigade_assignment] Rehomed rs_2nd_banja_luka_light_infantry into truthful sector owner sector:vrs_1st_krajina:3 (front)
[brigade_assignment] Rehomed arbih_185th_light into truthful sector owner sector:arbih_1st_corps:0 (reserve)
[brigade_assignment] Rehomed rs_1st_prnjavor_light_infantry into truthful sector owner sector:vrs_1st_krajina:8 (reserve)
[brigade_assignment] Rehomed rs_1st_trebava_infantry into truthful sector owner sector:vrs_1st_krajina:8 (reserve)
[brigade_assignment] Rehomed rs_1st_vujak_light_infantry into truthful sector owner sector:vrs_1st_krajina:8 (reserve)
[brigade_assignment] Rehomed rs_27th_derventa_motorized into truthful sector owner sector:vrs_1st_krajina:8 (reserve)
[brigade_assignment] FINAL_SEAL kind=turn turn=68 unresolved=0
[brigade_assignment] Rehomed rs_1st_prnjavor_light_infantry into truthful sector owner sector:vrs_1st_krajina:4 (reserve)
[brigade_assignment] Rehomed rs_1st_trebava_infantry into truthful sector owner sector:vrs_1st_krajina:4 (reserve)
[brigade_assignment] Rehomed rs_1st_vujak_light_infantry into truthful sector owner sector:vrs_1st_krajina:4 (reserve)
[brigade_assignment] Rehomed rs_27th_derventa_motorized into truthful sector owner sector:vrs_1st_krajina:4 (reserve)
[brigade_assignment] Rehomed arbih_185th_light into truthful sector owner sector:arbih_1st_corps:0 (reserve)
[brigade_assignment] Rehomed rs_11th_dubica_infantry into truthful sector owner sector:vrs_1st_krajina:1 (reserve)
[brigade_assignment] Rehomed rs_1st_prnjavor_light_infantry into truthful sector owner sector:vrs_1st_krajina:4 (reserve)
[brigade_assignment] Rehomed rs_1st_sipovo_light_infantry into truthful sector owner sector:vrs_1st_krajina:1 (reserve)
[brigade_assignment] Rehomed rs_1st_trebava_infantry into truthful sector owner sector:vrs_1st_krajina:4 (reserve)
[brigade_assignment] Rehomed rs_1st_vujak_light_infantry into truthful sector owner sector:vrs_1st_krajina:4 (reserve)
[brigade_assignment] Rehomed rs_27th_derventa_motorized into truthful sector owner sector:vrs_1st_krajina:4 (reserve)
[brigade_assignment] Rehomed arbih_185th_light into truthful sector owner sector:arbih_1st_corps:0 (reserve)
[brigade_assignment] Rehomed rs_11th_dubica_infantry into truthful sector owner sector:vrs_1st_krajina:3 (reserve)
[brigade_assignment] Rehomed rs_1st_prnjavor_light_infantry into truthful sector owner sector:vrs_1st_krajina:6 (reserve)
[brigade_assignment] Rehomed rs_1st_sipovo_light_infantry into truthful sector owner sector:vrs_1st_krajina:3 (reserve)
[brigade_assignment] Rehomed rs_1st_trebava_infantry into truthful sector owner sector:vrs_1st_krajina:6 (reserve)
[brigade_assignment] Rehomed rs_1st_vujak_light_infantry into truthful sector owner sector:vrs_1st_krajina:6 (reserve)
[brigade_assignment] Rehomed rs_27th_derventa_motorized into truthful sector owner sector:vrs_1st_krajina:6 (reserve)
[brigade_assignment] Rehomed rs_1st_prnjavor_light_infantry into truthful sector owner sector:vrs_1st_krajina:5 (reserve)
[brigade_assignment] Rehomed rs_1st_trebava_infantry into truthful sector owner sector:vrs_1st_krajina:5 (reserve)
[brigade_assignment] Rehomed rs_1st_vujak_light_infantry into truthful sector owner sector:vrs_1st_krajina:5 (reserve)
[brigade_assignment] Rehomed rs_27th_derventa_motorized into truthful sector owner sector:vrs_1st_krajina:5 (reserve)
[brigade_assignment] Rehomed arbih_185th_light into truthful sector owner sector:arbih_1st_corps:0 (reserve)
[brigade_assignment] Rehomed rs_1st_prnjavor_light_infantry into truthful sector owner sector:vrs_1st_krajina:5 (reserve)
[brigade_assignment] Rehomed rs_1st_sipovo_light_infantry into truthful sector owner sector:vrs_1st_krajina:1 (reserve)
[brigade_assignment] Rehomed rs_1st_trebava_infantry into truthful sector owner sector:vrs_1st_krajina:5 (reserve)
[brigade_assignment] Rehomed rs_1st_vujak_light_infantry into truthful sector owner sector:vrs_1st_krajina:5 (reserve)
[brigade_assignment] Rehomed rs_27th_derventa_motorized into truthful sector owner sector:vrs_1st_krajina:5 (reserve)
[brigade_assignment] Rehomed arbih_185th_light into truthful sector owner sector:arbih_1st_corps:0 (reserve)
[brigade_assignment] Rehomed rs_1st_prnjavor_light_infantry into truthful sector owner sector:vrs_1st_krajina:7 (reserve)
[brigade_assignment] Rehomed rs_1st_sipovo_light_infantry into truthful sector owner sector:vrs_1st_krajina:3 (reserve)
[brigade_assignment] Rehomed rs_1st_trebava_infantry into truthful sector owner sector:vrs_1st_krajina:7 (reserve)
[brigade_assignment] Rehomed rs_1st_vujak_light_infantry into truthful sector owner sector:vrs_1st_krajina:7 (reserve)
[brigade_assignment] Rehomed rs_27th_derventa_motorized into truthful sector owner sector:vrs_1st_krajina:7 (reserve)
[brigade_assignment] FINAL_SEAL kind=turn turn=69 unresolved=0
[brigade_assignment] Rehomed rs_1st_prnjavor_light_infantry into truthful sector owner sector:vrs_1st_krajina:6 (reserve)
[brigade_assignment] Rehomed rs_1st_trebava_infantry into truthful sector owner sector:vrs_1st_krajina:6 (reserve)
[brigade_assignment] Rehomed rs_1st_vujak_light_infantry into truthful sector owner sector:vrs_1st_krajina:6 (reserve)
[brigade_assignment] Rehomed rs_27th_derventa_motorized into truthful sector owner sector:vrs_1st_krajina:6 (reserve)
[brigade_assignment] Rehomed arbih_185th_light into truthful sector owner sector:arbih_1st_corps:0 (reserve)
[brigade_assignment] Rehomed rs_1st_prnjavor_light_infantry into truthful sector owner sector:vrs_1st_krajina:6 (reserve)
[brigade_assignment] Rehomed rs_1st_trebava_infantry into truthful sector owner sector:vrs_1st_krajina:6 (reserve)
[brigade_assignment] Rehomed rs_1st_vujak_light_infantry into truthful sector owner sector:vrs_1st_krajina:6 (reserve)
[brigade_assignment] Rehomed rs_22nd_krajina_infantry into truthful sector owner sector:vrs_1st_krajina:2 (front)
[brigade_assignment] Rehomed rs_27th_derventa_motorized into truthful sector owner sector:vrs_1st_krajina:6 (reserve)
[brigade_assignment] Rehomed rs_2nd_banja_luka_light_infantry into truthful sector owner sector:vrs_1st_krajina:2 (front)
[brigade_assignment] Rehomed arbih_185th_light into truthful sector owner sector:arbih_1st_corps:0 (reserve)
[brigade_assignment] Rehomed rs_1st_prnjavor_light_infantry into truthful sector owner sector:vrs_1st_krajina:8 (reserve)
[brigade_assignment] Rehomed rs_1st_trebava_infantry into truthful sector owner sector:vrs_1st_krajina:8 (reserve)
[brigade_assignment] Rehomed rs_1st_vujak_light_infantry into truthful sector owner sector:vrs_1st_krajina:8 (reserve)
[brigade_assignment] Rehomed rs_27th_derventa_motorized into truthful sector owner sector:vrs_1st_krajina:8 (reserve)
[op-validation] 4 issue(s) at injection: 0 error(s), 4 warning(s)
  [WARN] Operation Neretva '93 [konjic_western_approach]: all_objectives_owned — All 1 objectives already controlled by RBiH
  [WARN] Operation Neretva '93 [konjic_western_approach]: axis_empty — Axis would be empty: 0 valid objectives
  [WARN] Operation Neretva '93 [jablanica_approach]: all_objectives_owned — All 1 objectives already controlled by RBiH
  [WARN] Operation Neretva '93 [jablanica_approach]: axis_empty — Axis would be empty: 0 valid objectives
[brigade_assignment] Rehomed rs_1st_prnjavor_light_infantry into truthful sector owner sector:vrs_1st_krajina:6 (reserve)
[brigade_assignment] Rehomed rs_1st_trebava_infantry into truthful sector owner sector:vrs_1st_krajina:6 (reserve)
[brigade_assignment] Rehomed rs_1st_vujak_light_infantry into truthful sector owner sector:vrs_1st_krajina:6 (reserve)
[brigade_assignment] Rehomed rs_27th_derventa_motorized into truthful sector owner sector:vrs_1st_krajina:6 (reserve)
[brigade_assignment] Rehomed rs_bilea_brigade into truthful sector owner sector:vrs_herzegovina:0 (reserve)
[brigade_assignment] Rehomed arbih_101st_mountain into truthful sector owner sector:arbih_1st_corps:6 (front)
[brigade_assignment] Rehomed arbih_109th_mountain into truthful sector owner sector:arbih_1st_corps:6 (reserve)
[brigade_assignment] Rehomed arbih_112th_vitezka_motorized into truthful sector owner sector:arbih_1st_corps:6 (front)
[brigade_assignment] Rehomed arbih_124th_light_king_tvrtko into truthful sector owner sector:arbih_1st_corps:6 (front)
[brigade_assignment] Rehomed arbih_141st_light into truthful sector owner sector:arbih_1st_corps:6 (front)
[brigade_assignment] Rehomed arbih_143rd_light into truthful sector owner sector:arbih_1st_corps:6 (front)
[brigade_assignment] Rehomed arbih_152nd_mountain into truthful sector owner sector:arbih_1st_corps:6 (front)
[brigade_assignment] Rehomed arbih_155th_motorized into truthful sector owner sector:arbih_1st_corps:6 (front)
[brigade_assignment] Rehomed arbih_181st_mountain into truthful sector owner sector:arbih_1st_corps:6 (reserve)
[brigade_assignment] Rehomed arbih_185th_light into truthful sector owner sector:arbih_1st_corps:0 (reserve)
[brigade_assignment] Rehomed arbih_1st_mountain into truthful sector owner sector:arbih_1st_corps:6 (front)
[brigade_assignment] Rehomed arbih_2nd_mountain into truthful sector owner sector:arbih_1st_corps:6 (front)
[brigade_assignment] Rehomed arbih_448th_liberation into truthful sector owner sector:arbih_4th_corps:1 (reserve)
[brigade_assignment] Rehomed arbih_hvo_kralj_tvrtko into truthful sector owner sector:arbih_1st_corps:6 (front)
[brigade_assignment] Rehomed rs_1st_prnjavor_light_infantry into truthful sector owner sector:vrs_1st_krajina:6 (reserve)
[brigade_assignment] Rehomed rs_1st_trebava_infantry into truthful sector owner sector:vrs_1st_krajina:6 (reserve)
[brigade_assignment] Rehomed rs_1st_vujak_light_infantry into truthful sector owner sector:vrs_1st_krajina:6 (reserve)
[brigade_assignment] Rehomed rs_22nd_krajina_infantry into truthful sector owner sector:vrs_1st_krajina:2 (front)
[brigade_assignment] Rehomed rs_27th_derventa_motorized into truthful sector owner sector:vrs_1st_krajina:6 (reserve)
[brigade_assignment] Rehomed rs_2nd_banja_luka_light_infantry into truthful sector owner sector:vrs_1st_krajina:2 (front)
[brigade_assignment] Rehomed rs_bilea_brigade into truthful sector owner sector:vrs_herzegovina:0 (reserve)
[brigade_assignment] Rehomed arbih_109th_mountain into truthful sector owner sector:arbih_1st_corps:10 (reserve)
[brigade_assignment] Rehomed arbih_181st_mountain into truthful sector owner sector:arbih_1st_corps:10 (reserve)
[brigade_assignment] Rehomed arbih_185th_light into truthful sector owner sector:arbih_1st_corps:0 (reserve)
[brigade_assignment] Rehomed arbih_448th_liberation into truthful sector owner sector:arbih_4th_corps:1 (reserve)
[brigade_assignment] Rehomed rs_1st_prnjavor_light_infantry into truthful sector owner sector:vrs_1st_krajina:8 (reserve)
[brigade_assignment] Rehomed rs_1st_trebava_infantry into truthful sector owner sector:vrs_1st_krajina:8 (reserve)
[brigade_assignment] Rehomed rs_1st_vujak_light_infantry into truthful sector owner sector:vrs_1st_krajina:8 (reserve)
[brigade_assignment] Rehomed rs_27th_derventa_motorized into truthful sector owner sector:vrs_1st_krajina:8 (reserve)
[brigade_assignment] Rehomed rs_bilea_brigade into truthful sector owner sector:vrs_herzegovina:0 (reserve)
[brigade_assignment] Rehomed rs_1st_prnjavor_light_infantry into truthful sector owner sector:vrs_1st_krajina:6 (reserve)
[brigade_assignment] Rehomed rs_1st_trebava_infantry into truthful sector owner sector:vrs_1st_krajina:6 (reserve)
[brigade_assignment] Rehomed rs_1st_vujak_light_infantry into truthful sector owner sector:vrs_1st_krajina:6 (reserve)
[brigade_assignment] Rehomed rs_27th_derventa_motorized into truthful sector owner sector:vrs_1st_krajina:6 (reserve)
[brigade_assignment] Rehomed rs_bilea_brigade into truthful sector owner sector:vrs_herzegovina:0 (reserve)
[brigade_assignment] Rehomed arbih_101st_mountain into truthful sector owner sector:arbih_1st_corps:6 (front)
[brigade_assignment] Rehomed arbih_109th_mountain into truthful sector owner sector:arbih_1st_corps:6 (reserve)
[brigade_assignment] Rehomed arbih_112th_vitezka_motorized into truthful sector owner sector:arbih_1st_corps:6 (front)
[brigade_assignment] Rehomed arbih_124th_light_king_tvrtko into truthful sector owner sector:arbih_1st_corps:6 (front)
[brigade_assignment] Rehomed arbih_141st_light into truthful sector owner sector:arbih_1st_corps:6 (front)
[brigade_assignment] Rehomed arbih_143rd_light into truthful sector owner sector:arbih_1st_corps:6 (front)
[brigade_assignment] Rehomed arbih_152nd_mountain into truthful sector owner sector:arbih_1st_corps:6 (front)
[brigade_assignment] Rehomed arbih_155th_motorized into truthful sector owner sector:arbih_1st_corps:6 (front)
[brigade_assignment] Rehomed arbih_181st_mountain into truthful sector owner sector:arbih_1st_corps:6 (reserve)
[brigade_assignment] Rehomed arbih_185th_light into truthful sector owner sector:arbih_1st_corps:0 (reserve)
[brigade_assignment] Rehomed arbih_1st_mountain into truthful sector owner sector:arbih_1st_corps:6 (front)
[brigade_assignment] Rehomed arbih_2nd_mountain into truthful sector owner sector:arbih_1st_corps:6 (front)
[brigade_assignment] Rehomed arbih_448th_liberation into truthful sector owner sector:arbih_4th_corps:1 (reserve)
[brigade_assignment] Rehomed arbih_hvo_kralj_tvrtko into truthful sector owner sector:arbih_1st_corps:6 (front)
[brigade_assignment] Rehomed rs_1st_prnjavor_light_infantry into truthful sector owner sector:vrs_1st_krajina:6 (reserve)
[brigade_assignment] Rehomed rs_1st_trebava_infantry into truthful sector owner sector:vrs_1st_krajina:6 (reserve)
[brigade_assignment] Rehomed rs_1st_vujak_light_infantry into truthful sector owner sector:vrs_1st_krajina:6 (reserve)
[brigade_assignment] Rehomed rs_22nd_krajina_infantry into truthful sector owner sector:vrs_1st_krajina:2 (front)
[brigade_assignment] Rehomed rs_27th_derventa_motorized into truthful sector owner sector:vrs_1st_krajina:6 (reserve)
[brigade_assignment] Rehomed rs_2nd_banja_luka_light_infantry into truthful sector owner sector:vrs_1st_krajina:2 (front)
[brigade_assignment] Rehomed rs_bilea_brigade into truthful sector owner sector:vrs_herzegovina:0 (reserve)
[brigade_assignment] Rehomed arbih_109th_mountain into truthful sector owner sector:arbih_1st_corps:10 (reserve)
[brigade_assignment] Rehomed arbih_181st_mountain into truthful sector owner sector:arbih_1st_corps:10 (reserve)
[brigade_assignment] Rehomed arbih_185th_light into truthful sector owner sector:arbih_1st_corps:0 (reserve)
[brigade_assignment] Rehomed arbih_448th_liberation into truthful sector owner sector:arbih_4th_corps:1 (reserve)
[brigade_assignment] Rehomed rs_1st_prnjavor_light_infantry into truthful sector owner sector:vrs_1st_krajina:8 (reserve)
[brigade_assignment] Rehomed rs_1st_trebava_infantry into truthful sector owner sector:vrs_1st_krajina:8 (reserve)
[brigade_assignment] Rehomed rs_1st_vujak_light_infantry into truthful sector owner sector:vrs_1st_krajina:8 (reserve)
[brigade_assignment] Rehomed rs_27th_derventa_motorized into truthful sector owner sector:vrs_1st_krajina:8 (reserve)
[brigade_assignment] Rehomed rs_bilea_brigade into truthful sector owner sector:vrs_herzegovina:0 (reserve)
[brigade_assignment] FINAL_SEAL kind=turn turn=70 unresolved=0
[brigade_assignment] Rehomed rs_1st_prnjavor_light_infantry into truthful sector owner sector:vrs_1st_krajina:6 (reserve)
[brigade_assignment] Rehomed rs_1st_trebava_infantry into truthful sector owner sector:vrs_1st_krajina:6 (reserve)
[brigade_assignment] Rehomed rs_1st_vujak_light_infantry into truthful sector owner sector:vrs_1st_krajina:6 (reserve)
[brigade_assignment] Rehomed rs_27th_derventa_motorized into truthful sector owner sector:vrs_1st_krajina:6 (reserve)
[brigade_assignment] Rehomed rs_bilea_brigade into truthful sector owner sector:vrs_herzegovina:0 (reserve)
[brigade_assignment] Rehomed arbih_101st_mountain into truthful sector owner sector:arbih_1st_corps:6 (front)
[brigade_assignment] Rehomed arbih_109th_mountain into truthful sector owner sector:arbih_1st_corps:6 (reserve)
[brigade_assignment] Rehomed arbih_112th_vitezka_motorized into truthful sector owner sector:arbih_1st_corps:6 (front)
[brigade_assignment] Rehomed arbih_124th_light_king_tvrtko into truthful sector owner sector:arbih_1st_corps:6 (front)
[brigade_assignment] Rehomed arbih_141st_light into truthful sector owner sector:arbih_1st_corps:6 (front)
[brigade_assignment] Rehomed arbih_143rd_light into truthful sector owner sector:arbih_1st_corps:6 (front)
[brigade_assignment] Rehomed arbih_152nd_mountain into truthful sector owner sector:arbih_1st_corps:6 (front)
[brigade_assignment] Rehomed arbih_155th_motorized into truthful sector owner sector:arbih_1st_corps:6 (front)
[brigade_assignment] Rehomed arbih_181st_mountain into truthful sector owner sector:arbih_1st_corps:6 (reserve)
[brigade_assignment] Rehomed arbih_185th_light into truthful sector owner sector:arbih_1st_corps:0 (reserve)
[brigade_assignment] Rehomed arbih_1st_mountain into truthful sector owner sector:arbih_1st_corps:6 (front)
[brigade_assignment] Rehomed arbih_2nd_mountain into truthful sector owner sector:arbih_1st_corps:6 (front)
[brigade_assignment] Rehomed arbih_hvo_kralj_tvrtko into truthful sector owner sector:arbih_1st_corps:6 (front)
[brigade_assignment] Rehomed rs_1st_prnjavor_light_infantry into truthful sector owner sector:vrs_1st_krajina:6 (reserve)
[brigade_assignment] Rehomed rs_1st_trebava_infantry into truthful sector owner sector:vrs_1st_krajina:6 (reserve)
[brigade_assignment] Rehomed rs_1st_vujak_light_infantry into truthful sector owner sector:vrs_1st_krajina:6 (reserve)
[brigade_assignment] Rehomed rs_22nd_krajina_infantry into truthful sector owner sector:vrs_1st_krajina:2 (front)
[brigade_assignment] Rehomed rs_27th_derventa_motorized into truthful sector owner sector:vrs_1st_krajina:6 (reserve)
[brigade_assignment] Rehomed rs_2nd_banja_luka_light_infantry into truthful sector owner sector:vrs_1st_krajina:2 (front)
[brigade_assignment] Rehomed rs_bilea_brigade into truthful sector owner sector:vrs_herzegovina:0 (reserve)
[brigade_assignment] Rehomed arbih_109th_mountain into truthful sector owner sector:arbih_1st_corps:10 (reserve)
[brigade_assignment] Rehomed arbih_181st_mountain into truthful sector owner sector:arbih_1st_corps:10 (reserve)
[brigade_assignment] Rehomed arbih_185th_light into truthful sector owner sector:arbih_1st_corps:0 (reserve)
[brigade_assignment] Rehomed rs_1st_prnjavor_light_infantry into truthful sector owner sector:vrs_1st_krajina:8 (reserve)
[brigade_assignment] Rehomed rs_1st_trebava_infantry into truthful sector owner sector:vrs_1st_krajina:8 (reserve)
[brigade_assignment] Rehomed rs_1st_vujak_light_infantry into truthful sector owner sector:vrs_1st_krajina:8 (reserve)
[brigade_assignment] Rehomed rs_27th_derventa_motorized into truthful sector owner sector:vrs_1st_krajina:8 (reserve)
[brigade_assignment] Rehomed rs_bilea_brigade into truthful sector owner sector:vrs_herzegovina:0 (reserve)
[brigade_assignment] Rehomed rs_1st_prnjavor_light_infantry into truthful sector owner sector:vrs_1st_krajina:6 (reserve)
[brigade_assignment] Rehomed rs_1st_trebava_infantry into truthful sector owner sector:vrs_1st_krajina:6 (reserve)
[brigade_assignment] Rehomed rs_1st_vujak_light_infantry into truthful sector owner sector:vrs_1st_krajina:6 (reserve)
[brigade_assignment] Rehomed rs_27th_derventa_motorized into truthful sector owner sector:vrs_1st_krajina:6 (reserve)
[brigade_assignment] Rehomed rs_bilea_brigade into truthful sector owner sector:vrs_herzegovina:0 (reserve)
[brigade_assignment] Rehomed arbih_101st_mountain into truthful sector owner sector:arbih_1st_corps:4 (front)
[brigade_assignment] Rehomed arbih_109th_mountain into truthful sector owner sector:arbih_1st_corps:4 (reserve)
[brigade_assignment] Rehomed arbih_112th_vitezka_motorized into truthful sector owner sector:arbih_1st_corps:4 (front)
[brigade_assignment] Rehomed arbih_124th_light_king_tvrtko into truthful sector owner sector:arbih_1st_corps:4 (front)
[brigade_assignment] Rehomed arbih_141st_light into truthful sector owner sector:arbih_1st_corps:4 (front)
[brigade_assignment] Rehomed arbih_143rd_light into truthful sector owner sector:arbih_1st_corps:4 (front)
[brigade_assignment] Rehomed arbih_152nd_mountain into truthful sector owner sector:arbih_1st_corps:4 (front)
[brigade_assignment] Rehomed arbih_155th_motorized into truthful sector owner sector:arbih_1st_corps:4 (front)
[brigade_assignment] Rehomed arbih_181st_mountain into truthful sector owner sector:arbih_1st_corps:4 (reserve)
[brigade_assignment] Rehomed arbih_185th_light into truthful sector owner sector:arbih_1st_corps:0 (reserve)
[brigade_assignment] Rehomed arbih_1st_mountain into truthful sector owner sector:arbih_1st_corps:4 (front)
[brigade_assignment] Rehomed arbih_2nd_mountain into truthful sector owner sector:arbih_1st_corps:4 (front)
[brigade_assignment] Rehomed arbih_hvo_kralj_tvrtko into truthful sector owner sector:arbih_1st_corps:4 (front)
[brigade_assignment] Rehomed rs_1st_prnjavor_light_infantry into truthful sector owner sector:vrs_1st_krajina:6 (reserve)
[brigade_assignment] Rehomed rs_1st_trebava_infantry into truthful sector owner sector:vrs_1st_krajina:6 (reserve)
[brigade_assignment] Rehomed rs_1st_vujak_light_infantry into truthful sector owner sector:vrs_1st_krajina:6 (reserve)
[brigade_assignment] Rehomed rs_22nd_krajina_infantry into truthful sector owner sector:vrs_1st_krajina:2 (front)
[brigade_assignment] Rehomed rs_27th_derventa_motorized into truthful sector owner sector:vrs_1st_krajina:6 (reserve)
[brigade_assignment] Rehomed rs_2nd_banja_luka_light_infantry into truthful sector owner sector:vrs_1st_krajina:2 (front)
[brigade_assignment] Rehomed rs_bilea_brigade into truthful sector owner sector:vrs_herzegovina:0 (reserve)
[brigade_assignment] Rehomed arbih_109th_mountain into truthful sector owner sector:arbih_1st_corps:8 (reserve)
[brigade_assignment] Rehomed arbih_181st_mountain into truthful sector owner sector:arbih_1st_corps:8 (reserve)
[brigade_assignment] Rehomed arbih_185th_light into truthful sector owner sector:arbih_1st_corps:0 (reserve)
[brigade_assignment] Rehomed rs_1st_prnjavor_light_infantry into truthful sector owner sector:vrs_1st_krajina:8 (reserve)
[brigade_assignment] Rehomed rs_1st_trebava_infantry into truthful sector owner sector:vrs_1st_krajina:8 (reserve)
[brigade_assignment] Rehomed rs_1st_vujak_light_infantry into truthful sector owner sector:vrs_1st_krajina:8 (reserve)
[brigade_assignment] Rehomed rs_27th_derventa_motorized into truthful sector owner sector:vrs_1st_krajina:8 (reserve)
[brigade_assignment] Rehomed rs_bilea_brigade into truthful sector owner sector:vrs_herzegovina:0 (reserve)
[brigade_assignment] FINAL_SEAL kind=turn turn=71 unresolved=0
[brigade_assignment] Rehomed rs_1st_prnjavor_light_infantry into truthful sector owner sector:vrs_1st_krajina:6 (reserve)
[brigade_assignment] Rehomed rs_1st_trebava_infantry into truthful sector owner sector:vrs_1st_krajina:6 (reserve)
[brigade_assignment] Rehomed rs_1st_vujak_light_infantry into truthful sector owner sector:vrs_1st_krajina:6 (reserve)
[brigade_assignment] Rehomed rs_27th_derventa_motorized into truthful sector owner sector:vrs_1st_krajina:6 (reserve)
[brigade_assignment] Rehomed rs_bilea_brigade into truthful sector owner sector:vrs_herzegovina:0 (reserve)
[brigade_assignment] Rehomed arbih_101st_mountain into truthful sector owner sector:arbih_1st_corps:4 (front)
[brigade_assignment] Rehomed arbih_109th_mountain into truthful sector owner sector:arbih_1st_corps:4 (reserve)
[brigade_assignment] Rehomed arbih_112th_vitezka_motorized into truthful sector owner sector:arbih_1st_corps:4 (front)
[brigade_assignment] Rehomed arbih_124th_light_king_tvrtko into truthful sector owner sector:arbih_1st_corps:4 (front)
[brigade_assignment] Rehomed arbih_141st_light into truthful sector owner sector:arbih_1st_corps:4 (front)
[brigade_assignment] Rehomed arbih_143rd_light into truthful sector owner sector:arbih_1st_corps:4 (front)
[brigade_assignment] Rehomed arbih_152nd_mountain into truthful sector owner sector:arbih_1st_corps:4 (front)
[brigade_assignment] Rehomed arbih_155th_motorized into truthful sector owner sector:arbih_1st_corps:4 (front)
[brigade_assignment] Rehomed arbih_181st_mountain into truthful sector owner sector:arbih_1st_corps:4 (reserve)
[brigade_assignment] Rehomed arbih_185th_light into truthful sector owner sector:arbih_1st_corps:0 (reserve)
[brigade_assignment] Rehomed arbih_1st_mountain into truthful sector owner sector:arbih_1st_corps:4 (front)
[brigade_assignment] Rehomed arbih_2nd_mountain into truthful sector owner sector:arbih_1st_corps:4 (front)
[brigade_assignment] Rehomed arbih_hvo_kralj_tvrtko into truthful sector owner sector:arbih_1st_corps:4 (front)
[brigade_assignment] Rehomed rs_1st_prnjavor_light_infantry into truthful sector owner sector:vrs_1st_krajina:6 (reserve)
[brigade_assignment] Rehomed rs_1st_trebava_infantry into truthful sector owner sector:vrs_1st_krajina:6 (reserve)
[brigade_assignment] Rehomed rs_1st_vujak_light_infantry into truthful sector owner sector:vrs_1st_krajina:6 (reserve)
[brigade_assignment] Rehomed rs_22nd_krajina_infantry into truthful sector owner sector:vrs_1st_krajina:2 (front)
[brigade_assignment] Rehomed rs_27th_derventa_motorized into truthful sector owner sector:vrs_1st_krajina:6 (reserve)
[brigade_assignment] Rehomed rs_2nd_banja_luka_light_infantry into truthful sector owner sector:vrs_1st_krajina:2 (front)
[brigade_assignment] Rehomed rs_bilea_brigade into truthful sector owner sector:vrs_herzegovina:0 (reserve)
[brigade_assignment] Rehomed arbih_109th_mountain into truthful sector owner sector:arbih_1st_corps:8 (reserve)
[brigade_assignment] Rehomed arbih_181st_mountain into truthful sector owner sector:arbih_1st_corps:8 (reserve)
[brigade_assignment] Rehomed arbih_185th_light into truthful sector owner sector:arbih_1st_corps:0 (reserve)
[brigade_assignment] Rehomed rs_1st_prnjavor_light_infantry into truthful sector owner sector:vrs_1st_krajina:8 (reserve)
[brigade_assignment] Rehomed rs_1st_trebava_infantry into truthful sector owner sector:vrs_1st_krajina:8 (reserve)
[brigade_assignment] Rehomed rs_1st_vujak_light_infantry into truthful sector owner sector:vrs_1st_krajina:8 (reserve)
[brigade_assignment] Rehomed rs_27th_derventa_motorized into truthful sector owner sector:vrs_1st_krajina:8 (reserve)
[brigade_assignment] Rehomed rs_bilea_brigade into truthful sector owner sector:vrs_herzegovina:0 (reserve)
[brigade_assignment] Rehomed rs_1st_prnjavor_light_infantry into truthful sector owner sector:vrs_1st_krajina:6 (reserve)
[brigade_assignment] Rehomed rs_1st_trebava_infantry into truthful sector owner sector:vrs_1st_krajina:6 (reserve)
[brigade_assignment] Rehomed rs_1st_vujak_light_infantry into truthful sector owner sector:vrs_1st_krajina:6 (reserve)
[brigade_assignment] Rehomed rs_27th_derventa_motorized into truthful sector owner sector:vrs_1st_krajina:6 (reserve)
[brigade_assignment] Rehomed rs_bilea_brigade into truthful sector owner sector:vrs_herzegovina:0 (reserve)
[brigade_assignment] Rehomed arbih_101st_mountain into truthful sector owner sector:arbih_1st_corps:7 (front)
[brigade_assignment] Rehomed arbih_109th_mountain into truthful sector owner sector:arbih_1st_corps:7 (reserve)
[brigade_assignment] Rehomed arbih_112th_vitezka_motorized into truthful sector owner sector:arbih_1st_corps:7 (front)
[brigade_assignment] Rehomed arbih_124th_light_king_tvrtko into truthful sector owner sector:arbih_1st_corps:7 (front)
[brigade_assignment] Rehomed arbih_141st_light into truthful sector owner sector:arbih_1st_corps:7 (front)
[brigade_assignment] Rehomed arbih_143rd_light into truthful sector owner sector:arbih_1st_corps:7 (front)
[brigade_assignment] Rehomed arbih_152nd_mountain into truthful sector owner sector:arbih_1st_corps:7 (front)
[brigade_assignment] Rehomed arbih_155th_motorized into truthful sector owner sector:arbih_1st_corps:7 (front)
[brigade_assignment] Rehomed arbih_181st_mountain into truthful sector owner sector:arbih_1st_corps:7 (reserve)
[brigade_assignment] Rehomed arbih_185th_light into truthful sector owner sector:arbih_1st_corps:0 (reserve)
[brigade_assignment] Rehomed arbih_1st_mountain into truthful sector owner sector:arbih_1st_corps:7 (front)
[brigade_assignment] Rehomed arbih_2nd_mountain into truthful sector owner sector:arbih_1st_corps:7 (front)
[brigade_assignment] Rehomed arbih_hvo_kralj_tvrtko into truthful sector owner sector:arbih_1st_corps:7 (front)
[brigade_assignment] Rehomed rs_1st_prnjavor_light_infantry into truthful sector owner sector:vrs_1st_krajina:6 (reserve)
[brigade_assignment] Rehomed rs_1st_trebava_infantry into truthful sector owner sector:vrs_1st_krajina:6 (reserve)
[brigade_assignment] Rehomed rs_1st_vujak_light_infantry into truthful sector owner sector:vrs_1st_krajina:6 (reserve)
[brigade_assignment] Rehomed rs_22nd_krajina_infantry into truthful sector owner sector:vrs_1st_krajina:2 (front)
[brigade_assignment] Rehomed rs_27th_derventa_motorized into truthful sector owner sector:vrs_1st_krajina:6 (reserve)
[brigade_assignment] Rehomed rs_2nd_banja_luka_light_infantry into truthful sector owner sector:vrs_1st_krajina:2 (front)
[brigade_assignment] Rehomed rs_bilea_brigade into truthful sector owner sector:vrs_herzegovina:0 (reserve)
[brigade_assignment] Rehomed arbih_109th_mountain into truthful sector owner sector:arbih_1st_corps:8 (reserve)
[brigade_assignment] Rehomed arbih_181st_mountain into truthful sector owner sector:arbih_1st_corps:8 (reserve)
[brigade_assignment] Rehomed arbih_185th_light into truthful sector owner sector:arbih_1st_corps:0 (reserve)
[brigade_assignment] Rehomed rs_1st_prnjavor_light_infantry into truthful sector owner sector:vrs_1st_krajina:8 (reserve)
[brigade_assignment] Rehomed rs_1st_trebava_infantry into truthful sector owner sector:vrs_1st_krajina:8 (reserve)
[brigade_assignment] Rehomed rs_1st_vujak_light_infantry into truthful sector owner sector:vrs_1st_krajina:8 (reserve)
[brigade_assignment] Rehomed rs_27th_derventa_motorized into truthful sector owner sector:vrs_1st_krajina:8 (reserve)
[brigade_assignment] Rehomed rs_bilea_brigade into truthful sector owner sector:vrs_herzegovina:0 (reserve)
[brigade_assignment] Rehomed rs_1st_prnjavor_light_infantry into truthful sector owner sector:vrs_1st_krajina:6 (reserve)
[brigade_assignment] Rehomed rs_1st_trebava_infantry into truthful sector owner sector:vrs_1st_krajina:6 (reserve)
[brigade_assignment] Rehomed rs_1st_vujak_light_infantry into truthful sector owner sector:vrs_1st_krajina:6 (reserve)
[brigade_assignment] Rehomed rs_27th_derventa_motorized into truthful sector owner sector:vrs_1st_krajina:6 (reserve)
[brigade_assignment] Rehomed rs_bilea_brigade into truthful sector owner sector:vrs_herzegovina:0 (reserve)
[brigade_assignment] Rehomed arbih_101st_mountain into truthful sector owner sector:arbih_1st_corps:7 (front)
[brigade_assignment] Rehomed arbih_109th_mountain into truthful sector owner sector:arbih_1st_corps:7 (reserve)
[brigade_assignment] Rehomed arbih_112th_vitezka_motorized into truthful sector owner sector:arbih_1st_corps:7 (front)
[brigade_assignment] Rehomed arbih_124th_light_king_tvrtko into truthful sector owner sector:arbih_1st_corps:7 (front)
[brigade_assignment] Rehomed arbih_141st_light into truthful sector owner sector:arbih_1st_corps:7 (front)
[brigade_assignment] Rehomed arbih_143rd_light into truthful sector owner sector:arbih_1st_corps:7 (front)
[brigade_assignment] Rehomed arbih_152nd_mountain into truthful sector owner sector:arbih_1st_corps:7 (front)
[brigade_assignment] Rehomed arbih_155th_motorized into truthful sector owner sector:arbih_1st_corps:7 (front)
[brigade_assignment] Rehomed arbih_181st_mountain into truthful sector owner sector:arbih_1st_corps:7 (reserve)
[brigade_assignment] Rehomed arbih_185th_light into truthful sector owner sector:arbih_1st_corps:0 (reserve)
[brigade_assignment] Rehomed arbih_1st_mountain into truthful sector owner sector:arbih_1st_corps:7 (front)
[brigade_assignment] Rehomed arbih_2nd_mountain into truthful sector owner sector:arbih_1st_corps:7 (front)
[brigade_assignment] Rehomed arbih_hvo_kralj_tvrtko into truthful sector owner sector:arbih_1st_corps:7 (front)
[brigade_assignment] Rehomed rs_1st_prnjavor_light_infantry into truthful sector owner sector:vrs_1st_krajina:6 (reserve)
[brigade_assignment] Rehomed rs_1st_trebava_infantry into truthful sector owner sector:vrs_1st_krajina:6 (reserve)
[brigade_assignment] Rehomed rs_1st_vujak_light_infantry into truthful sector owner sector:vrs_1st_krajina:6 (reserve)
[brigade_assignment] Rehomed rs_22nd_krajina_infantry into truthful sector owner sector:vrs_1st_krajina:2 (front)
[brigade_assignment] Rehomed rs_27th_derventa_motorized into truthful sector owner sector:vrs_1st_krajina:6 (reserve)
[brigade_assignment] Rehomed rs_2nd_banja_luka_light_infantry into truthful sector owner sector:vrs_1st_krajina:2 (front)
[brigade_assignment] Rehomed rs_bilea_brigade into truthful sector owner sector:vrs_herzegovina:0 (reserve)
[brigade_assignment] Rehomed arbih_109th_mountain into truthful sector owner sector:arbih_1st_corps:8 (reserve)
[brigade_assignment] Rehomed arbih_181st_mountain into truthful sector owner sector:arbih_1st_corps:8 (reserve)
[brigade_assignment] Rehomed arbih_185th_light into truthful sector owner sector:arbih_1st_corps:0 (reserve)
[brigade_assignment] Rehomed rs_1st_prnjavor_light_infantry into truthful sector owner sector:vrs_1st_krajina:8 (reserve)
[brigade_assignment] Rehomed rs_1st_trebava_infantry into truthful sector owner sector:vrs_1st_krajina:8 (reserve)
[brigade_assignment] Rehomed rs_1st_vujak_light_infantry into truthful sector owner sector:vrs_1st_krajina:8 (reserve)
[brigade_assignment] Rehomed rs_27th_derventa_motorized into truthful sector owner sector:vrs_1st_krajina:8 (reserve)
[brigade_assignment] Rehomed rs_bilea_brigade into truthful sector owner sector:vrs_herzegovina:0 (reserve)
[brigade_assignment] FINAL_SEAL kind=turn turn=72 unresolved=0
[brigade_assignment] Rehomed rs_1st_prnjavor_light_infantry into truthful sector owner sector:vrs_1st_krajina:6 (reserve)
[brigade_assignment] Rehomed rs_1st_trebava_infantry into truthful sector owner sector:vrs_1st_krajina:6 (reserve)
[brigade_assignment] Rehomed rs_1st_vujak_light_infantry into truthful sector owner sector:vrs_1st_krajina:6 (reserve)
[brigade_assignment] Rehomed rs_27th_derventa_motorized into truthful sector owner sector:vrs_1st_krajina:6 (reserve)
[brigade_assignment] Rehomed rs_bilea_brigade into truthful sector owner sector:vrs_herzegovina:0 (reserve)
[brigade_assignment] Rehomed arbih_101st_mountain into truthful sector owner sector:arbih_1st_corps:7 (front)
[brigade_assignment] Rehomed arbih_109th_mountain into truthful sector owner sector:arbih_1st_corps:7 (reserve)
[brigade_assignment] Rehomed arbih_112th_vitezka_motorized into truthful sector owner sector:arbih_1st_corps:7 (front)
[brigade_assignment] Rehomed arbih_124th_light_king_tvrtko into truthful sector owner sector:arbih_1st_corps:7 (front)
[brigade_assignment] Rehomed arbih_141st_light into truthful sector owner sector:arbih_1st_corps:7 (front)
[brigade_assignment] Rehomed arbih_143rd_light into truthful sector owner sector:arbih_1st_corps:7 (front)
[brigade_assignment] Rehomed arbih_152nd_mountain into truthful sector owner sector:arbih_1st_corps:7 (front)
[brigade_assignment] Rehomed arbih_155th_motorized into truthful sector owner sector:arbih_1st_corps:7 (front)
[brigade_assignment] Rehomed arbih_181st_mountain into truthful sector owner sector:arbih_1st_corps:7 (reserve)
[brigade_assignment] Rehomed arbih_185th_light into truthful sector owner sector:arbih_1st_corps:0 (reserve)
[brigade_assignment] Rehomed arbih_2nd_mountain into truthful sector owner sector:arbih_1st_corps:7 (front)
[brigade_assignment] Rehomed arbih_hvo_kralj_tvrtko into truthful sector owner sector:arbih_1st_corps:7 (front)
[brigade_assignment] Rehomed rs_1st_prnjavor_light_infantry into truthful sector owner sector:vrs_1st_krajina:6 (reserve)
[brigade_assignment] Rehomed rs_1st_trebava_infantry into truthful sector owner sector:vrs_1st_krajina:6 (reserve)
[brigade_assignment] Rehomed rs_1st_vujak_light_infantry into truthful sector owner sector:vrs_1st_krajina:6 (reserve)
[brigade_assignment] Rehomed rs_22nd_krajina_infantry into truthful sector owner sector:vrs_1st_krajina:3 (front)
[brigade_assignment] Rehomed rs_27th_derventa_motorized into truthful sector owner sector:vrs_1st_krajina:6 (reserve)
[brigade_assignment] Rehomed rs_2nd_banja_luka_light_infantry into truthful sector owner sector:vrs_1st_krajina:3 (front)
[brigade_assignment] Rehomed rs_bilea_brigade into truthful sector owner sector:vrs_herzegovina:0 (reserve)
[brigade_assignment] Rehomed arbih_109th_mountain into truthful sector owner sector:arbih_1st_corps:8 (reserve)
[brigade_assignment] Rehomed arbih_181st_mountain into truthful sector owner sector:arbih_1st_corps:8 (reserve)
[brigade_assignment] Rehomed arbih_185th_light into truthful sector owner sector:arbih_1st_corps:0 (reserve)
[brigade_assignment] Rehomed rs_1st_prnjavor_light_infantry into truthful sector owner sector:vrs_1st_krajina:8 (reserve)
[brigade_assignment] Rehomed rs_1st_trebava_infantry into truthful sector owner sector:vrs_1st_krajina:8 (reserve)
[brigade_assignment] Rehomed rs_1st_vujak_light_infantry into truthful sector owner sector:vrs_1st_krajina:8 (reserve)
[brigade_assignment] Rehomed rs_27th_derventa_motorized into truthful sector owner sector:vrs_1st_krajina:8 (reserve)
[brigade_assignment] Rehomed rs_bilea_brigade into truthful sector owner sector:vrs_herzegovina:0 (reserve)
[brigade_assignment] Rehomed rs_1st_prnjavor_light_infantry into truthful sector owner sector:vrs_1st_krajina:6 (reserve)
[brigade_assignment] Rehomed rs_1st_sarajevo_mechanized into truthful sector owner sector:vrs_sarajevo_romanija:2 (reserve)
[brigade_assignment] Rehomed rs_1st_trebava_infantry into truthful sector owner sector:vrs_1st_krajina:6 (reserve)
[brigade_assignment] Rehomed rs_1st_vujak_light_infantry into truthful sector owner sector:vrs_1st_krajina:6 (reserve)
[brigade_assignment] Rehomed rs_27th_derventa_motorized into truthful sector owner sector:vrs_1st_krajina:6 (reserve)
[brigade_assignment] Rehomed rs_bilea_brigade into truthful sector owner sector:vrs_herzegovina:3 (reserve)
[brigade_assignment] Rehomed arbih_101st_mountain into truthful sector owner sector:arbih_1st_corps:7 (front)
[brigade_assignment] Rehomed arbih_109th_mountain into truthful sector owner sector:arbih_1st_corps:7 (reserve)
[brigade_assignment] Rehomed arbih_112th_vitezka_motorized into truthful sector owner sector:arbih_1st_corps:7 (front)
[brigade_assignment] Rehomed arbih_124th_light_king_tvrtko into truthful sector owner sector:arbih_1st_corps:7 (front)
[brigade_assignment] Rehomed arbih_141st_light into truthful sector owner sector:arbih_1st_corps:7 (front)
[brigade_assignment] Rehomed arbih_143rd_light into truthful sector owner sector:arbih_1st_corps:7 (front)
[brigade_assignment] Rehomed arbih_152nd_mountain into truthful sector owner sector:arbih_1st_corps:7 (front)
[brigade_assignment] Rehomed arbih_155th_motorized into truthful sector owner sector:arbih_1st_corps:7 (front)
[brigade_assignment] Rehomed arbih_181st_mountain into truthful sector owner sector:arbih_1st_corps:7 (reserve)
[brigade_assignment] Rehomed arbih_185th_light into truthful sector owner sector:arbih_1st_corps:0 (reserve)
[brigade_assignment] Rehomed arbih_2nd_mountain into truthful sector owner sector:arbih_1st_corps:7 (front)
[brigade_assignment] Rehomed arbih_hvo_kralj_tvrtko into truthful sector owner sector:arbih_1st_corps:7 (front)
[brigade_assignment] Rehomed rs_1st_prnjavor_light_infantry into truthful sector owner sector:vrs_1st_krajina:6 (reserve)
[brigade_assignment] Rehomed rs_1st_sarajevo_mechanized into truthful sector owner sector:vrs_sarajevo_romanija:2 (reserve)
[brigade_assignment] Rehomed rs_1st_trebava_infantry into truthful sector owner sector:vrs_1st_krajina:6 (reserve)
[brigade_assignment] Rehomed rs_1st_vujak_light_infantry into truthful sector owner sector:vrs_1st_krajina:6 (reserve)
[brigade_assignment] Rehomed rs_22nd_krajina_infantry into truthful sector owner sector:vrs_1st_krajina:3 (front)
[brigade_assignment] Rehomed rs_27th_derventa_motorized into truthful sector owner sector:vrs_1st_krajina:6 (reserve)
[brigade_assignment] Rehomed rs_2nd_banja_luka_light_infantry into truthful sector owner sector:vrs_1st_krajina:3 (front)
[brigade_assignment] Rehomed rs_bilea_brigade into truthful sector owner sector:vrs_herzegovina:2 (reserve)
[brigade_assignment] Rehomed arbih_109th_mountain into truthful sector owner sector:arbih_1st_corps:8 (reserve)
[brigade_assignment] Rehomed arbih_181st_mountain into truthful sector owner sector:arbih_1st_corps:8 (reserve)
[brigade_assignment] Rehomed arbih_185th_light into truthful sector owner sector:arbih_1st_corps:0 (reserve)
[brigade_assignment] Rehomed rs_1st_prnjavor_light_infantry into truthful sector owner sector:vrs_1st_krajina:8 (reserve)
[brigade_assignment] Rehomed rs_1st_sarajevo_mechanized into truthful sector owner sector:vrs_sarajevo_romanija:3 (reserve)
[brigade_assignment] Rehomed rs_1st_trebava_infantry into truthful sector owner sector:vrs_1st_krajina:8 (reserve)
[brigade_assignment] Rehomed rs_1st_vujak_light_infantry into truthful sector owner sector:vrs_1st_krajina:8 (reserve)
[brigade_assignment] Rehomed rs_27th_derventa_motorized into truthful sector owner sector:vrs_1st_krajina:8 (reserve)
[brigade_assignment] Rehomed rs_bilea_brigade into truthful sector owner sector:vrs_herzegovina:2 (reserve)
[brigade_assignment] Rehomed rs_1st_prnjavor_light_infantry into truthful sector owner sector:vrs_1st_krajina:6 (reserve)
[brigade_assignment] Rehomed rs_1st_sarajevo_mechanized into truthful sector owner sector:vrs_sarajevo_romanija:2 (reserve)
[brigade_assignment] Rehomed rs_1st_trebava_infantry into truthful sector owner sector:vrs_1st_krajina:6 (reserve)
[brigade_assignment] Rehomed rs_1st_vujak_light_infantry into truthful sector owner sector:vrs_1st_krajina:6 (reserve)
[brigade_assignment] Rehomed rs_27th_derventa_motorized into truthful sector owner sector:vrs_1st_krajina:6 (reserve)
[brigade_assignment] Rehomed rs_bilea_brigade into truthful sector owner sector:vrs_herzegovina:3 (reserve)
[brigade_assignment] Rehomed arbih_101st_mountain into truthful sector owner sector:arbih_1st_corps:7 (front)
[brigade_assignment] Rehomed arbih_109th_mountain into truthful sector owner sector:arbih_1st_corps:7 (reserve)
[brigade_assignment] Rehomed arbih_112th_vitezka_motorized into truthful sector owner sector:arbih_1st_corps:7 (front)
[brigade_assignment] Rehomed arbih_124th_light_king_tvrtko into truthful sector owner sector:arbih_1st_corps:7 (front)
[brigade_assignment] Rehomed arbih_141st_light into truthful sector owner sector:arbih_1st_corps:7 (front)
[brigade_assignment] Rehomed arbih_143rd_light into truthful sector owner sector:arbih_1st_corps:7 (front)
[brigade_assignment] Rehomed arbih_152nd_mountain into truthful sector owner sector:arbih_1st_corps:7 (front)
[brigade_assignment] Rehomed arbih_155th_motorized into truthful sector owner sector:arbih_1st_corps:7 (front)
[brigade_assignment] Rehomed arbih_181st_mountain into truthful sector owner sector:arbih_1st_corps:7 (reserve)
[brigade_assignment] Rehomed arbih_185th_light into truthful sector owner sector:arbih_1st_corps:0 (reserve)
[brigade_assignment] Rehomed arbih_2nd_mountain into truthful sector owner sector:arbih_1st_corps:7 (front)
[brigade_assignment] Rehomed arbih_hvo_kralj_tvrtko into truthful sector owner sector:arbih_1st_corps:7 (front)
[brigade_assignment] Rehomed rs_1st_prnjavor_light_infantry into truthful sector owner sector:vrs_1st_krajina:6 (reserve)
[brigade_assignment] Rehomed rs_1st_sarajevo_mechanized into truthful sector owner sector:vrs_sarajevo_romanija:2 (reserve)
[brigade_assignment] Rehomed rs_1st_trebava_infantry into truthful sector owner sector:vrs_1st_krajina:6 (reserve)
[brigade_assignment] Rehomed rs_1st_vujak_light_infantry into truthful sector owner sector:vrs_1st_krajina:6 (reserve)
[brigade_assignment] Rehomed rs_22nd_krajina_infantry into truthful sector owner sector:vrs_1st_krajina:3 (front)
[brigade_assignment] Rehomed rs_27th_derventa_motorized into truthful sector owner sector:vrs_1st_krajina:6 (reserve)
[brigade_assignment] Rehomed rs_2nd_banja_luka_light_infantry into truthful sector owner sector:vrs_1st_krajina:3 (front)
[brigade_assignment] Rehomed rs_bilea_brigade into truthful sector owner sector:vrs_herzegovina:2 (reserve)
[brigade_assignment] Rehomed arbih_109th_mountain into truthful sector owner sector:arbih_1st_corps:8 (reserve)
[brigade_assignment] Rehomed arbih_181st_mountain into truthful sector owner sector:arbih_1st_corps:8 (reserve)
[brigade_assignment] Rehomed arbih_185th_light into truthful sector owner sector:arbih_1st_corps:0 (reserve)
[brigade_assignment] Rehomed rs_1st_prnjavor_light_infantry into truthful sector owner sector:vrs_1st_krajina:8 (reserve)
[brigade_assignment] Rehomed rs_1st_sarajevo_mechanized into truthful sector owner sector:vrs_sarajevo_romanija:3 (reserve)
[brigade_assignment] Rehomed rs_1st_trebava_infantry into truthful sector owner sector:vrs_1st_krajina:8 (reserve)
[brigade_assignment] Rehomed rs_1st_vujak_light_infantry into truthful sector owner sector:vrs_1st_krajina:8 (reserve)
[brigade_assignment] Rehomed rs_27th_derventa_motorized into truthful sector owner sector:vrs_1st_krajina:8 (reserve)
[brigade_assignment] Rehomed rs_bilea_brigade into truthful sector owner sector:vrs_herzegovina:2 (reserve)
[brigade_assignment] FINAL_SEAL kind=turn turn=73 unresolved=0
[brigade_assignment] Rehomed rs_1st_prnjavor_light_infantry into truthful sector owner sector:vrs_1st_krajina:6 (reserve)
[brigade_assignment] Rehomed rs_1st_sarajevo_mechanized into truthful sector owner sector:vrs_sarajevo_romanija:2 (reserve)
[brigade_assignment] Rehomed rs_1st_trebava_infantry into truthful sector owner sector:vrs_1st_krajina:6 (reserve)
[brigade_assignment] Rehomed rs_1st_vujak_light_infantry into truthful sector owner sector:vrs_1st_krajina:6 (reserve)
[brigade_assignment] Rehomed rs_27th_derventa_motorized into truthful sector owner sector:vrs_1st_krajina:6 (reserve)
[brigade_assignment] Rehomed rs_bilea_brigade into truthful sector owner sector:vrs_herzegovina:3 (reserve)
[brigade_assignment] Rehomed arbih_101st_mountain into truthful sector owner sector:arbih_1st_corps:7 (front)
[brigade_assignment] Rehomed arbih_109th_mountain into truthful sector owner sector:arbih_1st_corps:7 (reserve)
[brigade_assignment] Rehomed arbih_112th_vitezka_motorized into truthful sector owner sector:arbih_1st_corps:7 (front)
[brigade_assignment] Rehomed arbih_124th_light_king_tvrtko into truthful sector owner sector:arbih_1st_corps:7 (front)
[brigade_assignment] Rehomed arbih_141st_light into truthful sector owner sector:arbih_1st_corps:7 (front)
[brigade_assignment] Rehomed arbih_143rd_light into truthful sector owner sector:arbih_1st_corps:7 (front)
[brigade_assignment] Rehomed arbih_152nd_mountain into truthful sector owner sector:arbih_1st_corps:7 (front)
[brigade_assignment] Rehomed arbih_155th_motorized into truthful sector owner sector:arbih_1st_corps:7 (front)
[brigade_assignment] Rehomed arbih_181st_mountain into truthful sector owner sector:arbih_1st_corps:7 (reserve)
[brigade_assignment] Rehomed arbih_185th_light into truthful sector owner sector:arbih_1st_corps:0 (reserve)
[brigade_assignment] Rehomed arbih_2nd_mountain into truthful sector owner sector:arbih_1st_corps:7 (front)
[brigade_assignment] Rehomed arbih_hvo_kralj_tvrtko into truthful sector owner sector:arbih_1st_corps:7 (front)
[brigade_assignment] Rehomed rs_1st_prnjavor_light_infantry into truthful sector owner sector:vrs_1st_krajina:6 (reserve)
[brigade_assignment] Rehomed rs_1st_sarajevo_mechanized into truthful sector owner sector:vrs_sarajevo_romanija:2 (reserve)
[brigade_assignment] Rehomed rs_1st_trebava_infantry into truthful sector owner sector:vrs_1st_krajina:6 (reserve)
[brigade_assignment] Rehomed rs_1st_vujak_light_infantry into truthful sector owner sector:vrs_1st_krajina:6 (reserve)
[brigade_assignment] Rehomed rs_22nd_krajina_infantry into truthful sector owner sector:vrs_1st_krajina:3 (front)
[brigade_assignment] Rehomed rs_27th_derventa_motorized into truthful sector owner sector:vrs_1st_krajina:6 (reserve)
[brigade_assignment] Rehomed rs_2nd_banja_luka_light_infantry into truthful sector owner sector:vrs_1st_krajina:3 (front)
[brigade_assignment] Rehomed rs_bilea_brigade into truthful sector owner sector:vrs_herzegovina:2 (reserve)
[brigade_assignment] Rehomed arbih_109th_mountain into truthful sector owner sector:arbih_1st_corps:8 (reserve)
[brigade_assignment] Rehomed arbih_181st_mountain into truthful sector owner sector:arbih_1st_corps:8 (reserve)
[brigade_assignment] Rehomed arbih_185th_light into truthful sector owner sector:arbih_1st_corps:0 (reserve)
[brigade_assignment] Rehomed rs_1st_prnjavor_light_infantry into truthful sector owner sector:vrs_1st_krajina:8 (reserve)
[brigade_assignment] Rehomed rs_1st_sarajevo_mechanized into truthful sector owner sector:vrs_sarajevo_romanija:3 (reserve)
[brigade_assignment] Rehomed rs_1st_trebava_infantry into truthful sector owner sector:vrs_1st_krajina:8 (reserve)
[brigade_assignment] Rehomed rs_1st_vujak_light_infantry into truthful sector owner sector:vrs_1st_krajina:8 (reserve)
[brigade_assignment] Rehomed rs_27th_derventa_motorized into truthful sector owner sector:vrs_1st_krajina:8 (reserve)
[brigade_assignment] Rehomed rs_bilea_brigade into truthful sector owner sector:vrs_herzegovina:2 (reserve)
[brigade_assignment] Rehomed rs_1st_prnjavor_light_infantry into truthful sector owner sector:vrs_1st_krajina:6 (reserve)
[brigade_assignment] Rehomed rs_1st_trebava_infantry into truthful sector owner sector:vrs_1st_krajina:6 (reserve)
[brigade_assignment] Rehomed rs_1st_vujak_light_infantry into truthful sector owner sector:vrs_1st_krajina:6 (reserve)
[brigade_assignment] Rehomed rs_27th_derventa_motorized into truthful sector owner sector:vrs_1st_krajina:6 (reserve)
[brigade_assignment] Rehomed rs_bilea_brigade into truthful sector owner sector:vrs_herzegovina:3 (reserve)
[brigade_assignment] Rehomed arbih_101st_mountain into truthful sector owner sector:arbih_1st_corps:7 (front)
[brigade_assignment] Rehomed arbih_109th_mountain into truthful sector owner sector:arbih_1st_corps:7 (reserve)
[brigade_assignment] Rehomed arbih_112th_vitezka_motorized into truthful sector owner sector:arbih_1st_corps:7 (front)
[brigade_assignment] Rehomed arbih_124th_light_king_tvrtko into truthful sector owner sector:arbih_1st_corps:7 (front)
[brigade_assignment] Rehomed arbih_141st_light into truthful sector owner sector:arbih_1st_corps:7 (front)
[brigade_assignment] Rehomed arbih_143rd_light into truthful sector owner sector:arbih_1st_corps:7 (front)
[brigade_assignment] Rehomed arbih_152nd_mountain into truthful sector owner sector:arbih_1st_corps:7 (front)
[brigade_assignment] Rehomed arbih_155th_motorized into truthful sector owner sector:arbih_1st_corps:7 (front)
[brigade_assignment] Rehomed arbih_181st_mountain into truthful sector owner sector:arbih_1st_corps:7 (reserve)
[brigade_assignment] Rehomed arbih_185th_light into truthful sector owner sector:arbih_1st_corps:0 (reserve)
[brigade_assignment] Rehomed arbih_2nd_mountain into truthful sector owner sector:arbih_1st_corps:7 (front)
[brigade_assignment] Rehomed arbih_hvo_kralj_tvrtko into truthful sector owner sector:arbih_1st_corps:7 (front)
[brigade_assignment] Rehomed rs_1st_prnjavor_light_infantry into truthful sector owner sector:vrs_1st_krajina:6 (reserve)
[brigade_assignment] Rehomed rs_1st_trebava_infantry into truthful sector owner sector:vrs_1st_krajina:6 (reserve)
[brigade_assignment] Rehomed rs_1st_vujak_light_infantry into truthful sector owner sector:vrs_1st_krajina:6 (reserve)
[brigade_assignment] Rehomed rs_22nd_krajina_infantry into truthful sector owner sector:vrs_1st_krajina:3 (front)
[brigade_assignment] Rehomed rs_27th_derventa_motorized into truthful sector owner sector:vrs_1st_krajina:6 (reserve)
[brigade_assignment] Rehomed rs_2nd_banja_luka_light_infantry into truthful sector owner sector:vrs_1st_krajina:3 (front)
[brigade_assignment] Rehomed rs_bilea_brigade into truthful sector owner sector:vrs_herzegovina:2 (reserve)
[brigade_assignment] Rehomed arbih_109th_mountain into truthful sector owner sector:arbih_1st_corps:8 (reserve)
[brigade_assignment] Rehomed arbih_181st_mountain into truthful sector owner sector:arbih_1st_corps:8 (reserve)
[brigade_assignment] Rehomed arbih_185th_light into truthful sector owner sector:arbih_1st_corps:0 (reserve)
[brigade_assignment] Rehomed rs_1st_prnjavor_light_infantry into truthful sector owner sector:vrs_1st_krajina:8 (reserve)
[brigade_assignment] Rehomed rs_1st_trebava_infantry into truthful sector owner sector:vrs_1st_krajina:8 (reserve)
[brigade_assignment] Rehomed rs_1st_vujak_light_infantry into truthful sector owner sector:vrs_1st_krajina:8 (reserve)
[brigade_assignment] Rehomed rs_27th_derventa_motorized into truthful sector owner sector:vrs_1st_krajina:8 (reserve)
[brigade_assignment] Rehomed rs_bilea_brigade into truthful sector owner sector:vrs_herzegovina:2 (reserve)
[brigade_assignment] FINAL_SEAL kind=turn turn=74 unresolved=0
[brigade_assignment] Rehomed rs_1st_prnjavor_light_infantry into truthful sector owner sector:vrs_1st_krajina:6 (reserve)
[brigade_assignment] Rehomed rs_1st_trebava_infantry into truthful sector owner sector:vrs_1st_krajina:6 (reserve)
[brigade_assignment] Rehomed rs_1st_vujak_light_infantry into truthful sector owner sector:vrs_1st_krajina:6 (reserve)
[brigade_assignment] Rehomed rs_27th_derventa_motorized into truthful sector owner sector:vrs_1st_krajina:6 (reserve)
[brigade_assignment] Rehomed arbih_101st_mountain into truthful sector owner sector:arbih_1st_corps:7 (front)
[brigade_assignment] Rehomed arbih_109th_mountain into truthful sector owner sector:arbih_1st_corps:7 (reserve)
[brigade_assignment] Rehomed arbih_112th_vitezka_motorized into truthful sector owner sector:arbih_1st_corps:7 (front)
[brigade_assignment] Rehomed arbih_124th_light_king_tvrtko into truthful sector owner sector:arbih_1st_corps:7 (front)
[brigade_assignment] Rehomed arbih_141st_light into truthful sector owner sector:arbih_1st_corps:7 (front)
[brigade_assignment] Rehomed arbih_143rd_light into truthful sector owner sector:arbih_1st_corps:7 (front)
[brigade_assignment] Rehomed arbih_152nd_mountain into truthful sector owner sector:arbih_1st_corps:7 (front)
[brigade_assignment] Rehomed arbih_155th_motorized into truthful sector owner sector:arbih_1st_corps:7 (front)
[brigade_assignment] Rehomed arbih_181st_mountain into truthful sector owner sector:arbih_1st_corps:7 (reserve)
[brigade_assignment] Rehomed arbih_185th_light into truthful sector owner sector:arbih_1st_corps:0 (reserve)
[brigade_assignment] Rehomed arbih_2nd_mountain into truthful sector owner sector:arbih_1st_corps:7 (front)
[brigade_assignment] Rehomed arbih_hvo_kralj_tvrtko into truthful sector owner sector:arbih_1st_corps:7 (front)
[brigade_assignment] Rehomed rs_1st_prnjavor_light_infantry into truthful sector owner sector:vrs_1st_krajina:6 (reserve)
[brigade_assignment] Rehomed rs_1st_trebava_infantry into truthful sector owner sector:vrs_1st_krajina:6 (reserve)
[brigade_assignment] Rehomed rs_1st_vujak_light_infantry into truthful sector owner sector:vrs_1st_krajina:6 (reserve)
[brigade_assignment] Rehomed rs_22nd_krajina_infantry into truthful sector owner sector:vrs_1st_krajina:2 (front)
[brigade_assignment] Rehomed rs_27th_derventa_motorized into truthful sector owner sector:vrs_1st_krajina:6 (reserve)
[brigade_assignment] Rehomed rs_2nd_banja_luka_light_infantry into truthful sector owner sector:vrs_1st_krajina:2 (front)
[brigade_assignment] Rehomed arbih_109th_mountain into truthful sector owner sector:arbih_1st_corps:8 (reserve)
[brigade_assignment] Rehomed arbih_181st_mountain into truthful sector owner sector:arbih_1st_corps:8 (reserve)
[brigade_assignment] Rehomed arbih_185th_light into truthful sector owner sector:arbih_1st_corps:0 (reserve)
[brigade_assignment] Rehomed rs_1st_prnjavor_light_infantry into truthful sector owner sector:vrs_1st_krajina:8 (reserve)
[brigade_assignment] Rehomed rs_1st_trebava_infantry into truthful sector owner sector:vrs_1st_krajina:8 (reserve)
[brigade_assignment] Rehomed rs_1st_vujak_light_infantry into truthful sector owner sector:vrs_1st_krajina:8 (reserve)
[brigade_assignment] Rehomed rs_27th_derventa_motorized into truthful sector owner sector:vrs_1st_krajina:8 (reserve)
[brigade_assignment] Rehomed rs_1st_prnjavor_light_infantry into truthful sector owner sector:vrs_1st_krajina:6 (reserve)
[brigade_assignment] Rehomed rs_1st_trebava_infantry into truthful sector owner sector:vrs_1st_krajina:6 (reserve)
[brigade_assignment] Rehomed rs_1st_vujak_light_infantry into truthful sector owner sector:vrs_1st_krajina:6 (reserve)
[brigade_assignment] Rehomed rs_27th_derventa_motorized into truthful sector owner sector:vrs_1st_krajina:6 (reserve)
[brigade_assignment] Rehomed arbih_101st_mountain into truthful sector owner sector:arbih_1st_corps:7 (front)
[brigade_assignment] Rehomed arbih_109th_mountain into truthful sector owner sector:arbih_1st_corps:7 (reserve)
[brigade_assignment] Rehomed arbih_112th_vitezka_motorized into truthful sector owner sector:arbih_1st_corps:7 (front)
[brigade_assignment] Rehomed arbih_124th_light_king_tvrtko into truthful sector owner sector:arbih_1st_corps:7 (front)
[brigade_assignment] Rehomed arbih_141st_light into truthful sector owner sector:arbih_1st_corps:7 (front)
[brigade_assignment] Rehomed arbih_143rd_light into truthful sector owner sector:arbih_1st_corps:7 (front)
[brigade_assignment] Rehomed arbih_152nd_mountain into truthful sector owner sector:arbih_1st_corps:7 (front)
[brigade_assignment] Rehomed arbih_155th_motorized into truthful sector owner sector:arbih_1st_corps:7 (front)
[brigade_assignment] Rehomed arbih_181st_mountain into truthful sector owner sector:arbih_1st_corps:7 (reserve)
[brigade_assignment] Rehomed arbih_185th_light into truthful sector owner sector:arbih_1st_corps:0 (reserve)
[brigade_assignment] Rehomed arbih_2nd_mountain into truthful sector owner sector:arbih_1st_corps:7 (front)
[brigade_assignment] Rehomed arbih_hvo_kralj_tvrtko into truthful sector owner sector:arbih_1st_corps:7 (front)
[brigade_assignment] Rehomed rs_1st_prnjavor_light_infantry into truthful sector owner sector:vrs_1st_krajina:6 (reserve)
[brigade_assignment] Rehomed rs_1st_trebava_infantry into truthful sector owner sector:vrs_1st_krajina:6 (reserve)
[brigade_assignment] Rehomed rs_1st_vujak_light_infantry into truthful sector owner sector:vrs_1st_krajina:6 (reserve)
[brigade_assignment] Rehomed rs_22nd_krajina_infantry into truthful sector owner sector:vrs_1st_krajina:2 (front)
[brigade_assignment] Rehomed rs_27th_derventa_motorized into truthful sector owner sector:vrs_1st_krajina:6 (reserve)
[brigade_assignment] Rehomed rs_2nd_banja_luka_light_infantry into truthful sector owner sector:vrs_1st_krajina:2 (front)
[brigade_assignment] Rehomed arbih_109th_mountain into truthful sector owner sector:arbih_1st_corps:8 (reserve)
[brigade_assignment] Rehomed arbih_181st_mountain into truthful sector owner sector:arbih_1st_corps:8 (reserve)
[brigade_assignment] Rehomed arbih_185th_light into truthful sector owner sector:arbih_1st_corps:0 (reserve)
[brigade_assignment] Rehomed rs_1st_prnjavor_light_infantry into truthful sector owner sector:vrs_1st_krajina:8 (reserve)
[brigade_assignment] Rehomed rs_1st_trebava_infantry into truthful sector owner sector:vrs_1st_krajina:8 (reserve)
[brigade_assignment] Rehomed rs_1st_vujak_light_infantry into truthful sector owner sector:vrs_1st_krajina:8 (reserve)
[brigade_assignment] Rehomed rs_27th_derventa_motorized into truthful sector owner sector:vrs_1st_krajina:8 (reserve)
[brigade_assignment] FINAL_SEAL kind=turn turn=75 unresolved=0
[brigade_assignment] Rehomed rs_1st_prnjavor_light_infantry into truthful sector owner sector:vrs_1st_krajina:4 (reserve)
[brigade_assignment] Rehomed rs_1st_trebava_infantry into truthful sector owner sector:vrs_1st_krajina:4 (reserve)
[brigade_assignment] Rehomed rs_1st_vujak_light_infantry into truthful sector owner sector:vrs_1st_krajina:4 (reserve)
[brigade_assignment] Rehomed rs_27th_derventa_motorized into truthful sector owner sector:vrs_1st_krajina:4 (reserve)
[brigade_assignment] Rehomed rs_bilea_brigade into truthful sector owner sector:vrs_herzegovina:3 (reserve)
[brigade_assignment] Rehomed arbih_101st_mountain into truthful sector owner sector:arbih_1st_corps:7 (front)
[brigade_assignment] Rehomed arbih_109th_mountain into truthful sector owner sector:arbih_1st_corps:7 (reserve)
[brigade_assignment] Rehomed arbih_112th_vitezka_motorized into truthful sector owner sector:arbih_1st_corps:7 (front)
[brigade_assignment] Rehomed arbih_124th_light_king_tvrtko into truthful sector owner sector:arbih_1st_corps:7 (front)
[brigade_assignment] Rehomed arbih_141st_light into truthful sector owner sector:arbih_1st_corps:7 (front)
[brigade_assignment] Rehomed arbih_143rd_light into truthful sector owner sector:arbih_1st_corps:7 (front)
[brigade_assignment] Rehomed arbih_152nd_mountain into truthful sector owner sector:arbih_1st_corps:7 (front)
[brigade_assignment] Rehomed arbih_155th_motorized into truthful sector owner sector:arbih_1st_corps:7 (front)
[brigade_assignment] Rehomed arbih_181st_mountain into truthful sector owner sector:arbih_1st_corps:7 (reserve)
[brigade_assignment] Rehomed arbih_185th_light into truthful sector owner sector:arbih_1st_corps:0 (reserve)
[brigade_assignment] Rehomed arbih_2nd_mountain into truthful sector owner sector:arbih_1st_corps:7 (front)
[brigade_assignment] Rehomed arbih_hvo_kralj_tvrtko into truthful sector owner sector:arbih_1st_corps:7 (front)
[brigade_assignment] Rehomed rs_11th_dubica_infantry into truthful sector owner sector:vrs_1st_krajina:1 (reserve)
[brigade_assignment] Rehomed rs_1st_prnjavor_light_infantry into truthful sector owner sector:vrs_1st_krajina:4 (reserve)
[brigade_assignment] Rehomed rs_1st_sipovo_light_infantry into truthful sector owner sector:vrs_1st_krajina:1 (reserve)
[brigade_assignment] Rehomed rs_1st_trebava_infantry into truthful sector owner sector:vrs_1st_krajina:4 (reserve)
[brigade_assignment] Rehomed rs_1st_vujak_light_infantry into truthful sector owner sector:vrs_1st_krajina:4 (reserve)
[brigade_assignment] Rehomed rs_27th_derventa_motorized into truthful sector owner sector:vrs_1st_krajina:4 (reserve)
[brigade_assignment] Rehomed rs_bilea_brigade into truthful sector owner sector:vrs_herzegovina:2 (reserve)
[brigade_assignment] Rehomed arbih_109th_mountain into truthful sector owner sector:arbih_1st_corps:8 (reserve)
[brigade_assignment] Rehomed arbih_181st_mountain into truthful sector owner sector:arbih_1st_corps:8 (reserve)
[brigade_assignment] Rehomed arbih_185th_light into truthful sector owner sector:arbih_1st_corps:0 (reserve)
[brigade_assignment] Rehomed arbih_374th_slavna_light into truthful sector owner sector:arbih_3rd_corps:4 (front)
[brigade_assignment] Rehomed arbih_377th_vitezka_mountain into truthful sector owner sector:arbih_3rd_corps:4 (front)
[brigade_assignment] Rehomed arbih_7th_vitezka_muslim_liberation into truthful sector owner sector:arbih_3rd_corps:4 (front)
[brigade_assignment] Rehomed rs_11th_dubica_infantry into truthful sector owner sector:vrs_1st_krajina:3 (reserve)
[brigade_assignment] Rehomed rs_1st_prnjavor_light_infantry into truthful sector owner sector:vrs_1st_krajina:6 (reserve)
[brigade_assignment] Rehomed rs_1st_sipovo_light_infantry into truthful sector owner sector:vrs_1st_krajina:3 (reserve)
[brigade_assignment] Rehomed rs_1st_trebava_infantry into truthful sector owner sector:vrs_1st_krajina:6 (reserve)
[brigade_assignment] Rehomed rs_1st_vujak_light_infantry into truthful sector owner sector:vrs_1st_krajina:6 (reserve)
[brigade_assignment] Rehomed rs_27th_derventa_motorized into truthful sector owner sector:vrs_1st_krajina:6 (reserve)
[brigade_assignment] Rehomed rs_bilea_brigade into truthful sector owner sector:vrs_herzegovina:2 (reserve)
[brigade_assignment] Rehomed rs_1st_prnjavor_light_infantry into truthful sector owner sector:vrs_1st_krajina:5 (reserve)
[brigade_assignment] Rehomed rs_1st_trebava_infantry into truthful sector owner sector:vrs_1st_krajina:5 (reserve)
[brigade_assignment] Rehomed rs_1st_vujak_light_infantry into truthful sector owner sector:vrs_1st_krajina:5 (reserve)
[brigade_assignment] Rehomed rs_27th_derventa_motorized into truthful sector owner sector:vrs_1st_krajina:5 (reserve)
[brigade_assignment] Rehomed arbih_101st_mountain into truthful sector owner sector:arbih_1st_corps:7 (front)
[brigade_assignment] Rehomed arbih_109th_mountain into truthful sector owner sector:arbih_1st_corps:7 (reserve)
[brigade_assignment] Rehomed arbih_112th_vitezka_motorized into truthful sector owner sector:arbih_1st_corps:7 (front)
[brigade_assignment] Rehomed arbih_124th_light_king_tvrtko into truthful sector owner sector:arbih_1st_corps:7 (front)
[brigade_assignment] Rehomed arbih_141st_light into truthful sector owner sector:arbih_1st_corps:7 (front)
[brigade_assignment] Rehomed arbih_143rd_light into truthful sector owner sector:arbih_1st_corps:7 (front)
[brigade_assignment] Rehomed arbih_152nd_mountain into truthful sector owner sector:arbih_1st_corps:7 (front)
[brigade_assignment] Rehomed arbih_155th_motorized into truthful sector owner sector:arbih_1st_corps:7 (front)
[brigade_assignment] Rehomed arbih_181st_mountain into truthful sector owner sector:arbih_1st_corps:7 (reserve)
[brigade_assignment] Rehomed arbih_185th_light into truthful sector owner sector:arbih_1st_corps:0 (reserve)
[brigade_assignment] Rehomed arbih_2nd_mountain into truthful sector owner sector:arbih_1st_corps:7 (front)
[brigade_assignment] Rehomed arbih_hvo_kralj_tvrtko into truthful sector owner sector:arbih_1st_corps:7 (front)
[brigade_assignment] Rehomed rs_1st_prnjavor_light_infantry into truthful sector owner sector:vrs_1st_krajina:5 (reserve)
[brigade_assignment] Rehomed rs_1st_sipovo_light_infantry into truthful sector owner sector:vrs_1st_krajina:1 (reserve)
[brigade_assignment] Rehomed rs_1st_trebava_infantry into truthful sector owner sector:vrs_1st_krajina:5 (reserve)
[brigade_assignment] Rehomed rs_1st_vujak_light_infantry into truthful sector owner sector:vrs_1st_krajina:5 (reserve)
[brigade_assignment] Rehomed rs_27th_derventa_motorized into truthful sector owner sector:vrs_1st_krajina:5 (reserve)
[brigade_assignment] Rehomed arbih_109th_mountain into truthful sector owner sector:arbih_1st_corps:8 (reserve)
[brigade_assignment] Rehomed arbih_181st_mountain into truthful sector owner sector:arbih_1st_corps:8 (reserve)
[brigade_assignment] Rehomed arbih_185th_light into truthful sector owner sector:arbih_1st_corps:0 (reserve)
[brigade_assignment] Rehomed arbih_374th_slavna_light into truthful sector owner sector:arbih_3rd_corps:4 (front)
[brigade_assignment] Rehomed arbih_377th_vitezka_mountain into truthful sector owner sector:arbih_3rd_corps:4 (front)
[brigade_assignment] Rehomed arbih_7th_vitezka_muslim_liberation into truthful sector owner sector:arbih_3rd_corps:4 (front)
[brigade_assignment] Rehomed rs_1st_prnjavor_light_infantry into truthful sector owner sector:vrs_1st_krajina:7 (reserve)
[brigade_assignment] Rehomed rs_1st_sipovo_light_infantry into truthful sector owner sector:vrs_1st_krajina:3 (reserve)
[brigade_assignment] Rehomed rs_1st_trebava_infantry into truthful sector owner sector:vrs_1st_krajina:7 (reserve)
[brigade_assignment] Rehomed rs_1st_vujak_light_infantry into truthful sector owner sector:vrs_1st_krajina:7 (reserve)
[brigade_assignment] Rehomed rs_27th_derventa_motorized into truthful sector owner sector:vrs_1st_krajina:7 (reserve)
[brigade_assignment] FINAL_SEAL kind=turn turn=76 unresolved=0
[brigade_assignment] Rehomed rs_1st_prnjavor_light_infantry into truthful sector owner sector:vrs_1st_krajina:6 (reserve)
[brigade_assignment] Rehomed rs_1st_trebava_infantry into truthful sector owner sector:vrs_1st_krajina:6 (reserve)
[brigade_assignment] Rehomed rs_1st_vujak_light_infantry into truthful sector owner sector:vrs_1st_krajina:6 (reserve)
[brigade_assignment] Rehomed rs_27th_derventa_motorized into truthful sector owner sector:vrs_1st_krajina:6 (reserve)
[brigade_assignment] Rehomed rs_bilea_brigade into truthful sector owner sector:vrs_herzegovina:3 (reserve)
[brigade_assignment] Rehomed arbih_101st_mountain into truthful sector owner sector:arbih_1st_corps:7 (front)
[brigade_assignment] Rehomed arbih_109th_mountain into truthful sector owner sector:arbih_1st_corps:7 (reserve)
[brigade_assignment] Rehomed arbih_112th_vitezka_motorized into truthful sector owner sector:arbih_1st_corps:7 (front)
[brigade_assignment] Rehomed arbih_124th_light_king_tvrtko into truthful sector owner sector:arbih_1st_corps:7 (front)
[brigade_assignment] Rehomed arbih_141st_light into truthful sector owner sector:arbih_1st_corps:7 (front)
[brigade_assignment] Rehomed arbih_143rd_light into truthful sector owner sector:arbih_1st_corps:7 (front)
[brigade_assignment] Rehomed arbih_152nd_mountain into truthful sector owner sector:arbih_1st_corps:7 (front)
[brigade_assignment] Rehomed arbih_155th_motorized into truthful sector owner sector:arbih_1st_corps:7 (front)
[brigade_assignment] Rehomed arbih_181st_mountain into truthful sector owner sector:arbih_1st_corps:7 (reserve)
[brigade_assignment] Rehomed arbih_185th_light into truthful sector owner sector:arbih_1st_corps:0 (reserve)
[brigade_assignment] Rehomed arbih_2nd_mountain into truthful sector owner sector:arbih_1st_corps:7 (front)
[brigade_assignment] Rehomed arbih_hvo_kralj_tvrtko into truthful sector owner sector:arbih_1st_corps:7 (front)
[brigade_assignment] Rehomed rs_1st_prnjavor_light_infantry into truthful sector owner sector:vrs_1st_krajina:6 (reserve)
[brigade_assignment] Rehomed rs_1st_trebava_infantry into truthful sector owner sector:vrs_1st_krajina:6 (reserve)
[brigade_assignment] Rehomed rs_1st_vujak_light_infantry into truthful sector owner sector:vrs_1st_krajina:6 (reserve)
[brigade_assignment] Rehomed rs_22nd_krajina_infantry into truthful sector owner sector:vrs_1st_krajina:2 (front)
[brigade_assignment] Rehomed rs_27th_derventa_motorized into truthful sector owner sector:vrs_1st_krajina:6 (reserve)
[brigade_assignment] Rehomed rs_2nd_banja_luka_light_infantry into truthful sector owner sector:vrs_1st_krajina:2 (front)
[brigade_assignment] Rehomed rs_bilea_brigade into truthful sector owner sector:vrs_herzegovina:2 (reserve)
[brigade_assignment] Rehomed arbih_109th_mountain into truthful sector owner sector:arbih_1st_corps:8 (reserve)
[brigade_assignment] Rehomed arbih_181st_mountain into truthful sector owner sector:arbih_1st_corps:8 (reserve)
[brigade_assignment] Rehomed arbih_185th_light into truthful sector owner sector:arbih_1st_corps:0 (reserve)
[brigade_assignment] Rehomed arbih_374th_slavna_light into truthful sector owner sector:arbih_3rd_corps:4 (front)
[brigade_assignment] Rehomed arbih_377th_vitezka_mountain into truthful sector owner sector:arbih_3rd_corps:4 (front)
[brigade_assignment] Rehomed arbih_7th_vitezka_muslim_liberation into truthful sector owner sector:arbih_3rd_corps:4 (front)
[brigade_assignment] Rehomed rs_1st_prnjavor_light_infantry into truthful sector owner sector:vrs_1st_krajina:8 (reserve)
[brigade_assignment] Rehomed rs_1st_trebava_infantry into truthful sector owner sector:vrs_1st_krajina:8 (reserve)
[brigade_assignment] Rehomed rs_1st_vujak_light_infantry into truthful sector owner sector:vrs_1st_krajina:8 (reserve)
[brigade_assignment] Rehomed rs_27th_derventa_motorized into truthful sector owner sector:vrs_1st_krajina:8 (reserve)
[brigade_assignment] Rehomed rs_bilea_brigade into truthful sector owner sector:vrs_herzegovina:2 (reserve)
[brigade_assignment] Rehomed rs_1st_prnjavor_light_infantry into truthful sector owner sector:vrs_1st_krajina:6 (reserve)
[brigade_assignment] Rehomed rs_1st_trebava_infantry into truthful sector owner sector:vrs_1st_krajina:6 (reserve)
[brigade_assignment] Rehomed rs_1st_vujak_light_infantry into truthful sector owner sector:vrs_1st_krajina:6 (reserve)
[brigade_assignment] Rehomed rs_27th_derventa_motorized into truthful sector owner sector:vrs_1st_krajina:6 (reserve)
[brigade_assignment] Rehomed arbih_101st_mountain into truthful sector owner sector:arbih_1st_corps:7 (front)
[brigade_assignment] Rehomed arbih_109th_mountain into truthful sector owner sector:arbih_1st_corps:7 (reserve)
[brigade_assignment] Rehomed arbih_112th_vitezka_motorized into truthful sector owner sector:arbih_1st_corps:7 (front)
[brigade_assignment] Rehomed arbih_124th_light_king_tvrtko into truthful sector owner sector:arbih_1st_corps:7 (front)
[brigade_assignment] Rehomed arbih_141st_light into truthful sector owner sector:arbih_1st_corps:7 (front)
[brigade_assignment] Rehomed arbih_143rd_light into truthful sector owner sector:arbih_1st_corps:7 (front)
[brigade_assignment] Rehomed arbih_152nd_mountain into truthful sector owner sector:arbih_1st_corps:7 (front)
[brigade_assignment] Rehomed arbih_155th_motorized into truthful sector owner sector:arbih_1st_corps:7 (front)
[brigade_assignment] Rehomed arbih_181st_mountain into truthful sector owner sector:arbih_1st_corps:7 (reserve)
[brigade_assignment] Rehomed arbih_185th_light into truthful sector owner sector:arbih_1st_corps:0 (reserve)
[brigade_assignment] Rehomed arbih_2nd_mountain into truthful sector owner sector:arbih_1st_corps:7 (front)
[brigade_assignment] Rehomed arbih_hvo_kralj_tvrtko into truthful sector owner sector:arbih_1st_corps:7 (front)
[brigade_assignment] Rehomed rs_1st_prnjavor_light_infantry into truthful sector owner sector:vrs_1st_krajina:6 (reserve)
[brigade_assignment] Rehomed rs_1st_trebava_infantry into truthful sector owner sector:vrs_1st_krajina:6 (reserve)
[brigade_assignment] Rehomed rs_1st_vujak_light_infantry into truthful sector owner sector:vrs_1st_krajina:6 (reserve)
[brigade_assignment] Rehomed rs_22nd_krajina_infantry into truthful sector owner sector:vrs_1st_krajina:2 (front)
[brigade_assignment] Rehomed rs_27th_derventa_motorized into truthful sector owner sector:vrs_1st_krajina:6 (reserve)
[brigade_assignment] Rehomed rs_2nd_banja_luka_light_infantry into truthful sector owner sector:vrs_1st_krajina:2 (front)
[brigade_assignment] Rehomed arbih_109th_mountain into truthful sector owner sector:arbih_1st_corps:8 (reserve)
[brigade_assignment] Rehomed arbih_181st_mountain into truthful sector owner sector:arbih_1st_corps:8 (reserve)
[brigade_assignment] Rehomed arbih_185th_light into truthful sector owner sector:arbih_1st_corps:0 (reserve)
[brigade_assignment] Rehomed arbih_374th_slavna_light into truthful sector owner sector:arbih_3rd_corps:4 (front)
[brigade_assignment] Rehomed arbih_377th_vitezka_mountain into truthful sector owner sector:arbih_3rd_corps:4 (front)
[brigade_assignment] Rehomed arbih_7th_vitezka_muslim_liberation into truthful sector owner sector:arbih_3rd_corps:4 (front)
[brigade_assignment] Rehomed rs_1st_prnjavor_light_infantry into truthful sector owner sector:vrs_1st_krajina:8 (reserve)
[brigade_assignment] Rehomed rs_1st_trebava_infantry into truthful sector owner sector:vrs_1st_krajina:8 (reserve)
[brigade_assignment] Rehomed rs_1st_vujak_light_infantry into truthful sector owner sector:vrs_1st_krajina:8 (reserve)
[brigade_assignment] Rehomed rs_27th_derventa_motorized into truthful sector owner sector:vrs_1st_krajina:8 (reserve)
[brigade_assignment] FINAL_SEAL kind=turn turn=77 unresolved=0
[brigade_assignment] Rehomed rs_1st_prnjavor_light_infantry into truthful sector owner sector:vrs_1st_krajina:6 (reserve)
[brigade_assignment] Rehomed rs_1st_trebava_infantry into truthful sector owner sector:vrs_1st_krajina:6 (reserve)
[brigade_assignment] Rehomed rs_1st_vujak_light_infantry into truthful sector owner sector:vrs_1st_krajina:6 (reserve)
[brigade_assignment] Rehomed rs_27th_derventa_motorized into truthful sector owner sector:vrs_1st_krajina:6 (reserve)
[brigade_assignment] Rehomed rs_bilea_brigade into truthful sector owner sector:vrs_herzegovina:3 (reserve)
[brigade_assignment] Rehomed arbih_101st_mountain into truthful sector owner sector:arbih_1st_corps:7 (front)
[brigade_assignment] Rehomed arbih_109th_mountain into truthful sector owner sector:arbih_1st_corps:7 (reserve)
[brigade_assignment] Rehomed arbih_112th_vitezka_motorized into truthful sector owner sector:arbih_1st_corps:7 (front)
[brigade_assignment] Rehomed arbih_124th_light_king_tvrtko into truthful sector owner sector:arbih_1st_corps:7 (front)
[brigade_assignment] Rehomed arbih_141st_light into truthful sector owner sector:arbih_1st_corps:7 (front)
[brigade_assignment] Rehomed arbih_143rd_light into truthful sector owner sector:arbih_1st_corps:7 (front)
[brigade_assignment] Rehomed arbih_152nd_mountain into truthful sector owner sector:arbih_1st_corps:7 (front)
[brigade_assignment] Rehomed arbih_155th_motorized into truthful sector owner sector:arbih_1st_corps:7 (front)
[brigade_assignment] Rehomed arbih_181st_mountain into truthful sector owner sector:arbih_1st_corps:7 (reserve)
[brigade_assignment] Rehomed arbih_185th_light into truthful sector owner sector:arbih_1st_corps:0 (reserve)
[brigade_assignment] Rehomed arbih_2nd_mountain into truthful sector owner sector:arbih_1st_corps:7 (front)
[brigade_assignment] Rehomed arbih_hvo_kralj_tvrtko into truthful sector owner sector:arbih_1st_corps:7 (front)
[brigade_assignment] Rehomed rs_1st_prnjavor_light_infantry into truthful sector owner sector:vrs_1st_krajina:6 (reserve)
[brigade_assignment] Rehomed rs_1st_trebava_infantry into truthful sector owner sector:vrs_1st_krajina:6 (reserve)
[brigade_assignment] Rehomed rs_1st_vujak_light_infantry into truthful sector owner sector:vrs_1st_krajina:6 (reserve)
[brigade_assignment] Rehomed rs_22nd_krajina_infantry into truthful sector owner sector:vrs_1st_krajina:2 (front)
[brigade_assignment] Rehomed rs_27th_derventa_motorized into truthful sector owner sector:vrs_1st_krajina:6 (reserve)
[brigade_assignment] Rehomed rs_2nd_banja_luka_light_infantry into truthful sector owner sector:vrs_1st_krajina:2 (front)
[brigade_assignment] Rehomed rs_bilea_brigade into truthful sector owner sector:vrs_herzegovina:2 (reserve)
[brigade_assignment] Rehomed arbih_109th_mountain into truthful sector owner sector:arbih_1st_corps:8 (reserve)
[brigade_assignment] Rehomed arbih_181st_mountain into truthful sector owner sector:arbih_1st_corps:8 (reserve)
[brigade_assignment] Rehomed arbih_185th_light into truthful sector owner sector:arbih_1st_corps:0 (reserve)
[brigade_assignment] Rehomed arbih_374th_slavna_light into truthful sector owner sector:arbih_3rd_corps:4 (front)
[brigade_assignment] Rehomed arbih_377th_vitezka_mountain into truthful sector owner sector:arbih_3rd_corps:4 (front)
[brigade_assignment] Rehomed arbih_7th_vitezka_muslim_liberation into truthful sector owner sector:arbih_3rd_corps:4 (front)
[brigade_assignment] Rehomed rs_1st_prnjavor_light_infantry into truthful sector owner sector:vrs_1st_krajina:8 (reserve)
[brigade_assignment] Rehomed rs_1st_trebava_infantry into truthful sector owner sector:vrs_1st_krajina:8 (reserve)
[brigade_assignment] Rehomed rs_1st_vujak_light_infantry into truthful sector owner sector:vrs_1st_krajina:8 (reserve)
[brigade_assignment] Rehomed rs_27th_derventa_motorized into truthful sector owner sector:vrs_1st_krajina:8 (reserve)
[brigade_assignment] Rehomed rs_bilea_brigade into truthful sector owner sector:vrs_herzegovina:2 (reserve)
[brigade_assignment] Rehomed rs_1st_prnjavor_light_infantry into truthful sector owner sector:vrs_1st_krajina:6 (reserve)
[brigade_assignment] Rehomed rs_1st_trebava_infantry into truthful sector owner sector:vrs_1st_krajina:6 (reserve)
[brigade_assignment] Rehomed rs_1st_vujak_light_infantry into truthful sector owner sector:vrs_1st_krajina:6 (reserve)
[brigade_assignment] Rehomed rs_27th_derventa_motorized into truthful sector owner sector:vrs_1st_krajina:6 (reserve)
[brigade_assignment] Rehomed arbih_101st_mountain into truthful sector owner sector:arbih_1st_corps:7 (front)
[brigade_assignment] Rehomed arbih_109th_mountain into truthful sector owner sector:arbih_1st_corps:7 (reserve)
[brigade_assignment] Rehomed arbih_112th_vitezka_motorized into truthful sector owner sector:arbih_1st_corps:7 (front)
[brigade_assignment] Rehomed arbih_124th_light_king_tvrtko into truthful sector owner sector:arbih_1st_corps:7 (front)
[brigade_assignment] Rehomed arbih_141st_light into truthful sector owner sector:arbih_1st_corps:7 (front)
[brigade_assignment] Rehomed arbih_143rd_light into truthful sector owner sector:arbih_1st_corps:7 (front)
[brigade_assignment] Rehomed arbih_152nd_mountain into truthful sector owner sector:arbih_1st_corps:7 (front)
[brigade_assignment] Rehomed arbih_155th_motorized into truthful sector owner sector:arbih_1st_corps:7 (front)
[brigade_assignment] Rehomed arbih_181st_mountain into truthful sector owner sector:arbih_1st_corps:7 (reserve)
[brigade_assignment] Rehomed arbih_185th_light into truthful sector owner sector:arbih_1st_corps:0 (reserve)
[brigade_assignment] Rehomed arbih_2nd_mountain into truthful sector owner sector:arbih_1st_corps:7 (front)
[brigade_assignment] Rehomed arbih_hvo_kralj_tvrtko into truthful sector owner sector:arbih_1st_corps:7 (front)
[brigade_assignment] Rehomed rs_1st_prnjavor_light_infantry into truthful sector owner sector:vrs_1st_krajina:6 (reserve)
[brigade_assignment] Rehomed rs_1st_trebava_infantry into truthful sector owner sector:vrs_1st_krajina:6 (reserve)
[brigade_assignment] Rehomed rs_1st_vujak_light_infantry into truthful sector owner sector:vrs_1st_krajina:6 (reserve)
[brigade_assignment] Rehomed rs_22nd_krajina_infantry into truthful sector owner sector:vrs_1st_krajina:2 (front)
[brigade_assignment] Rehomed rs_27th_derventa_motorized into truthful sector owner sector:vrs_1st_krajina:6 (reserve)
[brigade_assignment] Rehomed rs_2nd_banja_luka_light_infantry into truthful sector owner sector:vrs_1st_krajina:2 (front)
[brigade_assignment] Rehomed arbih_109th_mountain into truthful sector owner sector:arbih_1st_corps:8 (reserve)
[brigade_assignment] Rehomed arbih_181st_mountain into truthful sector owner sector:arbih_1st_corps:8 (reserve)
[brigade_assignment] Rehomed arbih_185th_light into truthful sector owner sector:arbih_1st_corps:0 (reserve)
[brigade_assignment] Rehomed arbih_374th_slavna_light into truthful sector owner sector:arbih_3rd_corps:4 (front)
[brigade_assignment] Rehomed arbih_377th_vitezka_mountain into truthful sector owner sector:arbih_3rd_corps:4 (front)
[brigade_assignment] Rehomed arbih_7th_vitezka_muslim_liberation into truthful sector owner sector:arbih_3rd_corps:4 (front)
[brigade_assignment] Rehomed rs_1st_prnjavor_light_infantry into truthful sector owner sector:vrs_1st_krajina:8 (reserve)
[brigade_assignment] Rehomed rs_1st_trebava_infantry into truthful sector owner sector:vrs_1st_krajina:8 (reserve)
[brigade_assignment] Rehomed rs_1st_vujak_light_infantry into truthful sector owner sector:vrs_1st_krajina:8 (reserve)
[brigade_assignment] Rehomed rs_27th_derventa_motorized into truthful sector owner sector:vrs_1st_krajina:8 (reserve)
[brigade_assignment] FINAL_SEAL kind=turn turn=78 unresolved=0
[brigade_assignment] Rehomed rs_1st_prnjavor_light_infantry into truthful sector owner sector:vrs_1st_krajina:5 (reserve)
[brigade_assignment] Rehomed rs_1st_trebava_infantry into truthful sector owner sector:vrs_1st_krajina:5 (reserve)
[brigade_assignment] Rehomed rs_1st_vujak_light_infantry into truthful sector owner sector:vrs_1st_krajina:5 (reserve)
[brigade_assignment] Rehomed rs_27th_derventa_motorized into truthful sector owner sector:vrs_1st_krajina:5 (reserve)
[brigade_assignment] Rehomed rs_bilea_brigade into truthful sector owner sector:vrs_herzegovina:3 (reserve)
[brigade_assignment] Rehomed arbih_101st_mountain into truthful sector owner sector:arbih_1st_corps:7 (front)
[brigade_assignment] Rehomed arbih_109th_mountain into truthful sector owner sector:arbih_1st_corps:7 (reserve)
[brigade_assignment] Rehomed arbih_112th_vitezka_motorized into truthful sector owner sector:arbih_1st_corps:7 (front)
[brigade_assignment] Rehomed arbih_124th_light_king_tvrtko into truthful sector owner sector:arbih_1st_corps:7 (front)
[brigade_assignment] Rehomed arbih_141st_light into truthful sector owner sector:arbih_1st_corps:7 (front)
[brigade_assignment] Rehomed arbih_143rd_light into truthful sector owner sector:arbih_1st_corps:7 (front)
[brigade_assignment] Rehomed arbih_152nd_mountain into truthful sector owner sector:arbih_1st_corps:7 (front)
[brigade_assignment] Rehomed arbih_155th_motorized into truthful sector owner sector:arbih_1st_corps:7 (front)
[brigade_assignment] Rehomed arbih_181st_mountain into truthful sector owner sector:arbih_1st_corps:7 (reserve)
[brigade_assignment] Rehomed arbih_185th_light into truthful sector owner sector:arbih_1st_corps:0 (reserve)
[brigade_assignment] Rehomed arbih_2nd_mountain into truthful sector owner sector:arbih_1st_corps:7 (front)
[brigade_assignment] Rehomed arbih_hvo_kralj_tvrtko into truthful sector owner sector:arbih_1st_corps:7 (front)
[brigade_assignment] Rehomed rs_11th_dubica_infantry into truthful sector owner sector:vrs_1st_krajina:1 (reserve)
[brigade_assignment] Rehomed rs_1st_prnjavor_light_infantry into truthful sector owner sector:vrs_1st_krajina:5 (reserve)
[brigade_assignment] Rehomed rs_1st_sipovo_light_infantry into truthful sector owner sector:vrs_1st_krajina:1 (reserve)
[brigade_assignment] Rehomed rs_1st_trebava_infantry into truthful sector owner sector:vrs_1st_krajina:5 (reserve)
[brigade_assignment] Rehomed rs_1st_vujak_light_infantry into truthful sector owner sector:vrs_1st_krajina:5 (reserve)
[brigade_assignment] Rehomed rs_27th_derventa_motorized into truthful sector owner sector:vrs_1st_krajina:5 (reserve)
[brigade_assignment] Rehomed rs_bilea_brigade into truthful sector owner sector:vrs_herzegovina:2 (reserve)
[brigade_assignment] Rehomed arbih_109th_mountain into truthful sector owner sector:arbih_1st_corps:8 (reserve)
[brigade_assignment] Rehomed arbih_181st_mountain into truthful sector owner sector:arbih_1st_corps:8 (reserve)
[brigade_assignment] Rehomed arbih_185th_light into truthful sector owner sector:arbih_1st_corps:0 (reserve)
[brigade_assignment] Rehomed arbih_374th_slavna_light into truthful sector owner sector:arbih_3rd_corps:4 (front)
[brigade_assignment] Rehomed arbih_377th_vitezka_mountain into truthful sector owner sector:arbih_3rd_corps:4 (front)
[brigade_assignment] Rehomed arbih_7th_vitezka_muslim_liberation into truthful sector owner sector:arbih_3rd_corps:4 (front)
[brigade_assignment] Rehomed rs_11th_dubica_infantry into truthful sector owner sector:vrs_1st_krajina:3 (reserve)
[brigade_assignment] Rehomed rs_1st_prnjavor_light_infantry into truthful sector owner sector:vrs_1st_krajina:7 (reserve)
[brigade_assignment] Rehomed rs_1st_sipovo_light_infantry into truthful sector owner sector:vrs_1st_krajina:3 (reserve)
[brigade_assignment] Rehomed rs_1st_trebava_infantry into truthful sector owner sector:vrs_1st_krajina:7 (reserve)
[brigade_assignment] Rehomed rs_1st_vujak_light_infantry into truthful sector owner sector:vrs_1st_krajina:7 (reserve)
[brigade_assignment] Rehomed rs_27th_derventa_motorized into truthful sector owner sector:vrs_1st_krajina:7 (reserve)
[brigade_assignment] Rehomed rs_bilea_brigade into truthful sector owner sector:vrs_herzegovina:2 (reserve)
[brigade_assignment] Rehomed rs_1st_prnjavor_light_infantry into truthful sector owner sector:vrs_1st_krajina:5 (reserve)
[brigade_assignment] Rehomed rs_1st_trebava_infantry into truthful sector owner sector:vrs_1st_krajina:5 (reserve)
[brigade_assignment] Rehomed rs_1st_vujak_light_infantry into truthful sector owner sector:vrs_1st_krajina:5 (reserve)
[brigade_assignment] Rehomed rs_27th_derventa_motorized into truthful sector owner sector:vrs_1st_krajina:5 (reserve)
[brigade_assignment] Rehomed arbih_101st_mountain into truthful sector owner sector:arbih_1st_corps:7 (front)
[brigade_assignment] Rehomed arbih_109th_mountain into truthful sector owner sector:arbih_1st_corps:7 (reserve)
[brigade_assignment] Rehomed arbih_112th_vitezka_motorized into truthful sector owner sector:arbih_1st_corps:7 (front)
[brigade_assignment] Rehomed arbih_124th_light_king_tvrtko into truthful sector owner sector:arbih_1st_corps:7 (front)
[brigade_assignment] Rehomed arbih_141st_light into truthful sector owner sector:arbih_1st_corps:7 (front)
[brigade_assignment] Rehomed arbih_143rd_light into truthful sector owner sector:arbih_1st_corps:7 (front)
[brigade_assignment] Rehomed arbih_152nd_mountain into truthful sector owner sector:arbih_1st_corps:7 (front)
[brigade_assignment] Rehomed arbih_155th_motorized into truthful sector owner sector:arbih_1st_corps:7 (front)
[brigade_assignment] Rehomed arbih_181st_mountain into truthful sector owner sector:arbih_1st_corps:7 (reserve)
[brigade_assignment] Rehomed arbih_185th_light into truthful sector owner sector:arbih_1st_corps:0 (reserve)
[brigade_assignment] Rehomed arbih_2nd_mountain into truthful sector owner sector:arbih_1st_corps:7 (front)
[brigade_assignment] Rehomed arbih_hvo_kralj_tvrtko into truthful sector owner sector:arbih_1st_corps:7 (front)
[brigade_assignment] Rehomed rs_1st_prnjavor_light_infantry into truthful sector owner sector:vrs_1st_krajina:5 (reserve)
[brigade_assignment] Rehomed rs_1st_sipovo_light_infantry into truthful sector owner sector:vrs_1st_krajina:1 (reserve)
[brigade_assignment] Rehomed rs_1st_trebava_infantry into truthful sector owner sector:vrs_1st_krajina:5 (reserve)
[brigade_assignment] Rehomed rs_1st_vujak_light_infantry into truthful sector owner sector:vrs_1st_krajina:5 (reserve)
[brigade_assignment] Rehomed rs_27th_derventa_motorized into truthful sector owner sector:vrs_1st_krajina:5 (reserve)
[brigade_assignment] Rehomed arbih_109th_mountain into truthful sector owner sector:arbih_1st_corps:8 (reserve)
[brigade_assignment] Rehomed arbih_181st_mountain into truthful sector owner sector:arbih_1st_corps:8 (reserve)
[brigade_assignment] Rehomed arbih_185th_light into truthful sector owner sector:arbih_1st_corps:0 (reserve)
[brigade_assignment] Rehomed arbih_374th_slavna_light into truthful sector owner sector:arbih_3rd_corps:4 (front)
[brigade_assignment] Rehomed arbih_377th_vitezka_mountain into truthful sector owner sector:arbih_3rd_corps:4 (front)
[brigade_assignment] Rehomed arbih_7th_vitezka_muslim_liberation into truthful sector owner sector:arbih_3rd_corps:4 (front)
[brigade_assignment] Rehomed rs_1st_prnjavor_light_infantry into truthful sector owner sector:vrs_1st_krajina:7 (reserve)
[brigade_assignment] Rehomed rs_1st_sipovo_light_infantry into truthful sector owner sector:vrs_1st_krajina:3 (reserve)
[brigade_assignment] Rehomed rs_1st_trebava_infantry into truthful sector owner sector:vrs_1st_krajina:7 (reserve)
[brigade_assignment] Rehomed rs_1st_vujak_light_infantry into truthful sector owner sector:vrs_1st_krajina:7 (reserve)
[brigade_assignment] Rehomed rs_27th_derventa_motorized into truthful sector owner sector:vrs_1st_krajina:7 (reserve)
[brigade_assignment] FINAL_SEAL kind=turn turn=79 unresolved=0
[brigade_assignment] Rehomed rs_1st_prnjavor_light_infantry into truthful sector owner sector:vrs_1st_krajina:6 (reserve)
[brigade_assignment] Rehomed rs_1st_trebava_infantry into truthful sector owner sector:vrs_1st_krajina:6 (reserve)
[brigade_assignment] Rehomed rs_1st_vujak_light_infantry into truthful sector owner sector:vrs_1st_krajina:6 (reserve)
[brigade_assignment] Rehomed rs_27th_derventa_motorized into truthful sector owner sector:vrs_1st_krajina:6 (reserve)
[brigade_assignment] Rehomed rs_bilea_brigade into truthful sector owner sector:vrs_herzegovina:3 (reserve)
[brigade_assignment] Rehomed arbih_101st_mountain into truthful sector owner sector:arbih_1st_corps:7 (front)
[brigade_assignment] Rehomed arbih_109th_mountain into truthful sector owner sector:arbih_1st_corps:7 (reserve)
[brigade_assignment] Rehomed arbih_112th_vitezka_motorized into truthful sector owner sector:arbih_1st_corps:7 (front)
[brigade_assignment] Rehomed arbih_124th_light_king_tvrtko into truthful sector owner sector:arbih_1st_corps:7 (front)
[brigade_assignment] Rehomed arbih_141st_light into truthful sector owner sector:arbih_1st_corps:7 (front)
[brigade_assignment] Rehomed arbih_143rd_light into truthful sector owner sector:arbih_1st_corps:7 (front)
[brigade_assignment] Rehomed arbih_152nd_mountain into truthful sector owner sector:arbih_1st_corps:7 (front)
[brigade_assignment] Rehomed arbih_155th_motorized into truthful sector owner sector:arbih_1st_corps:7 (front)
[brigade_assignment] Rehomed arbih_181st_mountain into truthful sector owner sector:arbih_1st_corps:7 (reserve)
[brigade_assignment] Rehomed arbih_185th_light into truthful sector owner sector:arbih_1st_corps:0 (reserve)
[brigade_assignment] Rehomed arbih_2nd_mountain into truthful sector owner sector:arbih_1st_corps:7 (front)
[brigade_assignment] Rehomed arbih_hvo_kralj_tvrtko into truthful sector owner sector:arbih_1st_corps:7 (front)
[brigade_assignment] Rehomed rs_1st_prnjavor_light_infantry into truthful sector owner sector:vrs_1st_krajina:6 (reserve)
[brigade_assignment] Rehomed rs_1st_trebava_infantry into truthful sector owner sector:vrs_1st_krajina:6 (reserve)
[brigade_assignment] Rehomed rs_1st_vujak_light_infantry into truthful sector owner sector:vrs_1st_krajina:6 (reserve)
[brigade_assignment] Rehomed rs_22nd_krajina_infantry into truthful sector owner sector:vrs_1st_krajina:3 (front)
[brigade_assignment] Rehomed rs_27th_derventa_motorized into truthful sector owner sector:vrs_1st_krajina:6 (reserve)
[brigade_assignment] Rehomed rs_2nd_banja_luka_light_infantry into truthful sector owner sector:vrs_1st_krajina:3 (front)
[brigade_assignment] Rehomed rs_bilea_brigade into truthful sector owner sector:vrs_herzegovina:2 (reserve)
[brigade_assignment] Rehomed arbih_109th_mountain into truthful sector owner sector:arbih_1st_corps:8 (reserve)
[brigade_assignment] Rehomed arbih_181st_mountain into truthful sector owner sector:arbih_1st_corps:8 (reserve)
[brigade_assignment] Rehomed arbih_185th_light into truthful sector owner sector:arbih_1st_corps:0 (reserve)
[brigade_assignment] Rehomed arbih_374th_slavna_light into truthful sector owner sector:arbih_3rd_corps:4 (front)
[brigade_assignment] Rehomed arbih_377th_vitezka_mountain into truthful sector owner sector:arbih_3rd_corps:4 (front)
[brigade_assignment] Rehomed arbih_7th_vitezka_muslim_liberation into truthful sector owner sector:arbih_3rd_corps:4 (front)
[brigade_assignment] Rehomed rs_1st_prnjavor_light_infantry into truthful sector owner sector:vrs_1st_krajina:8 (reserve)
[brigade_assignment] Rehomed rs_1st_trebava_infantry into truthful sector owner sector:vrs_1st_krajina:8 (reserve)
[brigade_assignment] Rehomed rs_1st_vujak_light_infantry into truthful sector owner sector:vrs_1st_krajina:8 (reserve)
[brigade_assignment] Rehomed rs_27th_derventa_motorized into truthful sector owner sector:vrs_1st_krajina:8 (reserve)
[brigade_assignment] Rehomed rs_bilea_brigade into truthful sector owner sector:vrs_herzegovina:2 (reserve)
[brigade_assignment] Rehomed rs_1st_prnjavor_light_infantry into truthful sector owner sector:vrs_1st_krajina:6 (reserve)
[brigade_assignment] Rehomed rs_1st_trebava_infantry into truthful sector owner sector:vrs_1st_krajina:6 (reserve)
[brigade_assignment] Rehomed rs_1st_vujak_light_infantry into truthful sector owner sector:vrs_1st_krajina:6 (reserve)
[brigade_assignment] Rehomed rs_27th_derventa_motorized into truthful sector owner sector:vrs_1st_krajina:6 (reserve)
[brigade_assignment] Rehomed arbih_101st_mountain into truthful sector owner sector:arbih_1st_corps:7 (front)
[brigade_assignment] Rehomed arbih_109th_mountain into truthful sector owner sector:arbih_1st_corps:7 (reserve)
[brigade_assignment] Rehomed arbih_112th_vitezka_motorized into truthful sector owner sector:arbih_1st_corps:7 (front)
[brigade_assignment] Rehomed arbih_124th_light_king_tvrtko into truthful sector owner sector:arbih_1st_corps:7 (front)
[brigade_assignment] Rehomed arbih_141st_light into truthful sector owner sector:arbih_1st_corps:7 (front)
[brigade_assignment] Rehomed arbih_143rd_light into truthful sector owner sector:arbih_1st_corps:7 (front)
[brigade_assignment] Rehomed arbih_152nd_mountain into truthful sector owner sector:arbih_1st_corps:7 (front)
[brigade_assignment] Rehomed arbih_155th_motorized into truthful sector owner sector:arbih_1st_corps:7 (front)
[brigade_assignment] Rehomed arbih_181st_mountain into truthful sector owner sector:arbih_1st_corps:7 (reserve)
[brigade_assignment] Rehomed arbih_185th_light into truthful sector owner sector:arbih_1st_corps:0 (reserve)
[brigade_assignment] Rehomed arbih_2nd_mountain into truthful sector owner sector:arbih_1st_corps:7 (front)
[brigade_assignment] Rehomed arbih_hvo_kralj_tvrtko into truthful sector owner sector:arbih_1st_corps:7 (front)
[brigade_assignment] Rehomed rs_1st_prnjavor_light_infantry into truthful sector owner sector:vrs_1st_krajina:6 (reserve)
[brigade_assignment] Rehomed rs_1st_trebava_infantry into truthful sector owner sector:vrs_1st_krajina:6 (reserve)
[brigade_assignment] Rehomed rs_1st_vujak_light_infantry into truthful sector owner sector:vrs_1st_krajina:6 (reserve)
[brigade_assignment] Rehomed rs_22nd_krajina_infantry into truthful sector owner sector:vrs_1st_krajina:3 (front)
[brigade_assignment] Rehomed rs_27th_derventa_motorized into truthful sector owner sector:vrs_1st_krajina:6 (reserve)
[brigade_assignment] Rehomed rs_2nd_banja_luka_light_infantry into truthful sector owner sector:vrs_1st_krajina:3 (front)
[brigade_assignment] Rehomed arbih_109th_mountain into truthful sector owner sector:arbih_1st_corps:8 (reserve)
[brigade_assignment] Rehomed arbih_181st_mountain into truthful sector owner sector:arbih_1st_corps:8 (reserve)
[brigade_assignment] Rehomed arbih_185th_light into truthful sector owner sector:arbih_1st_corps:0 (reserve)
[brigade_assignment] Rehomed arbih_374th_slavna_light into truthful sector owner sector:arbih_3rd_corps:4 (front)
[brigade_assignment] Rehomed arbih_377th_vitezka_mountain into truthful sector owner sector:arbih_3rd_corps:4 (front)
[brigade_assignment] Rehomed arbih_7th_vitezka_muslim_liberation into truthful sector owner sector:arbih_3rd_corps:4 (front)
[brigade_assignment] Rehomed rs_1st_prnjavor_light_infantry into truthful sector owner sector:vrs_1st_krajina:8 (reserve)
[brigade_assignment] Rehomed rs_1st_trebava_infantry into truthful sector owner sector:vrs_1st_krajina:8 (reserve)
[brigade_assignment] Rehomed rs_1st_vujak_light_infantry into truthful sector owner sector:vrs_1st_krajina:8 (reserve)
[brigade_assignment] Rehomed rs_27th_derventa_motorized into truthful sector owner sector:vrs_1st_krajina:8 (reserve)
[brigade_assignment] FINAL_SEAL kind=turn turn=80 unresolved=0
[brigade_assignment] Rehomed rs_1st_prnjavor_light_infantry into truthful sector owner sector:vrs_1st_krajina:4 (reserve)
[brigade_assignment] Rehomed rs_1st_trebava_infantry into truthful sector owner sector:vrs_1st_krajina:4 (reserve)
[brigade_assignment] Rehomed rs_1st_vujak_light_infantry into truthful sector owner sector:vrs_1st_krajina:4 (reserve)
[brigade_assignment] Rehomed rs_27th_derventa_motorized into truthful sector owner sector:vrs_1st_krajina:4 (reserve)
[brigade_assignment] Rehomed rs_bilea_brigade into truthful sector owner sector:vrs_herzegovina:3 (reserve)
[brigade_assignment] Rehomed arbih_101st_mountain into truthful sector owner sector:arbih_1st_corps:7 (front)
[brigade_assignment] Rehomed arbih_109th_mountain into truthful sector owner sector:arbih_1st_corps:7 (reserve)
[brigade_assignment] Rehomed arbih_112th_vitezka_motorized into truthful sector owner sector:arbih_1st_corps:7 (front)
[brigade_assignment] Rehomed arbih_124th_light_king_tvrtko into truthful sector owner sector:arbih_1st_corps:7 (front)
[brigade_assignment] Rehomed arbih_141st_light into truthful sector owner sector:arbih_1st_corps:7 (front)
[brigade_assignment] Rehomed arbih_143rd_light into truthful sector owner sector:arbih_1st_corps:7 (front)
[brigade_assignment] Rehomed arbih_152nd_mountain into truthful sector owner sector:arbih_1st_corps:7 (front)
[brigade_assignment] Rehomed arbih_155th_motorized into truthful sector owner sector:arbih_1st_corps:7 (front)
[brigade_assignment] Rehomed arbih_181st_mountain into truthful sector owner sector:arbih_1st_corps:7 (reserve)
[brigade_assignment] Rehomed arbih_185th_light into truthful sector owner sector:arbih_1st_corps:0 (reserve)
[brigade_assignment] Rehomed arbih_2nd_mountain into truthful sector owner sector:arbih_1st_corps:7 (front)
[brigade_assignment] Rehomed arbih_hvo_kralj_tvrtko into truthful sector owner sector:arbih_1st_corps:7 (front)
[brigade_assignment] Rehomed rs_11th_dubica_infantry into truthful sector owner sector:vrs_1st_krajina:1 (reserve)
[brigade_assignment] Rehomed rs_1st_prnjavor_light_infantry into truthful sector owner sector:vrs_1st_krajina:4 (reserve)
[brigade_assignment] Rehomed rs_1st_sipovo_light_infantry into truthful sector owner sector:vrs_1st_krajina:1 (reserve)
[brigade_assignment] Rehomed rs_1st_trebava_infantry into truthful sector owner sector:vrs_1st_krajina:4 (reserve)
[brigade_assignment] Rehomed rs_1st_vujak_light_infantry into truthful sector owner sector:vrs_1st_krajina:4 (reserve)
[brigade_assignment] Rehomed rs_27th_derventa_motorized into truthful sector owner sector:vrs_1st_krajina:4 (reserve)
[brigade_assignment] Rehomed rs_bilea_brigade into truthful sector owner sector:vrs_herzegovina:2 (reserve)
[brigade_assignment] Rehomed arbih_109th_mountain into truthful sector owner sector:arbih_1st_corps:8 (reserve)
[brigade_assignment] Rehomed arbih_181st_mountain into truthful sector owner sector:arbih_1st_corps:8 (reserve)
[brigade_assignment] Rehomed arbih_185th_light into truthful sector owner sector:arbih_1st_corps:0 (reserve)
[brigade_assignment] Rehomed arbih_374th_slavna_light into truthful sector owner sector:arbih_3rd_corps:4 (front)
[brigade_assignment] Rehomed arbih_377th_vitezka_mountain into truthful sector owner sector:arbih_3rd_corps:4 (front)
[brigade_assignment] Rehomed arbih_7th_vitezka_muslim_liberation into truthful sector owner sector:arbih_3rd_corps:4 (front)
[brigade_assignment] Rehomed rs_11th_dubica_infantry into truthful sector owner sector:vrs_1st_krajina:3 (reserve)
[brigade_assignment] Rehomed rs_1st_prnjavor_light_infantry into truthful sector owner sector:vrs_1st_krajina:6 (reserve)
[brigade_assignment] Rehomed rs_1st_sipovo_light_infantry into truthful sector owner sector:vrs_1st_krajina:3 (reserve)
[brigade_assignment] Rehomed rs_1st_trebava_infantry into truthful sector owner sector:vrs_1st_krajina:6 (reserve)
[brigade_assignment] Rehomed rs_1st_vujak_light_infantry into truthful sector owner sector:vrs_1st_krajina:6 (reserve)
[brigade_assignment] Rehomed rs_27th_derventa_motorized into truthful sector owner sector:vrs_1st_krajina:6 (reserve)
[brigade_assignment] Rehomed rs_bilea_brigade into truthful sector owner sector:vrs_herzegovina:2 (reserve)
[brigade_assignment] Rehomed rs_1st_prnjavor_light_infantry into truthful sector owner sector:vrs_1st_krajina:5 (reserve)
[brigade_assignment] Rehomed rs_1st_trebava_infantry into truthful sector owner sector:vrs_1st_krajina:5 (reserve)
[brigade_assignment] Rehomed rs_1st_vujak_light_infantry into truthful sector owner sector:vrs_1st_krajina:5 (reserve)
[brigade_assignment] Rehomed rs_27th_derventa_motorized into truthful sector owner sector:vrs_1st_krajina:5 (reserve)
[brigade_assignment] Rehomed arbih_101st_mountain into truthful sector owner sector:arbih_1st_corps:7 (front)
[brigade_assignment] Rehomed arbih_109th_mountain into truthful sector owner sector:arbih_1st_corps:7 (reserve)
[brigade_assignment] Rehomed arbih_112th_vitezka_motorized into truthful sector owner sector:arbih_1st_corps:7 (front)
[brigade_assignment] Rehomed arbih_124th_light_king_tvrtko into truthful sector owner sector:arbih_1st_corps:7 (front)
[brigade_assignment] Rehomed arbih_141st_light into truthful sector owner sector:arbih_1st_corps:7 (front)
[brigade_assignment] Rehomed arbih_143rd_light into truthful sector owner sector:arbih_1st_corps:7 (front)
[brigade_assignment] Rehomed arbih_152nd_mountain into truthful sector owner sector:arbih_1st_corps:7 (front)
[brigade_assignment] Rehomed arbih_155th_motorized into truthful sector owner sector:arbih_1st_corps:7 (front)
[brigade_assignment] Rehomed arbih_181st_mountain into truthful sector owner sector:arbih_1st_corps:7 (reserve)
[brigade_assignment] Rehomed arbih_185th_light into truthful sector owner sector:arbih_1st_corps:0 (reserve)
[brigade_assignment] Rehomed arbih_2nd_mountain into truthful sector owner sector:arbih_1st_corps:7 (front)
[brigade_assignment] Rehomed arbih_hvo_kralj_tvrtko into truthful sector owner sector:arbih_1st_corps:7 (front)
[brigade_assignment] Rehomed rs_1st_prnjavor_light_infantry into truthful sector owner sector:vrs_1st_krajina:5 (reserve)
[brigade_assignment] Rehomed rs_1st_sipovo_light_infantry into truthful sector owner sector:vrs_1st_krajina:1 (reserve)
[brigade_assignment] Rehomed rs_1st_trebava_infantry into truthful sector owner sector:vrs_1st_krajina:5 (reserve)
[brigade_assignment] Rehomed rs_1st_vujak_light_infantry into truthful sector owner sector:vrs_1st_krajina:5 (reserve)
[brigade_assignment] Rehomed rs_27th_derventa_motorized into truthful sector owner sector:vrs_1st_krajina:5 (reserve)
[brigade_assignment] Rehomed arbih_109th_mountain into truthful sector owner sector:arbih_1st_corps:8 (reserve)
[brigade_assignment] Rehomed arbih_181st_mountain into truthful sector owner sector:arbih_1st_corps:8 (reserve)
[brigade_assignment] Rehomed arbih_185th_light into truthful sector owner sector:arbih_1st_corps:0 (reserve)
[brigade_assignment] Rehomed arbih_374th_slavna_light into truthful sector owner sector:arbih_3rd_corps:4 (front)
[brigade_assignment] Rehomed arbih_377th_vitezka_mountain into truthful sector owner sector:arbih_3rd_corps:4 (front)
[brigade_assignment] Rehomed arbih_7th_vitezka_muslim_liberation into truthful sector owner sector:arbih_3rd_corps:4 (front)
[brigade_assignment] Rehomed rs_1st_prnjavor_light_infantry into truthful sector owner sector:vrs_1st_krajina:7 (reserve)
[brigade_assignment] Rehomed rs_1st_sipovo_light_infantry into truthful sector owner sector:vrs_1st_krajina:3 (reserve)
[brigade_assignment] Rehomed rs_1st_trebava_infantry into truthful sector owner sector:vrs_1st_krajina:7 (reserve)
[brigade_assignment] Rehomed rs_1st_vujak_light_infantry into truthful sector owner sector:vrs_1st_krajina:7 (reserve)
[brigade_assignment] Rehomed rs_27th_derventa_motorized into truthful sector owner sector:vrs_1st_krajina:7 (reserve)
[brigade_assignment] Rehomed rs_1st_prnjavor_light_infantry into truthful sector owner sector:vrs_1st_krajina:5 (reserve)
[brigade_assignment] Rehomed rs_1st_trebava_infantry into truthful sector owner sector:vrs_1st_krajina:5 (reserve)
[brigade_assignment] Rehomed rs_1st_vujak_light_infantry into truthful sector owner sector:vrs_1st_krajina:5 (reserve)
[brigade_assignment] Rehomed rs_27th_derventa_motorized into truthful sector owner sector:vrs_1st_krajina:5 (reserve)
[brigade_assignment] Rehomed arbih_101st_mountain into truthful sector owner sector:arbih_1st_corps:7 (front)
[brigade_assignment] Rehomed arbih_109th_mountain into truthful sector owner sector:arbih_1st_corps:7 (reserve)
[brigade_assignment] Rehomed arbih_112th_vitezka_motorized into truthful sector owner sector:arbih_1st_corps:7 (front)
[brigade_assignment] Rehomed arbih_124th_light_king_tvrtko into truthful sector owner sector:arbih_1st_corps:7 (front)
[brigade_assignment] Rehomed arbih_141st_light into truthful sector owner sector:arbih_1st_corps:7 (front)
[brigade_assignment] Rehomed arbih_143rd_light into truthful sector owner sector:arbih_1st_corps:7 (front)
[brigade_assignment] Rehomed arbih_152nd_mountain into truthful sector owner sector:arbih_1st_corps:7 (front)
[brigade_assignment] Rehomed arbih_155th_motorized into truthful sector owner sector:arbih_1st_corps:7 (front)
[brigade_assignment] Rehomed arbih_181st_mountain into truthful sector owner sector:arbih_1st_corps:7 (reserve)
[brigade_assignment] Rehomed arbih_185th_light into truthful sector owner sector:arbih_1st_corps:0 (reserve)
[brigade_assignment] Rehomed arbih_2nd_mountain into truthful sector owner sector:arbih_1st_corps:7 (front)
[brigade_assignment] Rehomed arbih_hvo_kralj_tvrtko into truthful sector owner sector:arbih_1st_corps:7 (front)
[brigade_assignment] Rehomed rs_1st_prnjavor_light_infantry into truthful sector owner sector:vrs_1st_krajina:5 (reserve)
[brigade_assignment] Rehomed rs_1st_sipovo_light_infantry into truthful sector owner sector:vrs_1st_krajina:1 (reserve)
[brigade_assignment] Rehomed rs_1st_trebava_infantry into truthful sector owner sector:vrs_1st_krajina:5 (reserve)
[brigade_assignment] Rehomed rs_1st_vujak_light_infantry into truthful sector owner sector:vrs_1st_krajina:5 (reserve)
[brigade_assignment] Rehomed rs_27th_derventa_motorized into truthful sector owner sector:vrs_1st_krajina:5 (reserve)
[brigade_assignment] Rehomed arbih_109th_mountain into truthful sector owner sector:arbih_1st_corps:8 (reserve)
[brigade_assignment] Rehomed arbih_181st_mountain into truthful sector owner sector:arbih_1st_corps:8 (reserve)
[brigade_assignment] Rehomed arbih_185th_light into truthful sector owner sector:arbih_1st_corps:0 (reserve)
[brigade_assignment] Rehomed arbih_374th_slavna_light into truthful sector owner sector:arbih_3rd_corps:4 (front)
[brigade_assignment] Rehomed arbih_377th_vitezka_mountain into truthful sector owner sector:arbih_3rd_corps:4 (front)
[brigade_assignment] Rehomed arbih_7th_vitezka_muslim_liberation into truthful sector owner sector:arbih_3rd_corps:4 (front)
[brigade_assignment] Rehomed rs_1st_prnjavor_light_infantry into truthful sector owner sector:vrs_1st_krajina:7 (reserve)
[brigade_assignment] Rehomed rs_1st_sipovo_light_infantry into truthful sector owner sector:vrs_1st_krajina:3 (reserve)
[brigade_assignment] Rehomed rs_1st_trebava_infantry into truthful sector owner sector:vrs_1st_krajina:7 (reserve)
[brigade_assignment] Rehomed rs_1st_vujak_light_infantry into truthful sector owner sector:vrs_1st_krajina:7 (reserve)
[brigade_assignment] Rehomed rs_27th_derventa_motorized into truthful sector owner sector:vrs_1st_krajina:7 (reserve)
[brigade_assignment] FINAL_SEAL kind=turn turn=81 unresolved=0
[brigade_assignment] Rehomed rs_1st_prnjavor_light_infantry into truthful sector owner sector:vrs_1st_krajina:6 (reserve)
[brigade_assignment] Rehomed rs_1st_trebava_infantry into truthful sector owner sector:vrs_1st_krajina:6 (reserve)
[brigade_assignment] Rehomed rs_1st_vujak_light_infantry into truthful sector owner sector:vrs_1st_krajina:6 (reserve)
[brigade_assignment] Rehomed rs_27th_derventa_motorized into truthful sector owner sector:vrs_1st_krajina:6 (reserve)
[brigade_assignment] Rehomed arbih_101st_mountain into truthful sector owner sector:arbih_1st_corps:7 (front)
[brigade_assignment] Rehomed arbih_109th_mountain into truthful sector owner sector:arbih_1st_corps:7 (reserve)
[brigade_assignment] Rehomed arbih_112th_vitezka_motorized into truthful sector owner sector:arbih_1st_corps:7 (front)
[brigade_assignment] Rehomed arbih_124th_light_king_tvrtko into truthful sector owner sector:arbih_1st_corps:7 (front)
[brigade_assignment] Rehomed arbih_141st_light into truthful sector owner sector:arbih_1st_corps:7 (front)
[brigade_assignment] Rehomed arbih_143rd_light into truthful sector owner sector:arbih_1st_corps:7 (front)
[brigade_assignment] Rehomed arbih_152nd_mountain into truthful sector owner sector:arbih_1st_corps:7 (front)
[brigade_assignment] Rehomed arbih_155th_motorized into truthful sector owner sector:arbih_1st_corps:7 (front)
[brigade_assignment] Rehomed arbih_181st_mountain into truthful sector owner sector:arbih_1st_corps:7 (reserve)
[brigade_assignment] Rehomed arbih_185th_light into truthful sector owner sector:arbih_1st_corps:0 (reserve)
[brigade_assignment] Rehomed arbih_2nd_mountain into truthful sector owner sector:arbih_1st_corps:7 (front)
[brigade_assignment] Rehomed arbih_hvo_kralj_tvrtko into truthful sector owner sector:arbih_1st_corps:7 (front)
[brigade_assignment] Rehomed rs_1st_prnjavor_light_infantry into truthful sector owner sector:vrs_1st_krajina:6 (reserve)
[brigade_assignment] Rehomed rs_1st_trebava_infantry into truthful sector owner sector:vrs_1st_krajina:6 (reserve)
[brigade_assignment] Rehomed rs_1st_vujak_light_infantry into truthful sector owner sector:vrs_1st_krajina:6 (reserve)
[brigade_assignment] Rehomed rs_22nd_krajina_infantry into truthful sector owner sector:vrs_1st_krajina:2 (front)
[brigade_assignment] Rehomed rs_27th_derventa_motorized into truthful sector owner sector:vrs_1st_krajina:6 (reserve)
[brigade_assignment] Rehomed rs_2nd_banja_luka_light_infantry into truthful sector owner sector:vrs_1st_krajina:2 (front)
[brigade_assignment] Rehomed arbih_109th_mountain into truthful sector owner sector:arbih_1st_corps:8 (reserve)
[brigade_assignment] Rehomed arbih_181st_mountain into truthful sector owner sector:arbih_1st_corps:8 (reserve)
[brigade_assignment] Rehomed arbih_185th_light into truthful sector owner sector:arbih_1st_corps:0 (reserve)
[brigade_assignment] Rehomed arbih_374th_slavna_light into truthful sector owner sector:arbih_3rd_corps:4 (front)
[brigade_assignment] Rehomed arbih_377th_vitezka_mountain into truthful sector owner sector:arbih_3rd_corps:4 (front)
[brigade_assignment] Rehomed arbih_7th_vitezka_muslim_liberation into truthful sector owner sector:arbih_3rd_corps:4 (front)
[brigade_assignment] Rehomed rs_1st_prnjavor_light_infantry into truthful sector owner sector:vrs_1st_krajina:8 (reserve)
[brigade_assignment] Rehomed rs_1st_trebava_infantry into truthful sector owner sector:vrs_1st_krajina:8 (reserve)
[brigade_assignment] Rehomed rs_1st_vujak_light_infantry into truthful sector owner sector:vrs_1st_krajina:8 (reserve)
[brigade_assignment] Rehomed rs_27th_derventa_motorized into truthful sector owner sector:vrs_1st_krajina:8 (reserve)
[brigade_assignment] Rehomed rs_1st_prnjavor_light_infantry into truthful sector owner sector:vrs_1st_krajina:6 (reserve)
[brigade_assignment] Rehomed rs_1st_trebava_infantry into truthful sector owner sector:vrs_1st_krajina:6 (reserve)
[brigade_assignment] Rehomed rs_1st_vujak_light_infantry into truthful sector owner sector:vrs_1st_krajina:6 (reserve)
[brigade_assignment] Rehomed rs_27th_derventa_motorized into truthful sector owner sector:vrs_1st_krajina:6 (reserve)
[brigade_assignment] Rehomed arbih_101st_mountain into truthful sector owner sector:arbih_1st_corps:7 (front)
[brigade_assignment] Rehomed arbih_109th_mountain into truthful sector owner sector:arbih_1st_corps:7 (reserve)
[brigade_assignment] Rehomed arbih_112th_vitezka_motorized into truthful sector owner sector:arbih_1st_corps:7 (front)
[brigade_assignment] Rehomed arbih_124th_light_king_tvrtko into truthful sector owner sector:arbih_1st_corps:7 (front)
[brigade_assignment] Rehomed arbih_141st_light into truthful sector owner sector:arbih_1st_corps:7 (front)
[brigade_assignment] Rehomed arbih_143rd_light into truthful sector owner sector:arbih_1st_corps:7 (front)
[brigade_assignment] Rehomed arbih_152nd_mountain into truthful sector owner sector:arbih_1st_corps:7 (front)
[brigade_assignment] Rehomed arbih_155th_motorized into truthful sector owner sector:arbih_1st_corps:7 (front)
[brigade_assignment] Rehomed arbih_181st_mountain into truthful sector owner sector:arbih_1st_corps:7 (reserve)
[brigade_assignment] Rehomed arbih_185th_light into truthful sector owner sector:arbih_1st_corps:0 (reserve)
[brigade_assignment] Rehomed arbih_2nd_mountain into truthful sector owner sector:arbih_1st_corps:7 (front)
[brigade_assignment] Rehomed arbih_hvo_kralj_tvrtko into truthful sector owner sector:arbih_1st_corps:7 (front)
[brigade_assignment] Rehomed rs_1st_prnjavor_light_infantry into truthful sector owner sector:vrs_1st_krajina:6 (reserve)
[brigade_assignment] Rehomed rs_1st_trebava_infantry into truthful sector owner sector:vrs_1st_krajina:6 (reserve)
[brigade_assignment] Rehomed rs_1st_vujak_light_infantry into truthful sector owner sector:vrs_1st_krajina:6 (reserve)
[brigade_assignment] Rehomed rs_22nd_krajina_infantry into truthful sector owner sector:vrs_1st_krajina:2 (front)
[brigade_assignment] Rehomed rs_27th_derventa_motorized into truthful sector owner sector:vrs_1st_krajina:6 (reserve)
[brigade_assignment] Rehomed rs_2nd_banja_luka_light_infantry into truthful sector owner sector:vrs_1st_krajina:2 (front)
[brigade_assignment] Rehomed arbih_109th_mountain into truthful sector owner sector:arbih_1st_corps:7 (reserve)
[brigade_assignment] Rehomed arbih_181st_mountain into truthful sector owner sector:arbih_1st_corps:7 (reserve)
[brigade_assignment] Rehomed arbih_185th_light into truthful sector owner sector:arbih_1st_corps:0 (reserve)
[brigade_assignment] Rehomed arbih_374th_slavna_light into truthful sector owner sector:arbih_3rd_corps:4 (front)
[brigade_assignment] Rehomed arbih_377th_vitezka_mountain into truthful sector owner sector:arbih_3rd_corps:4 (front)
[brigade_assignment] Rehomed arbih_7th_vitezka_muslim_liberation into truthful sector owner sector:arbih_3rd_corps:4 (front)
[brigade_assignment] Rehomed rs_1st_prnjavor_light_infantry into truthful sector owner sector:vrs_1st_krajina:8 (reserve)
[brigade_assignment] Rehomed rs_1st_trebava_infantry into truthful sector owner sector:vrs_1st_krajina:8 (reserve)
[brigade_assignment] Rehomed rs_1st_vujak_light_infantry into truthful sector owner sector:vrs_1st_krajina:8 (reserve)
[brigade_assignment] Rehomed rs_27th_derventa_motorized into truthful sector owner sector:vrs_1st_krajina:8 (reserve)
[brigade_assignment] FINAL_SEAL kind=turn turn=82 unresolved=0
[brigade_assignment] Rehomed rs_1st_prnjavor_light_infantry into truthful sector owner sector:vrs_1st_krajina:6 (reserve)
[brigade_assignment] Rehomed rs_1st_trebava_infantry into truthful sector owner sector:vrs_1st_krajina:6 (reserve)
[brigade_assignment] Rehomed rs_1st_vujak_light_infantry into truthful sector owner sector:vrs_1st_krajina:6 (reserve)
[brigade_assignment] Rehomed rs_27th_derventa_motorized into truthful sector owner sector:vrs_1st_krajina:6 (reserve)
[brigade_assignment] Rehomed arbih_101st_mountain into truthful sector owner sector:arbih_1st_corps:7 (front)
[brigade_assignment] Rehomed arbih_109th_mountain into truthful sector owner sector:arbih_1st_corps:7 (reserve)
[brigade_assignment] Rehomed arbih_112th_vitezka_motorized into truthful sector owner sector:arbih_1st_corps:7 (front)
[brigade_assignment] Rehomed arbih_124th_light_king_tvrtko into truthful sector owner sector:arbih_1st_corps:7 (front)
[brigade_assignment] Rehomed arbih_141st_light into truthful sector owner sector:arbih_1st_corps:7 (front)
[brigade_assignment] Rehomed arbih_143rd_light into truthful sector owner sector:arbih_1st_corps:7 (front)
[brigade_assignment] Rehomed arbih_152nd_mountain into truthful sector owner sector:arbih_1st_corps:7 (front)
[brigade_assignment] Rehomed arbih_155th_motorized into truthful sector owner sector:arbih_1st_corps:7 (front)
[brigade_assignment] Rehomed arbih_181st_mountain into truthful sector owner sector:arbih_1st_corps:7 (reserve)
[brigade_assignment] Rehomed arbih_185th_light into truthful sector owner sector:arbih_1st_corps:0 (reserve)
[brigade_assignment] Rehomed arbih_2nd_mountain into truthful sector owner sector:arbih_1st_corps:7 (front)
[brigade_assignment] Rehomed arbih_hvo_kralj_tvrtko into truthful sector owner sector:arbih_1st_corps:7 (front)
[brigade_assignment] Rehomed rs_1st_prnjavor_light_infantry into truthful sector owner sector:vrs_1st_krajina:6 (reserve)
[brigade_assignment] Rehomed rs_1st_trebava_infantry into truthful sector owner sector:vrs_1st_krajina:6 (reserve)
[brigade_assignment] Rehomed rs_1st_vujak_light_infantry into truthful sector owner sector:vrs_1st_krajina:6 (reserve)
[brigade_assignment] Rehomed rs_22nd_krajina_infantry into truthful sector owner sector:vrs_1st_krajina:2 (front)
[brigade_assignment] Rehomed rs_27th_derventa_motorized into truthful sector owner sector:vrs_1st_krajina:6 (reserve)
[brigade_assignment] Rehomed rs_2nd_banja_luka_light_infantry into truthful sector owner sector:vrs_1st_krajina:2 (front)
[brigade_assignment] Rehomed arbih_109th_mountain into truthful sector owner sector:arbih_1st_corps:7 (reserve)
[brigade_assignment] Rehomed arbih_181st_mountain into truthful sector owner sector:arbih_1st_corps:7 (reserve)
[brigade_assignment] Rehomed arbih_185th_light into truthful sector owner sector:arbih_1st_corps:0 (reserve)
[brigade_assignment] Rehomed arbih_374th_slavna_light into truthful sector owner sector:arbih_3rd_corps:4 (front)
[brigade_assignment] Rehomed arbih_377th_vitezka_mountain into truthful sector owner sector:arbih_3rd_corps:4 (front)
[brigade_assignment] Rehomed arbih_7th_vitezka_muslim_liberation into truthful sector owner sector:arbih_3rd_corps:4 (front)
[brigade_assignment] Rehomed rs_1st_prnjavor_light_infantry into truthful sector owner sector:vrs_1st_krajina:8 (reserve)
[brigade_assignment] Rehomed rs_1st_trebava_infantry into truthful sector owner sector:vrs_1st_krajina:8 (reserve)
[brigade_assignment] Rehomed rs_1st_vujak_light_infantry into truthful sector owner sector:vrs_1st_krajina:8 (reserve)
[brigade_assignment] Rehomed rs_27th_derventa_motorized into truthful sector owner sector:vrs_1st_krajina:8 (reserve)
[brigade_assignment] Rehomed rs_1st_prnjavor_light_infantry into truthful sector owner sector:vrs_1st_krajina:6 (reserve)
[brigade_assignment] Rehomed rs_1st_trebava_infantry into truthful sector owner sector:vrs_1st_krajina:6 (reserve)
[brigade_assignment] Rehomed rs_1st_vujak_light_infantry into truthful sector owner sector:vrs_1st_krajina:6 (reserve)
[brigade_assignment] Rehomed rs_27th_derventa_motorized into truthful sector owner sector:vrs_1st_krajina:6 (reserve)
[brigade_assignment] Rehomed arbih_101st_mountain into truthful sector owner sector:arbih_1st_corps:7 (front)
[brigade_assignment] Rehomed arbih_109th_mountain into truthful sector owner sector:arbih_1st_corps:7 (reserve)
[brigade_assignment] Rehomed arbih_112th_vitezka_motorized into truthful sector owner sector:arbih_1st_corps:7 (front)
[brigade_assignment] Rehomed arbih_124th_light_king_tvrtko into truthful sector owner sector:arbih_1st_corps:7 (front)
[brigade_assignment] Rehomed arbih_141st_light into truthful sector owner sector:arbih_1st_corps:7 (front)
[brigade_assignment] Rehomed arbih_143rd_light into truthful sector owner sector:arbih_1st_corps:7 (front)
[brigade_assignment] Rehomed arbih_152nd_mountain into truthful sector owner sector:arbih_1st_corps:7 (front)
[brigade_assignment] Rehomed arbih_155th_motorized into truthful sector owner sector:arbih_1st_corps:7 (front)
[brigade_assignment] Rehomed arbih_181st_mountain into truthful sector owner sector:arbih_1st_corps:7 (reserve)
[brigade_assignment] Rehomed arbih_185th_light into truthful sector owner sector:arbih_1st_corps:0 (reserve)
[brigade_assignment] Rehomed arbih_2nd_mountain into truthful sector owner sector:arbih_1st_corps:7 (front)
[brigade_assignment] Rehomed arbih_hvo_kralj_tvrtko into truthful sector owner sector:arbih_1st_corps:7 (front)
[brigade_assignment] Rehomed rs_1st_prnjavor_light_infantry into truthful sector owner sector:vrs_1st_krajina:6 (reserve)
[brigade_assignment] Rehomed rs_1st_trebava_infantry into truthful sector owner sector:vrs_1st_krajina:6 (reserve)
[brigade_assignment] Rehomed rs_1st_vujak_light_infantry into truthful sector owner sector:vrs_1st_krajina:6 (reserve)
[brigade_assignment] Rehomed rs_22nd_krajina_infantry into truthful sector owner sector:vrs_1st_krajina:2 (front)
[brigade_assignment] Rehomed rs_27th_derventa_motorized into truthful sector owner sector:vrs_1st_krajina:6 (reserve)
[brigade_assignment] Rehomed rs_2nd_banja_luka_light_infantry into truthful sector owner sector:vrs_1st_krajina:2 (front)
[brigade_assignment] Rehomed arbih_109th_mountain into truthful sector owner sector:arbih_1st_corps:7 (reserve)
[brigade_assignment] Rehomed arbih_181st_mountain into truthful sector owner sector:arbih_1st_corps:7 (reserve)
[brigade_assignment] Rehomed arbih_185th_light into truthful sector owner sector:arbih_1st_corps:0 (reserve)
[brigade_assignment] Rehomed arbih_374th_slavna_light into truthful sector owner sector:arbih_3rd_corps:4 (front)
[brigade_assignment] Rehomed arbih_377th_vitezka_mountain into truthful sector owner sector:arbih_3rd_corps:4 (front)
[brigade_assignment] Rehomed arbih_7th_vitezka_muslim_liberation into truthful sector owner sector:arbih_3rd_corps:4 (front)
[brigade_assignment] Rehomed rs_1st_prnjavor_light_infantry into truthful sector owner sector:vrs_1st_krajina:8 (reserve)
[brigade_assignment] Rehomed rs_1st_trebava_infantry into truthful sector owner sector:vrs_1st_krajina:8 (reserve)
[brigade_assignment] Rehomed rs_1st_vujak_light_infantry into truthful sector owner sector:vrs_1st_krajina:8 (reserve)
[brigade_assignment] Rehomed rs_27th_derventa_motorized into truthful sector owner sector:vrs_1st_krajina:8 (reserve)
[brigade_assignment] FINAL_SEAL kind=turn turn=83 unresolved=0
[brigade_assignment] Rehomed rs_1st_prnjavor_light_infantry into truthful sector owner sector:vrs_1st_krajina:5 (reserve)
[brigade_assignment] Rehomed rs_1st_trebava_infantry into truthful sector owner sector:vrs_1st_krajina:5 (reserve)
[brigade_assignment] Rehomed rs_1st_vujak_light_infantry into truthful sector owner sector:vrs_1st_krajina:5 (reserve)
[brigade_assignment] Rehomed rs_27th_derventa_motorized into truthful sector owner sector:vrs_1st_krajina:5 (reserve)
[brigade_assignment] Rehomed arbih_101st_mountain into truthful sector owner sector:arbih_1st_corps:7 (front)
[brigade_assignment] Rehomed arbih_109th_mountain into truthful sector owner sector:arbih_1st_corps:7 (reserve)
[brigade_assignment] Rehomed arbih_112th_vitezka_motorized into truthful sector owner sector:arbih_1st_corps:7 (front)
[brigade_assignment] Rehomed arbih_124th_light_king_tvrtko into truthful sector owner sector:arbih_1st_corps:7 (front)
[brigade_assignment] Rehomed arbih_141st_light into truthful sector owner sector:arbih_1st_corps:7 (front)
[brigade_assignment] Rehomed arbih_143rd_light into truthful sector owner sector:arbih_1st_corps:7 (front)
[brigade_assignment] Rehomed arbih_152nd_mountain into truthful sector owner sector:arbih_1st_corps:7 (front)
[brigade_assignment] Rehomed arbih_155th_motorized into truthful sector owner sector:arbih_1st_corps:7 (front)
[brigade_assignment] Rehomed arbih_181st_mountain into truthful sector owner sector:arbih_1st_corps:7 (reserve)
[brigade_assignment] Rehomed arbih_185th_light into truthful sector owner sector:arbih_1st_corps:0 (reserve)
[brigade_assignment] Rehomed arbih_2nd_mountain into truthful sector owner sector:arbih_1st_corps:7 (front)
[brigade_assignment] Rehomed arbih_hvo_kralj_tvrtko into truthful sector owner sector:arbih_1st_corps:7 (front)
[brigade_assignment] Rehomed rs_11th_dubica_infantry into truthful sector owner sector:vrs_1st_krajina:1 (reserve)
[brigade_assignment] Rehomed rs_1st_prnjavor_light_infantry into truthful sector owner sector:vrs_1st_krajina:5 (reserve)
[brigade_assignment] Rehomed rs_1st_sipovo_light_infantry into truthful sector owner sector:vrs_1st_krajina:1 (reserve)
[brigade_assignment] Rehomed rs_1st_trebava_infantry into truthful sector owner sector:vrs_1st_krajina:5 (reserve)
[brigade_assignment] Rehomed rs_1st_vujak_light_infantry into truthful sector owner sector:vrs_1st_krajina:5 (reserve)
[brigade_assignment] Rehomed rs_27th_derventa_motorized into truthful sector owner sector:vrs_1st_krajina:5 (reserve)
[brigade_assignment] Rehomed arbih_109th_mountain into truthful sector owner sector:arbih_1st_corps:7 (reserve)
[brigade_assignment] Rehomed arbih_181st_mountain into truthful sector owner sector:arbih_1st_corps:7 (reserve)
[brigade_assignment] Rehomed arbih_185th_light into truthful sector owner sector:arbih_1st_corps:0 (reserve)
[brigade_assignment] Rehomed arbih_374th_slavna_light into truthful sector owner sector:arbih_3rd_corps:4 (front)
[brigade_assignment] Rehomed arbih_377th_vitezka_mountain into truthful sector owner sector:arbih_3rd_corps:4 (front)
[brigade_assignment] Rehomed arbih_7th_vitezka_muslim_liberation into truthful sector owner sector:arbih_3rd_corps:4 (front)
[brigade_assignment] Rehomed rs_11th_dubica_infantry into truthful sector owner sector:vrs_1st_krajina:3 (reserve)
[brigade_assignment] Rehomed rs_1st_prnjavor_light_infantry into truthful sector owner sector:vrs_1st_krajina:7 (reserve)
[brigade_assignment] Rehomed rs_1st_sipovo_light_infantry into truthful sector owner sector:vrs_1st_krajina:3 (reserve)
[brigade_assignment] Rehomed rs_1st_trebava_infantry into truthful sector owner sector:vrs_1st_krajina:7 (reserve)
[brigade_assignment] Rehomed rs_1st_vujak_light_infantry into truthful sector owner sector:vrs_1st_krajina:7 (reserve)
[brigade_assignment] Rehomed rs_27th_derventa_motorized into truthful sector owner sector:vrs_1st_krajina:7 (reserve)
[brigade_assignment] Rehomed rs_1st_prnjavor_light_infantry into truthful sector owner sector:vrs_1st_krajina:5 (reserve)
[brigade_assignment] Rehomed rs_1st_trebava_infantry into truthful sector owner sector:vrs_1st_krajina:5 (reserve)
[brigade_assignment] Rehomed rs_1st_vujak_light_infantry into truthful sector owner sector:vrs_1st_krajina:5 (reserve)
[brigade_assignment] Rehomed rs_27th_derventa_motorized into truthful sector owner sector:vrs_1st_krajina:5 (reserve)
[brigade_assignment] Rehomed arbih_101st_mountain into truthful sector owner sector:arbih_1st_corps:7 (front)
[brigade_assignment] Rehomed arbih_109th_mountain into truthful sector owner sector:arbih_1st_corps:7 (reserve)
[brigade_assignment] Rehomed arbih_112th_vitezka_motorized into truthful sector owner sector:arbih_1st_corps:7 (front)
[brigade_assignment] Rehomed arbih_124th_light_king_tvrtko into truthful sector owner sector:arbih_1st_corps:7 (front)
[brigade_assignment] Rehomed arbih_141st_light into truthful sector owner sector:arbih_1st_corps:7 (front)
[brigade_assignment] Rehomed arbih_143rd_light into truthful sector owner sector:arbih_1st_corps:7 (front)
[brigade_assignment] Rehomed arbih_152nd_mountain into truthful sector owner sector:arbih_1st_corps:7 (front)
[brigade_assignment] Rehomed arbih_155th_motorized into truthful sector owner sector:arbih_1st_corps:7 (front)
[brigade_assignment] Rehomed arbih_181st_mountain into truthful sector owner sector:arbih_1st_corps:7 (reserve)
[brigade_assignment] Rehomed arbih_185th_light into truthful sector owner sector:arbih_1st_corps:0 (reserve)
[brigade_assignment] Rehomed arbih_2nd_mountain into truthful sector owner sector:arbih_1st_corps:7 (front)
[brigade_assignment] Rehomed arbih_hvo_kralj_tvrtko into truthful sector owner sector:arbih_1st_corps:7 (front)
[brigade_assignment] Rehomed rs_1st_prnjavor_light_infantry into truthful sector owner sector:vrs_1st_krajina:5 (reserve)
[brigade_assignment] Rehomed rs_1st_sipovo_light_infantry into truthful sector owner sector:vrs_1st_krajina:1 (reserve)
[brigade_assignment] Rehomed rs_1st_trebava_infantry into truthful sector owner sector:vrs_1st_krajina:5 (reserve)
[brigade_assignment] Rehomed rs_1st_vujak_light_infantry into truthful sector owner sector:vrs_1st_krajina:5 (reserve)
[brigade_assignment] Rehomed rs_27th_derventa_motorized into truthful sector owner sector:vrs_1st_krajina:5 (reserve)
[brigade_assignment] Rehomed arbih_109th_mountain into truthful sector owner sector:arbih_1st_corps:7 (reserve)
[brigade_assignment] Rehomed arbih_181st_mountain into truthful sector owner sector:arbih_1st_corps:7 (reserve)
[brigade_assignment] Rehomed arbih_185th_light into truthful sector owner sector:arbih_1st_corps:0 (reserve)
[brigade_assignment] Rehomed arbih_374th_slavna_light into truthful sector owner sector:arbih_3rd_corps:4 (front)
[brigade_assignment] Rehomed arbih_377th_vitezka_mountain into truthful sector owner sector:arbih_3rd_corps:4 (front)
[brigade_assignment] Rehomed arbih_7th_vitezka_muslim_liberation into truthful sector owner sector:arbih_3rd_corps:4 (front)
[brigade_assignment] Rehomed rs_1st_prnjavor_light_infantry into truthful sector owner sector:vrs_1st_krajina:7 (reserve)
[brigade_assignment] Rehomed rs_1st_sipovo_light_infantry into truthful sector owner sector:vrs_1st_krajina:3 (reserve)
[brigade_assignment] Rehomed rs_1st_trebava_infantry into truthful sector owner sector:vrs_1st_krajina:7 (reserve)
[brigade_assignment] Rehomed rs_1st_vujak_light_infantry into truthful sector owner sector:vrs_1st_krajina:7 (reserve)
[brigade_assignment] Rehomed rs_27th_derventa_motorized into truthful sector owner sector:vrs_1st_krajina:7 (reserve)
[brigade_assignment] FINAL_SEAL kind=turn turn=84 unresolved=0
[brigade_assignment] Rehomed rs_1st_prnjavor_light_infantry into truthful sector owner sector:vrs_1st_krajina:6 (reserve)
[brigade_assignment] Rehomed rs_1st_trebava_infantry into truthful sector owner sector:vrs_1st_krajina:6 (reserve)
[brigade_assignment] Rehomed rs_1st_vujak_light_infantry into truthful sector owner sector:vrs_1st_krajina:6 (reserve)
[brigade_assignment] Rehomed rs_27th_derventa_motorized into truthful sector owner sector:vrs_1st_krajina:6 (reserve)
[brigade_assignment] Rehomed arbih_101st_mountain into truthful sector owner sector:arbih_1st_corps:7 (front)
[brigade_assignment] Rehomed arbih_109th_mountain into truthful sector owner sector:arbih_1st_corps:7 (reserve)
[brigade_assignment] Rehomed arbih_112th_vitezka_motorized into truthful sector owner sector:arbih_1st_corps:7 (front)
[brigade_assignment] Rehomed arbih_124th_light_king_tvrtko into truthful sector owner sector:arbih_1st_corps:7 (front)
[brigade_assignment] Rehomed arbih_141st_light into truthful sector owner sector:arbih_1st_corps:7 (front)
[brigade_assignment] Rehomed arbih_143rd_light into truthful sector owner sector:arbih_1st_corps:7 (front)
[brigade_assignment] Rehomed arbih_152nd_mountain into truthful sector owner sector:arbih_1st_corps:7 (front)
[brigade_assignment] Rehomed arbih_155th_motorized into truthful sector owner sector:arbih_1st_corps:7 (front)
[brigade_assignment] Rehomed arbih_181st_mountain into truthful sector owner sector:arbih_1st_corps:7 (reserve)
[brigade_assignment] Rehomed arbih_185th_light into truthful sector owner sector:arbih_1st_corps:0 (reserve)
[brigade_assignment] Rehomed arbih_2nd_mountain into truthful sector owner sector:arbih_1st_corps:7 (front)
[brigade_assignment] Rehomed arbih_hvo_kralj_tvrtko into truthful sector owner sector:arbih_1st_corps:7 (front)
[brigade_assignment] Rehomed rs_1st_prnjavor_light_infantry into truthful sector owner sector:vrs_1st_krajina:6 (reserve)
[brigade_assignment] Rehomed rs_1st_trebava_infantry into truthful sector owner sector:vrs_1st_krajina:6 (reserve)
[brigade_assignment] Rehomed rs_1st_vujak_light_infantry into truthful sector owner sector:vrs_1st_krajina:6 (reserve)
[brigade_assignment] Rehomed rs_22nd_krajina_infantry into truthful sector owner sector:vrs_1st_krajina:3 (front)
[brigade_assignment] Rehomed rs_27th_derventa_motorized into truthful sector owner sector:vrs_1st_krajina:6 (reserve)
[brigade_assignment] Rehomed rs_2nd_banja_luka_light_infantry into truthful sector owner sector:vrs_1st_krajina:3 (front)
[brigade_assignment] Rehomed arbih_109th_mountain into truthful sector owner sector:arbih_1st_corps:7 (reserve)
[brigade_assignment] Rehomed arbih_181st_mountain into truthful sector owner sector:arbih_1st_corps:7 (reserve)
[brigade_assignment] Rehomed arbih_185th_light into truthful sector owner sector:arbih_1st_corps:0 (reserve)
[brigade_assignment] Rehomed arbih_374th_slavna_light into truthful sector owner sector:arbih_3rd_corps:4 (front)
[brigade_assignment] Rehomed arbih_377th_vitezka_mountain into truthful sector owner sector:arbih_3rd_corps:4 (front)
[brigade_assignment] Rehomed arbih_7th_vitezka_muslim_liberation into truthful sector owner sector:arbih_3rd_corps:4 (front)
[brigade_assignment] Rehomed rs_1st_prnjavor_light_infantry into truthful sector owner sector:vrs_1st_krajina:8 (reserve)
[brigade_assignment] Rehomed rs_1st_trebava_infantry into truthful sector owner sector:vrs_1st_krajina:8 (reserve)
[brigade_assignment] Rehomed rs_1st_vujak_light_infantry into truthful sector owner sector:vrs_1st_krajina:8 (reserve)
[brigade_assignment] Rehomed rs_27th_derventa_motorized into truthful sector owner sector:vrs_1st_krajina:8 (reserve)
[brigade_assignment] Rehomed rs_1st_prnjavor_light_infantry into truthful sector owner sector:vrs_1st_krajina:6 (reserve)
[brigade_assignment] Rehomed rs_1st_trebava_infantry into truthful sector owner sector:vrs_1st_krajina:6 (reserve)
[brigade_assignment] Rehomed rs_1st_vujak_light_infantry into truthful sector owner sector:vrs_1st_krajina:6 (reserve)
[brigade_assignment] Rehomed rs_27th_derventa_motorized into truthful sector owner sector:vrs_1st_krajina:6 (reserve)
[brigade_assignment] Rehomed arbih_101st_mountain into truthful sector owner sector:arbih_1st_corps:7 (front)
[brigade_assignment] Rehomed arbih_109th_mountain into truthful sector owner sector:arbih_1st_corps:7 (reserve)
[brigade_assignment] Rehomed arbih_112th_vitezka_motorized into truthful sector owner sector:arbih_1st_corps:7 (front)
[brigade_assignment] Rehomed arbih_124th_light_king_tvrtko into truthful sector owner sector:arbih_1st_corps:7 (front)
[brigade_assignment] Rehomed arbih_141st_light into truthful sector owner sector:arbih_1st_corps:7 (front)
[brigade_assignment] Rehomed arbih_143rd_light into truthful sector owner sector:arbih_1st_corps:7 (front)
[brigade_assignment] Rehomed arbih_152nd_mountain into truthful sector owner sector:arbih_1st_corps:7 (front)
[brigade_assignment] Rehomed arbih_155th_motorized into truthful sector owner sector:arbih_1st_corps:7 (front)
[brigade_assignment] Rehomed arbih_181st_mountain into truthful sector owner sector:arbih_1st_corps:7 (reserve)
[brigade_assignment] Rehomed arbih_185th_light into truthful sector owner sector:arbih_1st_corps:0 (reserve)
[brigade_assignment] Rehomed arbih_2nd_mountain into truthful sector owner sector:arbih_1st_corps:7 (front)
[brigade_assignment] Rehomed arbih_hvo_kralj_tvrtko into truthful sector owner sector:arbih_1st_corps:7 (front)
[brigade_assignment] Rehomed rs_1st_prnjavor_light_infantry into truthful sector owner sector:vrs_1st_krajina:6 (reserve)
[brigade_assignment] Rehomed rs_1st_trebava_infantry into truthful sector owner sector:vrs_1st_krajina:6 (reserve)
[brigade_assignment] Rehomed rs_1st_vujak_light_infantry into truthful sector owner sector:vrs_1st_krajina:6 (reserve)
[brigade_assignment] Rehomed rs_22nd_krajina_infantry into truthful sector owner sector:vrs_1st_krajina:3 (front)
[brigade_assignment] Rehomed rs_27th_derventa_motorized into truthful sector owner sector:vrs_1st_krajina:6 (reserve)
[brigade_assignment] Rehomed rs_2nd_banja_luka_light_infantry into truthful sector owner sector:vrs_1st_krajina:3 (front)
[brigade_assignment] Rehomed arbih_109th_mountain into truthful sector owner sector:arbih_1st_corps:7 (reserve)
[brigade_assignment] Rehomed arbih_181st_mountain into truthful sector owner sector:arbih_1st_corps:7 (reserve)
[brigade_assignment] Rehomed arbih_185th_light into truthful sector owner sector:arbih_1st_corps:0 (reserve)
[brigade_assignment] Rehomed arbih_374th_slavna_light into truthful sector owner sector:arbih_3rd_corps:4 (front)
[brigade_assignment] Rehomed arbih_377th_vitezka_mountain into truthful sector owner sector:arbih_3rd_corps:4 (front)
[brigade_assignment] Rehomed arbih_7th_vitezka_muslim_liberation into truthful sector owner sector:arbih_3rd_corps:4 (front)
[brigade_assignment] Rehomed rs_1st_prnjavor_light_infantry into truthful sector owner sector:vrs_1st_krajina:8 (reserve)
[brigade_assignment] Rehomed rs_1st_trebava_infantry into truthful sector owner sector:vrs_1st_krajina:8 (reserve)
[brigade_assignment] Rehomed rs_1st_vujak_light_infantry into truthful sector owner sector:vrs_1st_krajina:8 (reserve)
[brigade_assignment] Rehomed rs_27th_derventa_motorized into truthful sector owner sector:vrs_1st_krajina:8 (reserve)
[brigade_assignment] FINAL_SEAL kind=turn turn=85 unresolved=0
[brigade_assignment] Rehomed rs_1st_prnjavor_light_infantry into truthful sector owner sector:vrs_1st_krajina:4 (reserve)
[brigade_assignment] Rehomed rs_1st_trebava_infantry into truthful sector owner sector:vrs_1st_krajina:4 (reserve)
[brigade_assignment] Rehomed rs_1st_vujak_light_infantry into truthful sector owner sector:vrs_1st_krajina:4 (reserve)
[brigade_assignment] Rehomed rs_27th_derventa_motorized into truthful sector owner sector:vrs_1st_krajina:4 (reserve)
[brigade_assignment] Rehomed arbih_101st_mountain into truthful sector owner sector:arbih_1st_corps:7 (front)
[brigade_assignment] Rehomed arbih_109th_mountain into truthful sector owner sector:arbih_1st_corps:7 (reserve)
[brigade_assignment] Rehomed arbih_112th_vitezka_motorized into truthful sector owner sector:arbih_1st_corps:7 (front)
[brigade_assignment] Rehomed arbih_124th_light_king_tvrtko into truthful sector owner sector:arbih_1st_corps:7 (front)
[brigade_assignment] Rehomed arbih_141st_light into truthful sector owner sector:arbih_1st_corps:7 (front)
[brigade_assignment] Rehomed arbih_143rd_light into truthful sector owner sector:arbih_1st_corps:7 (front)
[brigade_assignment] Rehomed arbih_152nd_mountain into truthful sector owner sector:arbih_1st_corps:7 (front)
[brigade_assignment] Rehomed arbih_155th_motorized into truthful sector owner sector:arbih_1st_corps:7 (front)
[brigade_assignment] Rehomed arbih_181st_mountain into truthful sector owner sector:arbih_1st_corps:7 (reserve)
[brigade_assignment] Rehomed arbih_185th_light into truthful sector owner sector:arbih_1st_corps:0 (reserve)
[brigade_assignment] Rehomed arbih_2nd_mountain into truthful sector owner sector:arbih_1st_corps:7 (front)
[brigade_assignment] Rehomed arbih_hvo_kralj_tvrtko into truthful sector owner sector:arbih_1st_corps:7 (front)
[brigade_assignment] Rehomed rs_11th_dubica_infantry into truthful sector owner sector:vrs_1st_krajina:1 (reserve)
[brigade_assignment] Rehomed rs_1st_prnjavor_light_infantry into truthful sector owner sector:vrs_1st_krajina:4 (reserve)
[brigade_assignment] Rehomed rs_1st_sipovo_light_infantry into truthful sector owner sector:vrs_1st_krajina:1 (reserve)
[brigade_assignment] Rehomed rs_1st_trebava_infantry into truthful sector owner sector:vrs_1st_krajina:4 (reserve)
[brigade_assignment] Rehomed rs_1st_vujak_light_infantry into truthful sector owner sector:vrs_1st_krajina:4 (reserve)
[brigade_assignment] Rehomed rs_27th_derventa_motorized into truthful sector owner sector:vrs_1st_krajina:4 (reserve)
[brigade_assignment] Rehomed arbih_109th_mountain into truthful sector owner sector:arbih_1st_corps:7 (reserve)
[brigade_assignment] Rehomed arbih_181st_mountain into truthful sector owner sector:arbih_1st_corps:7 (reserve)
[brigade_assignment] Rehomed arbih_185th_light into truthful sector owner sector:arbih_1st_corps:0 (reserve)
[brigade_assignment] Rehomed rs_11th_dubica_infantry into truthful sector owner sector:vrs_1st_krajina:3 (reserve)
[brigade_assignment] Rehomed rs_1st_prnjavor_light_infantry into truthful sector owner sector:vrs_1st_krajina:6 (reserve)
[brigade_assignment] Rehomed rs_1st_sipovo_light_infantry into truthful sector owner sector:vrs_1st_krajina:3 (reserve)
[brigade_assignment] Rehomed rs_1st_trebava_infantry into truthful sector owner sector:vrs_1st_krajina:6 (reserve)
[brigade_assignment] Rehomed rs_1st_vujak_light_infantry into truthful sector owner sector:vrs_1st_krajina:6 (reserve)
[brigade_assignment] Rehomed rs_27th_derventa_motorized into truthful sector owner sector:vrs_1st_krajina:6 (reserve)
[brigade_assignment] Rehomed rs_1st_prnjavor_light_infantry into truthful sector owner sector:vrs_1st_krajina:5 (reserve)
[brigade_assignment] Rehomed rs_1st_trebava_infantry into truthful sector owner sector:vrs_1st_krajina:5 (reserve)
[brigade_assignment] Rehomed rs_1st_vujak_light_infantry into truthful sector owner sector:vrs_1st_krajina:5 (reserve)
[brigade_assignment] Rehomed rs_27th_derventa_motorized into truthful sector owner sector:vrs_1st_krajina:5 (reserve)
[brigade_assignment] Rehomed arbih_101st_mountain into truthful sector owner sector:arbih_1st_corps:7 (front)
[brigade_assignment] Rehomed arbih_109th_mountain into truthful sector owner sector:arbih_1st_corps:7 (reserve)
[brigade_assignment] Rehomed arbih_112th_vitezka_motorized into truthful sector owner sector:arbih_1st_corps:7 (front)
[brigade_assignment] Rehomed arbih_124th_light_king_tvrtko into truthful sector owner sector:arbih_1st_corps:7 (front)
[brigade_assignment] Rehomed arbih_141st_light into truthful sector owner sector:arbih_1st_corps:7 (front)
[brigade_assignment] Rehomed arbih_143rd_light into truthful sector owner sector:arbih_1st_corps:7 (front)
[brigade_assignment] Rehomed arbih_152nd_mountain into truthful sector owner sector:arbih_1st_corps:7 (front)
[brigade_assignment] Rehomed arbih_155th_motorized into truthful sector owner sector:arbih_1st_corps:7 (front)
[brigade_assignment] Rehomed arbih_181st_mountain into truthful sector owner sector:arbih_1st_corps:7 (reserve)
[brigade_assignment] Rehomed arbih_185th_light into truthful sector owner sector:arbih_1st_corps:0 (reserve)
[brigade_assignment] Rehomed arbih_2nd_mountain into truthful sector owner sector:arbih_1st_corps:7 (front)
[brigade_assignment] Rehomed arbih_hvo_kralj_tvrtko into truthful sector owner sector:arbih_1st_corps:7 (front)
[brigade_assignment] Rehomed rs_1st_prnjavor_light_infantry into truthful sector owner sector:vrs_1st_krajina:5 (reserve)
[brigade_assignment] Rehomed rs_1st_sipovo_light_infantry into truthful sector owner sector:vrs_1st_krajina:1 (reserve)
[brigade_assignment] Rehomed rs_1st_trebava_infantry into truthful sector owner sector:vrs_1st_krajina:5 (reserve)
[brigade_assignment] Rehomed rs_1st_vujak_light_infantry into truthful sector owner sector:vrs_1st_krajina:5 (reserve)
[brigade_assignment] Rehomed rs_27th_derventa_motorized into truthful sector owner sector:vrs_1st_krajina:5 (reserve)
[brigade_assignment] Rehomed arbih_109th_mountain into truthful sector owner sector:arbih_1st_corps:7 (reserve)
[brigade_assignment] Rehomed arbih_181st_mountain into truthful sector owner sector:arbih_1st_corps:7 (reserve)
[brigade_assignment] Rehomed arbih_185th_light into truthful sector owner sector:arbih_1st_corps:0 (reserve)
[brigade_assignment] Rehomed rs_1st_prnjavor_light_infantry into truthful sector owner sector:vrs_1st_krajina:7 (reserve)
[brigade_assignment] Rehomed rs_1st_sipovo_light_infantry into truthful sector owner sector:vrs_1st_krajina:3 (reserve)
[brigade_assignment] Rehomed rs_1st_trebava_infantry into truthful sector owner sector:vrs_1st_krajina:7 (reserve)
[brigade_assignment] Rehomed rs_1st_vujak_light_infantry into truthful sector owner sector:vrs_1st_krajina:7 (reserve)
[brigade_assignment] Rehomed rs_27th_derventa_motorized into truthful sector owner sector:vrs_1st_krajina:7 (reserve)
[brigade_assignment] FINAL_SEAL kind=turn turn=86 unresolved=0
[brigade_assignment] Rehomed rs_1st_prnjavor_light_infantry into truthful sector owner sector:vrs_1st_krajina:6 (reserve)
[brigade_assignment] Rehomed rs_1st_trebava_infantry into truthful sector owner sector:vrs_1st_krajina:6 (reserve)
[brigade_assignment] Rehomed rs_1st_vujak_light_infantry into truthful sector owner sector:vrs_1st_krajina:6 (reserve)
[brigade_assignment] Rehomed rs_27th_derventa_motorized into truthful sector owner sector:vrs_1st_krajina:6 (reserve)
[brigade_assignment] Rehomed arbih_101st_mountain into truthful sector owner sector:arbih_1st_corps:7 (front)
[brigade_assignment] Rehomed arbih_109th_mountain into truthful sector owner sector:arbih_1st_corps:7 (reserve)
[brigade_assignment] Rehomed arbih_112th_vitezka_motorized into truthful sector owner sector:arbih_1st_corps:7 (front)
[brigade_assignment] Rehomed arbih_124th_light_king_tvrtko into truthful sector owner sector:arbih_1st_corps:7 (front)
[brigade_assignment] Rehomed arbih_141st_light into truthful sector owner sector:arbih_1st_corps:7 (front)
[brigade_assignment] Rehomed arbih_143rd_light into truthful sector owner sector:arbih_1st_corps:7 (front)
[brigade_assignment] Rehomed arbih_152nd_mountain into truthful sector owner sector:arbih_1st_corps:7 (front)
[brigade_assignment] Rehomed arbih_155th_motorized into truthful sector owner sector:arbih_1st_corps:7 (front)
[brigade_assignment] Rehomed arbih_181st_mountain into truthful sector owner sector:arbih_1st_corps:7 (reserve)
[brigade_assignment] Rehomed arbih_185th_light into truthful sector owner sector:arbih_1st_corps:0 (reserve)
[brigade_assignment] Rehomed arbih_2nd_mountain into truthful sector owner sector:arbih_1st_corps:7 (front)
[brigade_assignment] Rehomed arbih_hvo_kralj_tvrtko into truthful sector owner sector:arbih_1st_corps:7 (front)
[brigade_assignment] Rehomed rs_1st_prnjavor_light_infantry into truthful sector owner sector:vrs_1st_krajina:6 (reserve)
[brigade_assignment] Rehomed rs_1st_trebava_infantry into truthful sector owner sector:vrs_1st_krajina:6 (reserve)
[brigade_assignment] Rehomed rs_1st_vujak_light_infantry into truthful sector owner sector:vrs_1st_krajina:6 (reserve)
[brigade_assignment] Rehomed rs_22nd_krajina_infantry into truthful sector owner sector:vrs_1st_krajina:2 (front)
[brigade_assignment] Rehomed rs_27th_derventa_motorized into truthful sector owner sector:vrs_1st_krajina:6 (reserve)
[brigade_assignment] Rehomed rs_2nd_banja_luka_light_infantry into truthful sector owner sector:vrs_1st_krajina:2 (front)
[brigade_assignment] Rehomed arbih_109th_mountain into truthful sector owner sector:arbih_1st_corps:7 (reserve)
[brigade_assignment] Rehomed arbih_181st_mountain into truthful sector owner sector:arbih_1st_corps:7 (reserve)
[brigade_assignment] Rehomed arbih_185th_light into truthful sector owner sector:arbih_1st_corps:0 (reserve)
[brigade_assignment] Rehomed rs_1st_prnjavor_light_infantry into truthful sector owner sector:vrs_1st_krajina:8 (reserve)
[brigade_assignment] Rehomed rs_1st_trebava_infantry into truthful sector owner sector:vrs_1st_krajina:8 (reserve)
[brigade_assignment] Rehomed rs_1st_vujak_light_infantry into truthful sector owner sector:vrs_1st_krajina:8 (reserve)
[brigade_assignment] Rehomed rs_27th_derventa_motorized into truthful sector owner sector:vrs_1st_krajina:8 (reserve)
[brigade_assignment] Rehomed rs_1st_prnjavor_light_infantry into truthful sector owner sector:vrs_1st_krajina:6 (reserve)
[brigade_assignment] Rehomed rs_1st_trebava_infantry into truthful sector owner sector:vrs_1st_krajina:6 (reserve)
[brigade_assignment] Rehomed rs_1st_vujak_light_infantry into truthful sector owner sector:vrs_1st_krajina:6 (reserve)
[brigade_assignment] Rehomed rs_27th_derventa_motorized into truthful sector owner sector:vrs_1st_krajina:6 (reserve)
[brigade_assignment] Rehomed arbih_101st_mountain into truthful sector owner sector:arbih_1st_corps:7 (front)
[brigade_assignment] Rehomed arbih_109th_mountain into truthful sector owner sector:arbih_1st_corps:7 (reserve)
[brigade_assignment] Rehomed arbih_112th_vitezka_motorized into truthful sector owner sector:arbih_1st_corps:7 (front)
[brigade_assignment] Rehomed arbih_124th_light_king_tvrtko into truthful sector owner sector:arbih_1st_corps:7 (front)
[brigade_assignment] Rehomed arbih_141st_light into truthful sector owner sector:arbih_1st_corps:7 (front)
[brigade_assignment] Rehomed arbih_143rd_light into truthful sector owner sector:arbih_1st_corps:7 (front)
[brigade_assignment] Rehomed arbih_152nd_mountain into truthful sector owner sector:arbih_1st_corps:7 (front)
[brigade_assignment] Rehomed arbih_155th_motorized into truthful sector owner sector:arbih_1st_corps:7 (front)
[brigade_assignment] Rehomed arbih_181st_mountain into truthful sector owner sector:arbih_1st_corps:7 (reserve)
[brigade_assignment] Rehomed arbih_185th_light into truthful sector owner sector:arbih_1st_corps:0 (reserve)
[brigade_assignment] Rehomed arbih_2nd_mountain into truthful sector owner sector:arbih_1st_corps:7 (front)
[brigade_assignment] Rehomed arbih_hvo_kralj_tvrtko into truthful sector owner sector:arbih_1st_corps:7 (front)
[brigade_assignment] Rehomed rs_1st_prnjavor_light_infantry into truthful sector owner sector:vrs_1st_krajina:6 (reserve)
[brigade_assignment] Rehomed rs_1st_trebava_infantry into truthful sector owner sector:vrs_1st_krajina:6 (reserve)
[brigade_assignment] Rehomed rs_1st_vujak_light_infantry into truthful sector owner sector:vrs_1st_krajina:6 (reserve)
[brigade_assignment] Rehomed rs_22nd_krajina_infantry into truthful sector owner sector:vrs_1st_krajina:2 (front)
[brigade_assignment] Rehomed rs_27th_derventa_motorized into truthful sector owner sector:vrs_1st_krajina:6 (reserve)
[brigade_assignment] Rehomed rs_2nd_banja_luka_light_infantry into truthful sector owner sector:vrs_1st_krajina:2 (front)
[brigade_assignment] Rehomed arbih_109th_mountain into truthful sector owner sector:arbih_1st_corps:7 (reserve)
[brigade_assignment] Rehomed arbih_181st_mountain into truthful sector owner sector:arbih_1st_corps:7 (reserve)
[brigade_assignment] Rehomed arbih_185th_light into truthful sector owner sector:arbih_1st_corps:0 (reserve)
[brigade_assignment] Rehomed rs_1st_prnjavor_light_infantry into truthful sector owner sector:vrs_1st_krajina:8 (reserve)
[brigade_assignment] Rehomed rs_1st_trebava_infantry into truthful sector owner sector:vrs_1st_krajina:8 (reserve)
[brigade_assignment] Rehomed rs_1st_vujak_light_infantry into truthful sector owner sector:vrs_1st_krajina:8 (reserve)
[brigade_assignment] Rehomed rs_27th_derventa_motorized into truthful sector owner sector:vrs_1st_krajina:8 (reserve)
[brigade_assignment] FINAL_SEAL kind=turn turn=87 unresolved=0
[brigade_assignment] Rehomed rs_1st_prnjavor_light_infantry into truthful sector owner sector:vrs_1st_krajina:4 (reserve)
[brigade_assignment] Rehomed rs_1st_trebava_infantry into truthful sector owner sector:vrs_1st_krajina:4 (reserve)
[brigade_assignment] Rehomed rs_1st_vujak_light_infantry into truthful sector owner sector:vrs_1st_krajina:4 (reserve)
[brigade_assignment] Rehomed rs_27th_derventa_motorized into truthful sector owner sector:vrs_1st_krajina:4 (reserve)
[brigade_assignment] Rehomed arbih_101st_mountain into truthful sector owner sector:arbih_1st_corps:7 (front)
[brigade_assignment] Rehomed arbih_109th_mountain into truthful sector owner sector:arbih_1st_corps:7 (reserve)
[brigade_assignment] Rehomed arbih_112th_vitezka_motorized into truthful sector owner sector:arbih_1st_corps:7 (front)
[brigade_assignment] Rehomed arbih_124th_light_king_tvrtko into truthful sector owner sector:arbih_1st_corps:7 (front)
[brigade_assignment] Rehomed arbih_141st_light into truthful sector owner sector:arbih_1st_corps:7 (front)
[brigade_assignment] Rehomed arbih_143rd_light into truthful sector owner sector:arbih_1st_corps:7 (front)
[brigade_assignment] Rehomed arbih_152nd_mountain into truthful sector owner sector:arbih_1st_corps:7 (front)
[brigade_assignment] Rehomed arbih_155th_motorized into truthful sector owner sector:arbih_1st_corps:7 (front)
[brigade_assignment] Rehomed arbih_181st_mountain into truthful sector owner sector:arbih_1st_corps:7 (reserve)
[brigade_assignment] Rehomed arbih_185th_light into truthful sector owner sector:arbih_1st_corps:0 (reserve)
[brigade_assignment] Rehomed arbih_2nd_mountain into truthful sector owner sector:arbih_1st_corps:7 (front)
[brigade_assignment] Rehomed arbih_hvo_kralj_tvrtko into truthful sector owner sector:arbih_1st_corps:7 (front)
[brigade_assignment] Rehomed rs_11th_dubica_infantry into truthful sector owner sector:vrs_1st_krajina:1 (reserve)
[brigade_assignment] Rehomed rs_1st_prnjavor_light_infantry into truthful sector owner sector:vrs_1st_krajina:4 (reserve)
[brigade_assignment] Rehomed rs_1st_sipovo_light_infantry into truthful sector owner sector:vrs_1st_krajina:1 (reserve)
[brigade_assignment] Rehomed rs_1st_trebava_infantry into truthful sector owner sector:vrs_1st_krajina:4 (reserve)
[brigade_assignment] Rehomed rs_1st_vujak_light_infantry into truthful sector owner sector:vrs_1st_krajina:4 (reserve)
[brigade_assignment] Rehomed rs_27th_derventa_motorized into truthful sector owner sector:vrs_1st_krajina:4 (reserve)
[brigade_assignment] Rehomed arbih_109th_mountain into truthful sector owner sector:arbih_1st_corps:7 (reserve)
[brigade_assignment] Rehomed arbih_181st_mountain into truthful sector owner sector:arbih_1st_corps:7 (reserve)
[brigade_assignment] Rehomed arbih_185th_light into truthful sector owner sector:arbih_1st_corps:0 (reserve)
[brigade_assignment] Rehomed rs_11th_dubica_infantry into truthful sector owner sector:vrs_1st_krajina:3 (reserve)
[brigade_assignment] Rehomed rs_1st_prnjavor_light_infantry into truthful sector owner sector:vrs_1st_krajina:6 (reserve)
[brigade_assignment] Rehomed rs_1st_sipovo_light_infantry into truthful sector owner sector:vrs_1st_krajina:3 (reserve)
[brigade_assignment] Rehomed rs_1st_trebava_infantry into truthful sector owner sector:vrs_1st_krajina:6 (reserve)
[brigade_assignment] Rehomed rs_1st_vujak_light_infantry into truthful sector owner sector:vrs_1st_krajina:6 (reserve)
[brigade_assignment] Rehomed rs_27th_derventa_motorized into truthful sector owner sector:vrs_1st_krajina:6 (reserve)
[brigade_assignment] Rehomed rs_1st_prnjavor_light_infantry into truthful sector owner sector:vrs_1st_krajina:5 (reserve)
[brigade_assignment] Rehomed rs_1st_trebava_infantry into truthful sector owner sector:vrs_1st_krajina:5 (reserve)
[brigade_assignment] Rehomed rs_1st_vujak_light_infantry into truthful sector owner sector:vrs_1st_krajina:5 (reserve)
[brigade_assignment] Rehomed rs_27th_derventa_motorized into truthful sector owner sector:vrs_1st_krajina:5 (reserve)
[brigade_assignment] Rehomed arbih_101st_mountain into truthful sector owner sector:arbih_1st_corps:7 (front)
[brigade_assignment] Rehomed arbih_109th_mountain into truthful sector owner sector:arbih_1st_corps:7 (reserve)
[brigade_assignment] Rehomed arbih_112th_vitezka_motorized into truthful sector owner sector:arbih_1st_corps:7 (front)
[brigade_assignment] Rehomed arbih_124th_light_king_tvrtko into truthful sector owner sector:arbih_1st_corps:7 (front)
[brigade_assignment] Rehomed arbih_141st_light into truthful sector owner sector:arbih_1st_corps:7 (front)
[brigade_assignment] Rehomed arbih_143rd_light into truthful sector owner sector:arbih_1st_corps:7 (front)
[brigade_assignment] Rehomed arbih_152nd_mountain into truthful sector owner sector:arbih_1st_corps:7 (front)
[brigade_assignment] Rehomed arbih_155th_motorized into truthful sector owner sector:arbih_1st_corps:7 (front)
[brigade_assignment] Rehomed arbih_181st_mountain into truthful sector owner sector:arbih_1st_corps:7 (reserve)
[brigade_assignment] Rehomed arbih_185th_light into truthful sector owner sector:arbih_1st_corps:0 (reserve)
[brigade_assignment] Rehomed arbih_2nd_mountain into truthful sector owner sector:arbih_1st_corps:7 (front)
[brigade_assignment] Rehomed arbih_hvo_kralj_tvrtko into truthful sector owner sector:arbih_1st_corps:7 (front)
[brigade_assignment] Rehomed rs_1st_prnjavor_light_infantry into truthful sector owner sector:vrs_1st_krajina:5 (reserve)
[brigade_assignment] Rehomed rs_1st_sipovo_light_infantry into truthful sector owner sector:vrs_1st_krajina:1 (reserve)
[brigade_assignment] Rehomed rs_1st_trebava_infantry into truthful sector owner sector:vrs_1st_krajina:5 (reserve)
[brigade_assignment] Rehomed rs_1st_vujak_light_infantry into truthful sector owner sector:vrs_1st_krajina:5 (reserve)
[brigade_assignment] Rehomed rs_27th_derventa_motorized into truthful sector owner sector:vrs_1st_krajina:5 (reserve)
[brigade_assignment] Rehomed arbih_109th_mountain into truthful sector owner sector:arbih_1st_corps:7 (reserve)
[brigade_assignment] Rehomed arbih_181st_mountain into truthful sector owner sector:arbih_1st_corps:7 (reserve)
[brigade_assignment] Rehomed arbih_185th_light into truthful sector owner sector:arbih_1st_corps:0 (reserve)
[brigade_assignment] Rehomed rs_1st_prnjavor_light_infantry into truthful sector owner sector:vrs_1st_krajina:7 (reserve)
[brigade_assignment] Rehomed rs_1st_sipovo_light_infantry into truthful sector owner sector:vrs_1st_krajina:3 (reserve)
[brigade_assignment] Rehomed rs_1st_trebava_infantry into truthful sector owner sector:vrs_1st_krajina:7 (reserve)
[brigade_assignment] Rehomed rs_1st_vujak_light_infantry into truthful sector owner sector:vrs_1st_krajina:7 (reserve)
[brigade_assignment] Rehomed rs_27th_derventa_motorized into truthful sector owner sector:vrs_1st_krajina:7 (reserve)
[brigade_assignment] FINAL_SEAL kind=turn turn=88 unresolved=0
[brigade_assignment] Rehomed rs_1st_prnjavor_light_infantry into truthful sector owner sector:vrs_1st_krajina:6 (reserve)
[brigade_assignment] Rehomed rs_1st_trebava_infantry into truthful sector owner sector:vrs_1st_krajina:6 (reserve)
[brigade_assignment] Rehomed rs_1st_vujak_light_infantry into truthful sector owner sector:vrs_1st_krajina:6 (reserve)
[brigade_assignment] Rehomed rs_27th_derventa_motorized into truthful sector owner sector:vrs_1st_krajina:6 (reserve)
[brigade_assignment] Rehomed arbih_101st_mountain into truthful sector owner sector:arbih_1st_corps:7 (front)
[brigade_assignment] Rehomed arbih_109th_mountain into truthful sector owner sector:arbih_1st_corps:7 (reserve)
[brigade_assignment] Rehomed arbih_112th_vitezka_motorized into truthful sector owner sector:arbih_1st_corps:7 (front)
[brigade_assignment] Rehomed arbih_124th_light_king_tvrtko into truthful sector owner sector:arbih_1st_corps:7 (front)
[brigade_assignment] Rehomed arbih_141st_light into truthful sector owner sector:arbih_1st_corps:7 (front)
[brigade_assignment] Rehomed arbih_143rd_light into truthful sector owner sector:arbih_1st_corps:7 (front)
[brigade_assignment] Rehomed arbih_152nd_mountain into truthful sector owner sector:arbih_1st_corps:7 (front)
[brigade_assignment] Rehomed arbih_155th_motorized into truthful sector owner sector:arbih_1st_corps:7 (front)
[brigade_assignment] Rehomed arbih_181st_mountain into truthful sector owner sector:arbih_1st_corps:7 (reserve)
[brigade_assignment] Rehomed arbih_185th_light into truthful sector owner sector:arbih_1st_corps:0 (reserve)
[brigade_assignment] Rehomed arbih_2nd_mountain into truthful sector owner sector:arbih_1st_corps:7 (front)
[brigade_assignment] Rehomed arbih_hvo_kralj_tvrtko into truthful sector owner sector:arbih_1st_corps:7 (front)
[brigade_assignment] Rehomed rs_1st_prnjavor_light_infantry into truthful sector owner sector:vrs_1st_krajina:6 (reserve)
[brigade_assignment] Rehomed rs_1st_trebava_infantry into truthful sector owner sector:vrs_1st_krajina:6 (reserve)
[brigade_assignment] Rehomed rs_1st_vujak_light_infantry into truthful sector owner sector:vrs_1st_krajina:6 (reserve)
[brigade_assignment] Rehomed rs_22nd_krajina_infantry into truthful sector owner sector:vrs_1st_krajina:3 (front)
[brigade_assignment] Rehomed rs_27th_derventa_motorized into truthful sector owner sector:vrs_1st_krajina:6 (reserve)
[brigade_assignment] Rehomed rs_2nd_banja_luka_light_infantry into truthful sector owner sector:vrs_1st_krajina:3 (front)
[brigade_assignment] Rehomed arbih_109th_mountain into truthful sector owner sector:arbih_1st_corps:7 (reserve)
[brigade_assignment] Rehomed arbih_181st_mountain into truthful sector owner sector:arbih_1st_corps:7 (reserve)
[brigade_assignment] Rehomed arbih_185th_light into truthful sector owner sector:arbih_1st_corps:0 (reserve)
[brigade_assignment] Rehomed rs_1st_prnjavor_light_infantry into truthful sector owner sector:vrs_1st_krajina:8 (reserve)
[brigade_assignment] Rehomed rs_1st_trebava_infantry into truthful sector owner sector:vrs_1st_krajina:8 (reserve)
[brigade_assignment] Rehomed rs_1st_vujak_light_infantry into truthful sector owner sector:vrs_1st_krajina:8 (reserve)
[brigade_assignment] Rehomed rs_27th_derventa_motorized into truthful sector owner sector:vrs_1st_krajina:8 (reserve)
[brigade_assignment] Rehomed rs_1st_prnjavor_light_infantry into truthful sector owner sector:vrs_1st_krajina:6 (reserve)
[brigade_assignment] Rehomed rs_1st_trebava_infantry into truthful sector owner sector:vrs_1st_krajina:6 (reserve)
[brigade_assignment] Rehomed rs_1st_vujak_light_infantry into truthful sector owner sector:vrs_1st_krajina:6 (reserve)
[brigade_assignment] Rehomed rs_27th_derventa_motorized into truthful sector owner sector:vrs_1st_krajina:6 (reserve)
[brigade_assignment] Rehomed arbih_101st_mountain into truthful sector owner sector:arbih_1st_corps:7 (front)
[brigade_assignment] Rehomed arbih_109th_mountain into truthful sector owner sector:arbih_1st_corps:7 (reserve)
[brigade_assignment] Rehomed arbih_112th_vitezka_motorized into truthful sector owner sector:arbih_1st_corps:7 (front)
[brigade_assignment] Rehomed arbih_124th_light_king_tvrtko into truthful sector owner sector:arbih_1st_corps:7 (front)
[brigade_assignment] Rehomed arbih_141st_light into truthful sector owner sector:arbih_1st_corps:7 (front)
[brigade_assignment] Rehomed arbih_143rd_light into truthful sector owner sector:arbih_1st_corps:7 (front)
[brigade_assignment] Rehomed arbih_152nd_mountain into truthful sector owner sector:arbih_1st_corps:7 (front)
[brigade_assignment] Rehomed arbih_155th_motorized into truthful sector owner sector:arbih_1st_corps:7 (front)
[brigade_assignment] Rehomed arbih_181st_mountain into truthful sector owner sector:arbih_1st_corps:7 (reserve)
[brigade_assignment] Rehomed arbih_185th_light into truthful sector owner sector:arbih_1st_corps:0 (reserve)
[brigade_assignment] Rehomed arbih_2nd_mountain into truthful sector owner sector:arbih_1st_corps:7 (front)
[brigade_assignment] Rehomed arbih_hvo_kralj_tvrtko into truthful sector owner sector:arbih_1st_corps:7 (front)
[brigade_assignment] Rehomed rs_1st_prnjavor_light_infantry into truthful sector owner sector:vrs_1st_krajina:6 (reserve)
[brigade_assignment] Rehomed rs_1st_trebava_infantry into truthful sector owner sector:vrs_1st_krajina:6 (reserve)
[brigade_assignment] Rehomed rs_1st_vujak_light_infantry into truthful sector owner sector:vrs_1st_krajina:6 (reserve)
[brigade_assignment] Rehomed rs_22nd_krajina_infantry into truthful sector owner sector:vrs_1st_krajina:3 (front)
[brigade_assignment] Rehomed rs_27th_derventa_motorized into truthful sector owner sector:vrs_1st_krajina:6 (reserve)
[brigade_assignment] Rehomed rs_2nd_banja_luka_light_infantry into truthful sector owner sector:vrs_1st_krajina:3 (front)
[brigade_assignment] Rehomed arbih_109th_mountain into truthful sector owner sector:arbih_1st_corps:7 (reserve)
[brigade_assignment] Rehomed arbih_181st_mountain into truthful sector owner sector:arbih_1st_corps:7 (reserve)
[brigade_assignment] Rehomed arbih_185th_light into truthful sector owner sector:arbih_1st_corps:0 (reserve)
[brigade_assignment] Rehomed rs_1st_prnjavor_light_infantry into truthful sector owner sector:vrs_1st_krajina:8 (reserve)
[brigade_assignment] Rehomed rs_1st_trebava_infantry into truthful sector owner sector:vrs_1st_krajina:8 (reserve)
[brigade_assignment] Rehomed rs_1st_vujak_light_infantry into truthful sector owner sector:vrs_1st_krajina:8 (reserve)
[brigade_assignment] Rehomed rs_27th_derventa_motorized into truthful sector owner sector:vrs_1st_krajina:8 (reserve)
[brigade_assignment] FINAL_SEAL kind=turn turn=89 unresolved=0
[brigade_assignment] Rehomed rs_1st_prnjavor_light_infantry into truthful sector owner sector:vrs_1st_krajina:4 (reserve)
[brigade_assignment] Rehomed rs_1st_trebava_infantry into truthful sector owner sector:vrs_1st_krajina:4 (reserve)
[brigade_assignment] Rehomed rs_1st_vujak_light_infantry into truthful sector owner sector:vrs_1st_krajina:4 (reserve)
[brigade_assignment] Rehomed rs_27th_derventa_motorized into truthful sector owner sector:vrs_1st_krajina:4 (reserve)
[brigade_assignment] Rehomed arbih_101st_mountain into truthful sector owner sector:arbih_1st_corps:7 (front)
[brigade_assignment] Rehomed arbih_109th_mountain into truthful sector owner sector:arbih_1st_corps:7 (reserve)
[brigade_assignment] Rehomed arbih_112th_vitezka_motorized into truthful sector owner sector:arbih_1st_corps:7 (front)
[brigade_assignment] Rehomed arbih_124th_light_king_tvrtko into truthful sector owner sector:arbih_1st_corps:7 (front)
[brigade_assignment] Rehomed arbih_141st_light into truthful sector owner sector:arbih_1st_corps:7 (front)
[brigade_assignment] Rehomed arbih_143rd_light into truthful sector owner sector:arbih_1st_corps:7 (front)
[brigade_assignment] Rehomed arbih_152nd_mountain into truthful sector owner sector:arbih_1st_corps:7 (front)
[brigade_assignment] Rehomed arbih_155th_motorized into truthful sector owner sector:arbih_1st_corps:7 (front)
[brigade_assignment] Rehomed arbih_181st_mountain into truthful sector owner sector:arbih_1st_corps:7 (reserve)
[brigade_assignment] Rehomed arbih_185th_light into truthful sector owner sector:arbih_1st_corps:0 (reserve)
[brigade_assignment] Rehomed arbih_2nd_mountain into truthful sector owner sector:arbih_1st_corps:7 (front)
[brigade_assignment] Rehomed arbih_hvo_kralj_tvrtko into truthful sector owner sector:arbih_1st_corps:7 (front)
[brigade_assignment] Rehomed rs_11th_dubica_infantry into truthful sector owner sector:vrs_1st_krajina:1 (reserve)
[brigade_assignment] Rehomed rs_1st_prnjavor_light_infantry into truthful sector owner sector:vrs_1st_krajina:4 (reserve)
[brigade_assignment] Rehomed rs_1st_sipovo_light_infantry into truthful sector owner sector:vrs_1st_krajina:1 (reserve)
[brigade_assignment] Rehomed rs_1st_trebava_infantry into truthful sector owner sector:vrs_1st_krajina:4 (reserve)
[brigade_assignment] Rehomed rs_1st_vujak_light_infantry into truthful sector owner sector:vrs_1st_krajina:4 (reserve)
[brigade_assignment] Rehomed rs_27th_derventa_motorized into truthful sector owner sector:vrs_1st_krajina:4 (reserve)
[brigade_assignment] Rehomed arbih_109th_mountain into truthful sector owner sector:arbih_1st_corps:7 (reserve)
[brigade_assignment] Rehomed arbih_181st_mountain into truthful sector owner sector:arbih_1st_corps:7 (reserve)
[brigade_assignment] Rehomed arbih_185th_light into truthful sector owner sector:arbih_1st_corps:0 (reserve)
[brigade_assignment] Rehomed rs_11th_dubica_infantry into truthful sector owner sector:vrs_1st_krajina:3 (reserve)
[brigade_assignment] Rehomed rs_1st_prnjavor_light_infantry into truthful sector owner sector:vrs_1st_krajina:6 (reserve)
[brigade_assignment] Rehomed rs_1st_sipovo_light_infantry into truthful sector owner sector:vrs_1st_krajina:3 (reserve)
[brigade_assignment] Rehomed rs_1st_trebava_infantry into truthful sector owner sector:vrs_1st_krajina:6 (reserve)
[brigade_assignment] Rehomed rs_1st_vujak_light_infantry into truthful sector owner sector:vrs_1st_krajina:6 (reserve)
[brigade_assignment] Rehomed rs_27th_derventa_motorized into truthful sector owner sector:vrs_1st_krajina:6 (reserve)
[brigade_assignment] Rehomed rs_1st_prnjavor_light_infantry into truthful sector owner sector:vrs_1st_krajina:5 (reserve)
[brigade_assignment] Rehomed rs_1st_trebava_infantry into truthful sector owner sector:vrs_1st_krajina:5 (reserve)
[brigade_assignment] Rehomed rs_1st_vujak_light_infantry into truthful sector owner sector:vrs_1st_krajina:5 (reserve)
[brigade_assignment] Rehomed rs_27th_derventa_motorized into truthful sector owner sector:vrs_1st_krajina:5 (reserve)
[brigade_assignment] Rehomed arbih_101st_mountain into truthful sector owner sector:arbih_1st_corps:7 (front)
[brigade_assignment] Rehomed arbih_109th_mountain into truthful sector owner sector:arbih_1st_corps:7 (reserve)
[brigade_assignment] Rehomed arbih_112th_vitezka_motorized into truthful sector owner sector:arbih_1st_corps:7 (front)
[brigade_assignment] Rehomed arbih_124th_light_king_tvrtko into truthful sector owner sector:arbih_1st_corps:7 (front)
[brigade_assignment] Rehomed arbih_141st_light into truthful sector owner sector:arbih_1st_corps:7 (front)
[brigade_assignment] Rehomed arbih_143rd_light into truthful sector owner sector:arbih_1st_corps:7 (front)
[brigade_assignment] Rehomed arbih_152nd_mountain into truthful sector owner sector:arbih_1st_corps:7 (front)
[brigade_assignment] Rehomed arbih_155th_motorized into truthful sector owner sector:arbih_1st_corps:7 (front)
[brigade_assignment] Rehomed arbih_181st_mountain into truthful sector owner sector:arbih_1st_corps:7 (reserve)
[brigade_assignment] Rehomed arbih_185th_light into truthful sector owner sector:arbih_1st_corps:0 (reserve)
[brigade_assignment] Rehomed arbih_2nd_mountain into truthful sector owner sector:arbih_1st_corps:7 (front)
[brigade_assignment] Rehomed arbih_hvo_kralj_tvrtko into truthful sector owner sector:arbih_1st_corps:7 (front)
[brigade_assignment] Rehomed rs_1st_prnjavor_light_infantry into truthful sector owner sector:vrs_1st_krajina:5 (reserve)
[brigade_assignment] Rehomed rs_1st_sipovo_light_infantry into truthful sector owner sector:vrs_1st_krajina:1 (reserve)
[brigade_assignment] Rehomed rs_1st_trebava_infantry into truthful sector owner sector:vrs_1st_krajina:5 (reserve)
[brigade_assignment] Rehomed rs_1st_vujak_light_infantry into truthful sector owner sector:vrs_1st_krajina:5 (reserve)
[brigade_assignment] Rehomed rs_27th_derventa_motorized into truthful sector owner sector:vrs_1st_krajina:5 (reserve)
[brigade_assignment] Rehomed arbih_109th_mountain into truthful sector owner sector:arbih_1st_corps:7 (reserve)
[brigade_assignment] Rehomed arbih_181st_mountain into truthful sector owner sector:arbih_1st_corps:7 (reserve)
[brigade_assignment] Rehomed arbih_185th_light into truthful sector owner sector:arbih_1st_corps:0 (reserve)
[brigade_assignment] Rehomed rs_1st_prnjavor_light_infantry into truthful sector owner sector:vrs_1st_krajina:7 (reserve)
[brigade_assignment] Rehomed rs_1st_sipovo_light_infantry into truthful sector owner sector:vrs_1st_krajina:3 (reserve)
[brigade_assignment] Rehomed rs_1st_trebava_infantry into truthful sector owner sector:vrs_1st_krajina:7 (reserve)
[brigade_assignment] Rehomed rs_1st_vujak_light_infantry into truthful sector owner sector:vrs_1st_krajina:7 (reserve)
[brigade_assignment] Rehomed rs_27th_derventa_motorized into truthful sector owner sector:vrs_1st_krajina:7 (reserve)
[brigade_assignment] FINAL_SEAL kind=turn turn=90 unresolved=0
[brigade_assignment] Rehomed rs_1st_prnjavor_light_infantry into truthful sector owner sector:vrs_1st_krajina:6 (reserve)
[brigade_assignment] Rehomed rs_1st_trebava_infantry into truthful sector owner sector:vrs_1st_krajina:6 (reserve)
[brigade_assignment] Rehomed rs_1st_vujak_light_infantry into truthful sector owner sector:vrs_1st_krajina:6 (reserve)
[brigade_assignment] Rehomed rs_27th_derventa_motorized into truthful sector owner sector:vrs_1st_krajina:6 (reserve)
[brigade_assignment] Rehomed arbih_101st_mountain into truthful sector owner sector:arbih_1st_corps:7 (front)
[brigade_assignment] Rehomed arbih_109th_mountain into truthful sector owner sector:arbih_1st_corps:7 (reserve)
[brigade_assignment] Rehomed arbih_112th_vitezka_motorized into truthful sector owner sector:arbih_1st_corps:7 (front)
[brigade_assignment] Rehomed arbih_124th_light_king_tvrtko into truthful sector owner sector:arbih_1st_corps:7 (front)
[brigade_assignment] Rehomed arbih_141st_light into truthful sector owner sector:arbih_1st_corps:7 (front)
[brigade_assignment] Rehomed arbih_143rd_light into truthful sector owner sector:arbih_1st_corps:7 (front)
[brigade_assignment] Rehomed arbih_152nd_mountain into truthful sector owner sector:arbih_1st_corps:7 (front)
[brigade_assignment] Rehomed arbih_155th_motorized into truthful sector owner sector:arbih_1st_corps:7 (front)
[brigade_assignment] Rehomed arbih_181st_mountain into truthful sector owner sector:arbih_1st_corps:7 (reserve)
[brigade_assignment] Rehomed arbih_185th_light into truthful sector owner sector:arbih_1st_corps:0 (reserve)
[brigade_assignment] Rehomed arbih_2nd_mountain into truthful sector owner sector:arbih_1st_corps:7 (front)
[brigade_assignment] Rehomed arbih_hvo_kralj_tvrtko into truthful sector owner sector:arbih_1st_corps:7 (front)
[brigade_assignment] Rehomed rs_1st_prnjavor_light_infantry into truthful sector owner sector:vrs_1st_krajina:6 (reserve)
[brigade_assignment] Rehomed rs_1st_trebava_infantry into truthful sector owner sector:vrs_1st_krajina:6 (reserve)
[brigade_assignment] Rehomed rs_1st_vujak_light_infantry into truthful sector owner sector:vrs_1st_krajina:6 (reserve)
[brigade_assignment] Rehomed rs_22nd_krajina_infantry into truthful sector owner sector:vrs_1st_krajina:2 (front)
[brigade_assignment] Rehomed rs_27th_derventa_motorized into truthful sector owner sector:vrs_1st_krajina:6 (reserve)
[brigade_assignment] Rehomed rs_2nd_banja_luka_light_infantry into truthful sector owner sector:vrs_1st_krajina:2 (front)
[brigade_assignment] Rehomed arbih_109th_mountain into truthful sector owner sector:arbih_1st_corps:7 (reserve)
[brigade_assignment] Rehomed arbih_181st_mountain into truthful sector owner sector:arbih_1st_corps:7 (reserve)
[brigade_assignment] Rehomed arbih_185th_light into truthful sector owner sector:arbih_1st_corps:0 (reserve)
[brigade_assignment] Rehomed rs_1st_prnjavor_light_infantry into truthful sector owner sector:vrs_1st_krajina:8 (reserve)
[brigade_assignment] Rehomed rs_1st_trebava_infantry into truthful sector owner sector:vrs_1st_krajina:8 (reserve)
[brigade_assignment] Rehomed rs_1st_vujak_light_infantry into truthful sector owner sector:vrs_1st_krajina:8 (reserve)
[brigade_assignment] Rehomed rs_27th_derventa_motorized into truthful sector owner sector:vrs_1st_krajina:8 (reserve)
[brigade_assignment] Rehomed rs_1st_prnjavor_light_infantry into truthful sector owner sector:vrs_1st_krajina:6 (reserve)
[brigade_assignment] Rehomed rs_1st_trebava_infantry into truthful sector owner sector:vrs_1st_krajina:6 (reserve)
[brigade_assignment] Rehomed rs_1st_vujak_light_infantry into truthful sector owner sector:vrs_1st_krajina:6 (reserve)
[brigade_assignment] Rehomed rs_27th_derventa_motorized into truthful sector owner sector:vrs_1st_krajina:6 (reserve)
[brigade_assignment] Rehomed arbih_101st_mountain into truthful sector owner sector:arbih_1st_corps:7 (front)
[brigade_assignment] Rehomed arbih_109th_mountain into truthful sector owner sector:arbih_1st_corps:7 (reserve)
[brigade_assignment] Rehomed arbih_112th_vitezka_motorized into truthful sector owner sector:arbih_1st_corps:7 (front)
[brigade_assignment] Rehomed arbih_124th_light_king_tvrtko into truthful sector owner sector:arbih_1st_corps:7 (front)
[brigade_assignment] Rehomed arbih_141st_light into truthful sector owner sector:arbih_1st_corps:7 (front)
[brigade_assignment] Rehomed arbih_143rd_light into truthful sector owner sector:arbih_1st_corps:7 (front)
[brigade_assignment] Rehomed arbih_152nd_mountain into truthful sector owner sector:arbih_1st_corps:7 (front)
[brigade_assignment] Rehomed arbih_155th_motorized into truthful sector owner sector:arbih_1st_corps:7 (front)
[brigade_assignment] Rehomed arbih_181st_mountain into truthful sector owner sector:arbih_1st_corps:7 (reserve)
[brigade_assignment] Rehomed arbih_185th_light into truthful sector owner sector:arbih_1st_corps:0 (reserve)
[brigade_assignment] Rehomed arbih_2nd_mountain into truthful sector owner sector:arbih_1st_corps:7 (front)
[brigade_assignment] Rehomed arbih_hvo_kralj_tvrtko into truthful sector owner sector:arbih_1st_corps:7 (front)
[brigade_assignment] Rehomed rs_1st_prnjavor_light_infantry into truthful sector owner sector:vrs_1st_krajina:6 (reserve)
[brigade_assignment] Rehomed rs_1st_trebava_infantry into truthful sector owner sector:vrs_1st_krajina:6 (reserve)
[brigade_assignment] Rehomed rs_1st_vujak_light_infantry into truthful sector owner sector:vrs_1st_krajina:6 (reserve)
[brigade_assignment] Rehomed rs_22nd_krajina_infantry into truthful sector owner sector:vrs_1st_krajina:2 (front)
[brigade_assignment] Rehomed rs_27th_derventa_motorized into truthful sector owner sector:vrs_1st_krajina:6 (reserve)
[brigade_assignment] Rehomed rs_2nd_banja_luka_light_infantry into truthful sector owner sector:vrs_1st_krajina:2 (front)
[brigade_assignment] Rehomed arbih_109th_mountain into truthful sector owner sector:arbih_1st_corps:7 (reserve)
[brigade_assignment] Rehomed arbih_181st_mountain into truthful sector owner sector:arbih_1st_corps:7 (reserve)
[brigade_assignment] Rehomed arbih_185th_light into truthful sector owner sector:arbih_1st_corps:0 (reserve)
[brigade_assignment] Rehomed rs_1st_prnjavor_light_infantry into truthful sector owner sector:vrs_1st_krajina:8 (reserve)
[brigade_assignment] Rehomed rs_1st_trebava_infantry into truthful sector owner sector:vrs_1st_krajina:8 (reserve)
[brigade_assignment] Rehomed rs_1st_vujak_light_infantry into truthful sector owner sector:vrs_1st_krajina:8 (reserve)
[brigade_assignment] Rehomed rs_27th_derventa_motorized into truthful sector owner sector:vrs_1st_krajina:8 (reserve)
[brigade_assignment] FINAL_SEAL kind=turn turn=91 unresolved=0
[brigade_assignment] Rehomed rs_1st_prnjavor_light_infantry into truthful sector owner sector:vrs_1st_krajina:4 (reserve)
[brigade_assignment] Rehomed rs_1st_trebava_infantry into truthful sector owner sector:vrs_1st_krajina:4 (reserve)
[brigade_assignment] Rehomed rs_1st_vujak_light_infantry into truthful sector owner sector:vrs_1st_krajina:4 (reserve)
[brigade_assignment] Rehomed rs_27th_derventa_motorized into truthful sector owner sector:vrs_1st_krajina:4 (reserve)
[brigade_assignment] Rehomed arbih_101st_mountain into truthful sector owner sector:arbih_1st_corps:7 (front)
[brigade_assignment] Rehomed arbih_109th_mountain into truthful sector owner sector:arbih_1st_corps:7 (reserve)
[brigade_assignment] Rehomed arbih_112th_vitezka_motorized into truthful sector owner sector:arbih_1st_corps:7 (front)
[brigade_assignment] Rehomed arbih_124th_light_king_tvrtko into truthful sector owner sector:arbih_1st_corps:7 (front)
[brigade_assignment] Rehomed arbih_141st_light into truthful sector owner sector:arbih_1st_corps:7 (front)
[brigade_assignment] Rehomed arbih_143rd_light into truthful sector owner sector:arbih_1st_corps:7 (front)
[brigade_assignment] Rehomed arbih_152nd_mountain into truthful sector owner sector:arbih_1st_corps:7 (front)
[brigade_assignment] Rehomed arbih_155th_motorized into truthful sector owner sector:arbih_1st_corps:7 (front)
[brigade_assignment] Rehomed arbih_181st_mountain into truthful sector owner sector:arbih_1st_corps:7 (reserve)
[brigade_assignment] Rehomed arbih_185th_light into truthful sector owner sector:arbih_1st_corps:0 (reserve)
[brigade_assignment] Rehomed arbih_2nd_mountain into truthful sector owner sector:arbih_1st_corps:7 (front)
[brigade_assignment] Rehomed arbih_hvo_kralj_tvrtko into truthful sector owner sector:arbih_1st_corps:7 (front)
[brigade_assignment] Rehomed rs_11th_dubica_infantry into truthful sector owner sector:vrs_1st_krajina:1 (reserve)
[brigade_assignment] Rehomed rs_1st_prnjavor_light_infantry into truthful sector owner sector:vrs_1st_krajina:4 (reserve)
[brigade_assignment] Rehomed rs_1st_sipovo_light_infantry into truthful sector owner sector:vrs_1st_krajina:1 (reserve)
[brigade_assignment] Rehomed rs_1st_trebava_infantry into truthful sector owner sector:vrs_1st_krajina:4 (reserve)
[brigade_assignment] Rehomed rs_1st_vujak_light_infantry into truthful sector owner sector:vrs_1st_krajina:4 (reserve)
[brigade_assignment] Rehomed rs_27th_derventa_motorized into truthful sector owner sector:vrs_1st_krajina:4 (reserve)
[brigade_assignment] Rehomed arbih_109th_mountain into truthful sector owner sector:arbih_1st_corps:7 (reserve)
[brigade_assignment] Rehomed arbih_181st_mountain into truthful sector owner sector:arbih_1st_corps:7 (reserve)
[brigade_assignment] Rehomed arbih_185th_light into truthful sector owner sector:arbih_1st_corps:0 (reserve)
[brigade_assignment] Rehomed rs_11th_dubica_infantry into truthful sector owner sector:vrs_1st_krajina:3 (reserve)
[brigade_assignment] Rehomed rs_1st_prnjavor_light_infantry into truthful sector owner sector:vrs_1st_krajina:6 (reserve)
[brigade_assignment] Rehomed rs_1st_sipovo_light_infantry into truthful sector owner sector:vrs_1st_krajina:3 (reserve)
[brigade_assignment] Rehomed rs_1st_trebava_infantry into truthful sector owner sector:vrs_1st_krajina:6 (reserve)
[brigade_assignment] Rehomed rs_1st_vujak_light_infantry into truthful sector owner sector:vrs_1st_krajina:6 (reserve)
[brigade_assignment] Rehomed rs_27th_derventa_motorized into truthful sector owner sector:vrs_1st_krajina:6 (reserve)
[brigade_assignment] Rehomed rs_1st_prnjavor_light_infantry into truthful sector owner sector:vrs_1st_krajina:5 (reserve)
[brigade_assignment] Rehomed rs_1st_trebava_infantry into truthful sector owner sector:vrs_1st_krajina:5 (reserve)
[brigade_assignment] Rehomed rs_1st_vujak_light_infantry into truthful sector owner sector:vrs_1st_krajina:5 (reserve)
[brigade_assignment] Rehomed rs_27th_derventa_motorized into truthful sector owner sector:vrs_1st_krajina:5 (reserve)
[brigade_assignment] Rehomed arbih_101st_mountain into truthful sector owner sector:arbih_1st_corps:7 (front)
[brigade_assignment] Rehomed arbih_109th_mountain into truthful sector owner sector:arbih_1st_corps:7 (reserve)
[brigade_assignment] Rehomed arbih_112th_vitezka_motorized into truthful sector owner sector:arbih_1st_corps:7 (front)
[brigade_assignment] Rehomed arbih_124th_light_king_tvrtko into truthful sector owner sector:arbih_1st_corps:7 (front)
[brigade_assignment] Rehomed arbih_141st_light into truthful sector owner sector:arbih_1st_corps:7 (front)
[brigade_assignment] Rehomed arbih_143rd_light into truthful sector owner sector:arbih_1st_corps:7 (front)
[brigade_assignment] Rehomed arbih_152nd_mountain into truthful sector owner sector:arbih_1st_corps:7 (front)
[brigade_assignment] Rehomed arbih_155th_motorized into truthful sector owner sector:arbih_1st_corps:7 (front)
[brigade_assignment] Rehomed arbih_181st_mountain into truthful sector owner sector:arbih_1st_corps:7 (reserve)
[brigade_assignment] Rehomed arbih_185th_light into truthful sector owner sector:arbih_1st_corps:0 (reserve)
[brigade_assignment] Rehomed arbih_2nd_mountain into truthful sector owner sector:arbih_1st_corps:7 (front)
[brigade_assignment] Rehomed arbih_hvo_kralj_tvrtko into truthful sector owner sector:arbih_1st_corps:7 (front)
[brigade_assignment] Rehomed rs_1st_prnjavor_light_infantry into truthful sector owner sector:vrs_1st_krajina:5 (reserve)
[brigade_assignment] Rehomed rs_1st_sipovo_light_infantry into truthful sector owner sector:vrs_1st_krajina:1 (reserve)
[brigade_assignment] Rehomed rs_1st_trebava_infantry into truthful sector owner sector:vrs_1st_krajina:5 (reserve)
[brigade_assignment] Rehomed rs_1st_vujak_light_infantry into truthful sector owner sector:vrs_1st_krajina:5 (reserve)
[brigade_assignment] Rehomed rs_27th_derventa_motorized into truthful sector owner sector:vrs_1st_krajina:5 (reserve)
[brigade_assignment] Rehomed arbih_109th_mountain into truthful sector owner sector:arbih_1st_corps:7 (reserve)
[brigade_assignment] Rehomed arbih_181st_mountain into truthful sector owner sector:arbih_1st_corps:7 (reserve)
[brigade_assignment] Rehomed arbih_185th_light into truthful sector owner sector:arbih_1st_corps:0 (reserve)
[brigade_assignment] Rehomed rs_1st_prnjavor_light_infantry into truthful sector owner sector:vrs_1st_krajina:7 (reserve)
[brigade_assignment] Rehomed rs_1st_sipovo_light_infantry into truthful sector owner sector:vrs_1st_krajina:3 (reserve)
[brigade_assignment] Rehomed rs_1st_trebava_infantry into truthful sector owner sector:vrs_1st_krajina:7 (reserve)
[brigade_assignment] Rehomed rs_1st_vujak_light_infantry into truthful sector owner sector:vrs_1st_krajina:7 (reserve)
[brigade_assignment] Rehomed rs_27th_derventa_motorized into truthful sector owner sector:vrs_1st_krajina:7 (reserve)
[brigade_assignment] FINAL_SEAL kind=turn turn=92 unresolved=0
[brigade_assignment] Rehomed rs_1st_prnjavor_light_infantry into truthful sector owner sector:vrs_1st_krajina:6 (reserve)
[brigade_assignment] Rehomed rs_1st_trebava_infantry into truthful sector owner sector:vrs_1st_krajina:6 (reserve)
[brigade_assignment] Rehomed rs_1st_vujak_light_infantry into truthful sector owner sector:vrs_1st_krajina:6 (reserve)
[brigade_assignment] Rehomed rs_27th_derventa_motorized into truthful sector owner sector:vrs_1st_krajina:6 (reserve)
[brigade_assignment] Rehomed arbih_101st_mountain into truthful sector owner sector:arbih_1st_corps:7 (front)
[brigade_assignment] Rehomed arbih_109th_mountain into truthful sector owner sector:arbih_1st_corps:7 (reserve)
[brigade_assignment] Rehomed arbih_112th_vitezka_motorized into truthful sector owner sector:arbih_1st_corps:7 (front)
[brigade_assignment] Rehomed arbih_124th_light_king_tvrtko into truthful sector owner sector:arbih_1st_corps:7 (front)
[brigade_assignment] Rehomed arbih_141st_light into truthful sector owner sector:arbih_1st_corps:7 (front)
[brigade_assignment] Rehomed arbih_143rd_light into truthful sector owner sector:arbih_1st_corps:7 (front)
[brigade_assignment] Rehomed arbih_152nd_mountain into truthful sector owner sector:arbih_1st_corps:7 (front)
[brigade_assignment] Rehomed arbih_155th_motorized into truthful sector owner sector:arbih_1st_corps:7 (front)
[brigade_assignment] Rehomed arbih_181st_mountain into truthful sector owner sector:arbih_1st_corps:7 (reserve)
[brigade_assignment] Rehomed arbih_185th_light into truthful sector owner sector:arbih_1st_corps:0 (reserve)
[brigade_assignment] Rehomed arbih_2nd_mountain into truthful sector owner sector:arbih_1st_corps:7 (front)
[brigade_assignment] Rehomed arbih_hvo_kralj_tvrtko into truthful sector owner sector:arbih_1st_corps:7 (front)
[brigade_assignment] Rehomed rs_1st_prnjavor_light_infantry into truthful sector owner sector:vrs_1st_krajina:6 (reserve)
[brigade_assignment] Rehomed rs_1st_trebava_infantry into truthful sector owner sector:vrs_1st_krajina:6 (reserve)
[brigade_assignment] Rehomed rs_1st_vujak_light_infantry into truthful sector owner sector:vrs_1st_krajina:6 (reserve)
[brigade_assignment] Rehomed rs_22nd_krajina_infantry into truthful sector owner sector:vrs_1st_krajina:3 (front)
[brigade_assignment] Rehomed rs_27th_derventa_motorized into truthful sector owner sector:vrs_1st_krajina:6 (reserve)
[brigade_assignment] Rehomed rs_2nd_banja_luka_light_infantry into truthful sector owner sector:vrs_1st_krajina:3 (front)
[brigade_assignment] Rehomed arbih_109th_mountain into truthful sector owner sector:arbih_1st_corps:7 (reserve)
[brigade_assignment] Rehomed arbih_181st_mountain into truthful sector owner sector:arbih_1st_corps:7 (reserve)
[brigade_assignment] Rehomed arbih_185th_light into truthful sector owner sector:arbih_1st_corps:0 (reserve)
[brigade_assignment] Rehomed rs_1st_prnjavor_light_infantry into truthful sector owner sector:vrs_1st_krajina:8 (reserve)
[brigade_assignment] Rehomed rs_1st_trebava_infantry into truthful sector owner sector:vrs_1st_krajina:8 (reserve)
[brigade_assignment] Rehomed rs_1st_vujak_light_infantry into truthful sector owner sector:vrs_1st_krajina:8 (reserve)
[brigade_assignment] Rehomed rs_27th_derventa_motorized into truthful sector owner sector:vrs_1st_krajina:8 (reserve)
[op-validation] 4 issue(s) at injection: 0 error(s), 4 warning(s)
  [WARN] Operation Zvezda 94 [gorazde_encirclement]: all_objectives_owned — All 2 objectives already controlled by RS
  [WARN] Operation Zvezda 94 [gorazde_encirclement]: axis_empty — Axis would be empty: 0 valid objectives
  [WARN] Operation Zvezda 94 [ustipraca_cutoff]: all_objectives_owned — All 2 objectives already controlled by RS
  [WARN] Operation Zvezda 94 [ustipraca_cutoff]: axis_empty — Axis would be empty: 0 valid objectives
[brigade_assignment] Rehomed rs_1st_prnjavor_light_infantry into truthful sector owner sector:vrs_1st_krajina:6 (reserve)
[brigade_assignment] Rehomed rs_1st_trebava_infantry into truthful sector owner sector:vrs_1st_krajina:6 (reserve)
[brigade_assignment] Rehomed rs_1st_vujak_light_infantry into truthful sector owner sector:vrs_1st_krajina:6 (reserve)
[brigade_assignment] Rehomed rs_27th_derventa_motorized into truthful sector owner sector:vrs_1st_krajina:6 (reserve)
[brigade_assignment] Rehomed arbih_101st_mountain into truthful sector owner sector:arbih_1st_corps:7 (front)
[brigade_assignment] Rehomed arbih_109th_mountain into truthful sector owner sector:arbih_1st_corps:7 (reserve)
[brigade_assignment] Rehomed arbih_112th_vitezka_motorized into truthful sector owner sector:arbih_1st_corps:7 (front)
[brigade_assignment] Rehomed arbih_124th_light_king_tvrtko into truthful sector owner sector:arbih_1st_corps:7 (front)
[brigade_assignment] Rehomed arbih_141st_light into truthful sector owner sector:arbih_1st_corps:7 (front)
[brigade_assignment] Rehomed arbih_143rd_light into truthful sector owner sector:arbih_1st_corps:7 (front)
[brigade_assignment] Rehomed arbih_152nd_mountain into truthful sector owner sector:arbih_1st_corps:7 (front)
[brigade_assignment] Rehomed arbih_155th_motorized into truthful sector owner sector:arbih_1st_corps:7 (front)
[brigade_assignment] Rehomed arbih_181st_mountain into truthful sector owner sector:arbih_1st_corps:7 (reserve)
[brigade_assignment] Rehomed arbih_185th_light into truthful sector owner sector:arbih_1st_corps:0 (reserve)
[brigade_assignment] Rehomed arbih_2nd_mountain into truthful sector owner sector:arbih_1st_corps:7 (front)
[brigade_assignment] Rehomed arbih_hvo_kralj_tvrtko into truthful sector owner sector:arbih_1st_corps:7 (front)
[brigade_assignment] Rehomed rs_1st_prnjavor_light_infantry into truthful sector owner sector:vrs_1st_krajina:6 (reserve)
[brigade_assignment] Rehomed rs_1st_trebava_infantry into truthful sector owner sector:vrs_1st_krajina:6 (reserve)
[brigade_assignment] Rehomed rs_1st_vujak_light_infantry into truthful sector owner sector:vrs_1st_krajina:6 (reserve)
[brigade_assignment] Rehomed rs_22nd_krajina_infantry into truthful sector owner sector:vrs_1st_krajina:3 (front)
[brigade_assignment] Rehomed rs_27th_derventa_motorized into truthful sector owner sector:vrs_1st_krajina:6 (reserve)
[brigade_assignment] Rehomed rs_2nd_banja_luka_light_infantry into truthful sector owner sector:vrs_1st_krajina:3 (front)
[brigade_assignment] Rehomed arbih_109th_mountain into truthful sector owner sector:arbih_1st_corps:7 (reserve)
[brigade_assignment] Rehomed arbih_181st_mountain into truthful sector owner sector:arbih_1st_corps:7 (reserve)
[brigade_assignment] Rehomed arbih_185th_light into truthful sector owner sector:arbih_1st_corps:0 (reserve)
[brigade_assignment] Rehomed rs_1st_prnjavor_light_infantry into truthful sector owner sector:vrs_1st_krajina:8 (reserve)
[brigade_assignment] Rehomed rs_1st_trebava_infantry into truthful sector owner sector:vrs_1st_krajina:8 (reserve)
[brigade_assignment] Rehomed rs_1st_vujak_light_infantry into truthful sector owner sector:vrs_1st_krajina:8 (reserve)
[brigade_assignment] Rehomed rs_27th_derventa_motorized into truthful sector owner sector:vrs_1st_krajina:8 (reserve)
[brigade_assignment] FINAL_SEAL kind=turn turn=93 unresolved=0
[brigade_assignment] Rehomed rs_1st_prnjavor_light_infantry into truthful sector owner sector:vrs_1st_krajina:4 (reserve)
[brigade_assignment] Rehomed rs_1st_trebava_infantry into truthful sector owner sector:vrs_1st_krajina:4 (reserve)
[brigade_assignment] Rehomed rs_1st_vujak_light_infantry into truthful sector owner sector:vrs_1st_krajina:4 (reserve)
[brigade_assignment] Rehomed rs_27th_derventa_motorized into truthful sector owner sector:vrs_1st_krajina:4 (reserve)
[brigade_assignment] Rehomed arbih_101st_mountain into truthful sector owner sector:arbih_1st_corps:7 (front)
[brigade_assignment] Rehomed arbih_109th_mountain into truthful sector owner sector:arbih_1st_corps:7 (reserve)
[brigade_assignment] Rehomed arbih_112th_vitezka_motorized into truthful sector owner sector:arbih_1st_corps:7 (front)
[brigade_assignment] Rehomed arbih_124th_light_king_tvrtko into truthful sector owner sector:arbih_1st_corps:7 (front)
[brigade_assignment] Rehomed arbih_141st_light into truthful sector owner sector:arbih_1st_corps:7 (front)
[brigade_assignment] Rehomed arbih_143rd_light into truthful sector owner sector:arbih_1st_corps:7 (front)
[brigade_assignment] Rehomed arbih_152nd_mountain into truthful sector owner sector:arbih_1st_corps:7 (front)
[brigade_assignment] Rehomed arbih_155th_motorized into truthful sector owner sector:arbih_1st_corps:7 (front)
[brigade_assignment] Rehomed arbih_181st_mountain into truthful sector owner sector:arbih_1st_corps:7 (reserve)
[brigade_assignment] Rehomed arbih_185th_light into truthful sector owner sector:arbih_1st_corps:0 (reserve)
[brigade_assignment] Rehomed arbih_2nd_mountain into truthful sector owner sector:arbih_1st_corps:7 (front)
[brigade_assignment] Rehomed arbih_hvo_kralj_tvrtko into truthful sector owner sector:arbih_1st_corps:7 (front)
[brigade_assignment] Rehomed rs_11th_dubica_infantry into truthful sector owner sector:vrs_1st_krajina:1 (reserve)
[brigade_assignment] Rehomed rs_1st_prnjavor_light_infantry into truthful sector owner sector:vrs_1st_krajina:4 (reserve)
[brigade_assignment] Rehomed rs_1st_sipovo_light_infantry into truthful sector owner sector:vrs_1st_krajina:1 (reserve)
[brigade_assignment] Rehomed rs_1st_trebava_infantry into truthful sector owner sector:vrs_1st_krajina:4 (reserve)
[brigade_assignment] Rehomed rs_1st_vujak_light_infantry into truthful sector owner sector:vrs_1st_krajina:4 (reserve)
[brigade_assignment] Rehomed rs_27th_derventa_motorized into truthful sector owner sector:vrs_1st_krajina:4 (reserve)
[brigade_assignment] Rehomed arbih_109th_mountain into truthful sector owner sector:arbih_1st_corps:7 (reserve)
[brigade_assignment] Rehomed arbih_181st_mountain into truthful sector owner sector:arbih_1st_corps:7 (reserve)
[brigade_assignment] Rehomed arbih_185th_light into truthful sector owner sector:arbih_1st_corps:0 (reserve)
[brigade_assignment] Rehomed rs_11th_dubica_infantry into truthful sector owner sector:vrs_1st_krajina:3 (reserve)
[brigade_assignment] Rehomed rs_1st_prnjavor_light_infantry into truthful sector owner sector:vrs_1st_krajina:6 (reserve)
[brigade_assignment] Rehomed rs_1st_sipovo_light_infantry into truthful sector owner sector:vrs_1st_krajina:3 (reserve)
[brigade_assignment] Rehomed rs_1st_trebava_infantry into truthful sector owner sector:vrs_1st_krajina:6 (reserve)
[brigade_assignment] Rehomed rs_1st_vujak_light_infantry into truthful sector owner sector:vrs_1st_krajina:6 (reserve)
[brigade_assignment] Rehomed rs_27th_derventa_motorized into truthful sector owner sector:vrs_1st_krajina:6 (reserve)
[brigade_assignment] Rehomed rs_1st_prnjavor_light_infantry into truthful sector owner sector:vrs_1st_krajina:5 (reserve)
[brigade_assignment] Rehomed rs_1st_trebava_infantry into truthful sector owner sector:vrs_1st_krajina:5 (reserve)
[brigade_assignment] Rehomed rs_1st_vujak_light_infantry into truthful sector owner sector:vrs_1st_krajina:5 (reserve)
[brigade_assignment] Rehomed rs_27th_derventa_motorized into truthful sector owner sector:vrs_1st_krajina:5 (reserve)
[brigade_assignment] Rehomed arbih_101st_mountain into truthful sector owner sector:arbih_1st_corps:7 (front)
[brigade_assignment] Rehomed arbih_109th_mountain into truthful sector owner sector:arbih_1st_corps:7 (reserve)
[brigade_assignment] Rehomed arbih_112th_vitezka_motorized into truthful sector owner sector:arbih_1st_corps:7 (front)
[brigade_assignment] Rehomed arbih_124th_light_king_tvrtko into truthful sector owner sector:arbih_1st_corps:7 (front)
[brigade_assignment] Rehomed arbih_141st_light into truthful sector owner sector:arbih_1st_corps:7 (front)
[brigade_assignment] Rehomed arbih_143rd_light into truthful sector owner sector:arbih_1st_corps:7 (front)
[brigade_assignment] Rehomed arbih_152nd_mountain into truthful sector owner sector:arbih_1st_corps:7 (front)
[brigade_assignment] Rehomed arbih_155th_motorized into truthful sector owner sector:arbih_1st_corps:7 (front)
[brigade_assignment] Rehomed arbih_181st_mountain into truthful sector owner sector:arbih_1st_corps:7 (reserve)
[brigade_assignment] Rehomed arbih_185th_light into truthful sector owner sector:arbih_1st_corps:0 (reserve)
[brigade_assignment] Rehomed arbih_2nd_mountain into truthful sector owner sector:arbih_1st_corps:7 (front)
[brigade_assignment] Rehomed arbih_hvo_kralj_tvrtko into truthful sector owner sector:arbih_1st_corps:7 (front)
[brigade_assignment] Rehomed rs_1st_prnjavor_light_infantry into truthful sector owner sector:vrs_1st_krajina:5 (reserve)
[brigade_assignment] Rehomed rs_1st_sipovo_light_infantry into truthful sector owner sector:vrs_1st_krajina:1 (reserve)
[brigade_assignment] Rehomed rs_1st_trebava_infantry into truthful sector owner sector:vrs_1st_krajina:5 (reserve)
[brigade_assignment] Rehomed rs_1st_vujak_light_infantry into truthful sector owner sector:vrs_1st_krajina:5 (reserve)
[brigade_assignment] Rehomed rs_27th_derventa_motorized into truthful sector owner sector:vrs_1st_krajina:5 (reserve)
[brigade_assignment] Rehomed arbih_109th_mountain into truthful sector owner sector:arbih_1st_corps:7 (reserve)
[brigade_assignment] Rehomed arbih_181st_mountain into truthful sector owner sector:arbih_1st_corps:7 (reserve)
[brigade_assignment] Rehomed arbih_185th_light into truthful sector owner sector:arbih_1st_corps:0 (reserve)
[brigade_assignment] Rehomed rs_1st_prnjavor_light_infantry into truthful sector owner sector:vrs_1st_krajina:7 (reserve)
[brigade_assignment] Rehomed rs_1st_sipovo_light_infantry into truthful sector owner sector:vrs_1st_krajina:3 (reserve)
[brigade_assignment] Rehomed rs_1st_trebava_infantry into truthful sector owner sector:vrs_1st_krajina:7 (reserve)
[brigade_assignment] Rehomed rs_1st_vujak_light_infantry into truthful sector owner sector:vrs_1st_krajina:7 (reserve)
[brigade_assignment] Rehomed rs_27th_derventa_motorized into truthful sector owner sector:vrs_1st_krajina:7 (reserve)
[brigade_assignment] FINAL_SEAL kind=turn turn=94 unresolved=0
[brigade_assignment] Rehomed rs_1st_bratunac into truthful sector owner sector:vrs_drina:1 (reserve)
[brigade_assignment] Rehomed rs_1st_prnjavor_light_infantry into truthful sector owner sector:vrs_1st_krajina:6 (reserve)
[brigade_assignment] Rehomed rs_1st_trebava_infantry into truthful sector owner sector:vrs_1st_krajina:6 (reserve)
[brigade_assignment] Rehomed rs_1st_vujak_light_infantry into truthful sector owner sector:vrs_1st_krajina:6 (reserve)
[brigade_assignment] Rehomed rs_1st_zvornik into truthful sector owner sector:vrs_drina:1 (reserve)
[brigade_assignment] Rehomed rs_27th_derventa_motorized into truthful sector owner sector:vrs_1st_krajina:6 (reserve)
[brigade_assignment] Rehomed arbih_101st_mountain into truthful sector owner sector:arbih_1st_corps:7 (front)
[brigade_assignment] Rehomed arbih_109th_mountain into truthful sector owner sector:arbih_1st_corps:7 (reserve)
[brigade_assignment] Rehomed arbih_112th_vitezka_motorized into truthful sector owner sector:arbih_1st_corps:7 (front)
[brigade_assignment] Rehomed arbih_124th_light_king_tvrtko into truthful sector owner sector:arbih_1st_corps:7 (front)
[brigade_assignment] Rehomed arbih_141st_light into truthful sector owner sector:arbih_1st_corps:7 (front)
[brigade_assignment] Rehomed arbih_143rd_light into truthful sector owner sector:arbih_1st_corps:7 (front)
[brigade_assignment] Rehomed arbih_152nd_mountain into truthful sector owner sector:arbih_1st_corps:7 (front)
[brigade_assignment] Rehomed arbih_155th_motorized into truthful sector owner sector:arbih_1st_corps:7 (front)
[brigade_assignment] Rehomed arbih_181st_mountain into truthful sector owner sector:arbih_1st_corps:7 (reserve)
[brigade_assignment] Rehomed arbih_185th_light into truthful sector owner sector:arbih_1st_corps:0 (reserve)
[brigade_assignment] Rehomed arbih_2nd_mountain into truthful sector owner sector:arbih_1st_corps:7 (front)
[brigade_assignment] Rehomed arbih_hvo_kralj_tvrtko into truthful sector owner sector:arbih_1st_corps:7 (front)
[brigade_assignment] Rehomed rs_1st_bratunac into truthful sector owner sector:vrs_drina:1 (reserve)
[brigade_assignment] Rehomed rs_1st_prnjavor_light_infantry into truthful sector owner sector:vrs_1st_krajina:6 (reserve)
[brigade_assignment] Rehomed rs_1st_trebava_infantry into truthful sector owner sector:vrs_1st_krajina:6 (reserve)
[brigade_assignment] Rehomed rs_1st_vujak_light_infantry into truthful sector owner sector:vrs_1st_krajina:6 (reserve)
[brigade_assignment] Rehomed rs_1st_zvornik into truthful sector owner sector:vrs_drina:1 (reserve)
[brigade_assignment] Rehomed rs_22nd_krajina_infantry into truthful sector owner sector:vrs_1st_krajina:2 (front)
[brigade_assignment] Rehomed rs_27th_derventa_motorized into truthful sector owner sector:vrs_1st_krajina:6 (reserve)
[brigade_assignment] Rehomed rs_2nd_banja_luka_light_infantry into truthful sector owner sector:vrs_1st_krajina:2 (front)
[brigade_assignment] Rehomed arbih_109th_mountain into truthful sector owner sector:arbih_1st_corps:7 (reserve)
[brigade_assignment] Rehomed arbih_181st_mountain into truthful sector owner sector:arbih_1st_corps:7 (reserve)
[brigade_assignment] Rehomed arbih_185th_light into truthful sector owner sector:arbih_1st_corps:0 (reserve)
[brigade_assignment] Rehomed rs_1st_bratunac into truthful sector owner sector:vrs_drina:2 (reserve)
[brigade_assignment] Rehomed rs_1st_prnjavor_light_infantry into truthful sector owner sector:vrs_1st_krajina:8 (reserve)
[brigade_assignment] Rehomed rs_1st_trebava_infantry into truthful sector owner sector:vrs_1st_krajina:8 (reserve)
[brigade_assignment] Rehomed rs_1st_vujak_light_infantry into truthful sector owner sector:vrs_1st_krajina:8 (reserve)
[brigade_assignment] Rehomed rs_1st_zvornik into truthful sector owner sector:vrs_drina:2 (reserve)
[brigade_assignment] Rehomed rs_27th_derventa_motorized into truthful sector owner sector:vrs_1st_krajina:8 (reserve)
[brigade_assignment] Rehomed rs_1st_prnjavor_light_infantry into truthful sector owner sector:vrs_1st_krajina:6 (reserve)
[brigade_assignment] Rehomed rs_1st_trebava_infantry into truthful sector owner sector:vrs_1st_krajina:6 (reserve)
[brigade_assignment] Rehomed rs_1st_vujak_light_infantry into truthful sector owner sector:vrs_1st_krajina:6 (reserve)
[brigade_assignment] Rehomed rs_1st_zvornik into truthful sector owner sector:vrs_drina:1 (reserve)
[brigade_assignment] Rehomed rs_27th_derventa_motorized into truthful sector owner sector:vrs_1st_krajina:6 (reserve)
[brigade_assignment] Rehomed arbih_101st_mountain into truthful sector owner sector:arbih_1st_corps:7 (front)
[brigade_assignment] Rehomed arbih_109th_mountain into truthful sector owner sector:arbih_1st_corps:7 (reserve)
[brigade_assignment] Rehomed arbih_112th_vitezka_motorized into truthful sector owner sector:arbih_1st_corps:7 (front)
[brigade_assignment] Rehomed arbih_124th_light_king_tvrtko into truthful sector owner sector:arbih_1st_corps:7 (front)
[brigade_assignment] Rehomed arbih_141st_light into truthful sector owner sector:arbih_1st_corps:7 (front)
[brigade_assignment] Rehomed arbih_143rd_light into truthful sector owner sector:arbih_1st_corps:7 (front)
[brigade_assignment] Rehomed arbih_152nd_mountain into truthful sector owner sector:arbih_1st_corps:7 (front)
[brigade_assignment] Rehomed arbih_155th_motorized into truthful sector owner sector:arbih_1st_corps:7 (front)
[brigade_assignment] Rehomed arbih_181st_mountain into truthful sector owner sector:arbih_1st_corps:7 (reserve)
[brigade_assignment] Rehomed arbih_185th_light into truthful sector owner sector:arbih_1st_corps:0 (reserve)
[brigade_assignment] Rehomed arbih_2nd_mountain into truthful sector owner sector:arbih_1st_corps:7 (front)
[brigade_assignment] Rehomed arbih_hvo_kralj_tvrtko into truthful sector owner sector:arbih_1st_corps:7 (front)
[brigade_assignment] Rehomed rs_1st_prnjavor_light_infantry into truthful sector owner sector:vrs_1st_krajina:6 (reserve)
[brigade_assignment] Rehomed rs_1st_trebava_infantry into truthful sector owner sector:vrs_1st_krajina:6 (reserve)
[brigade_assignment] Rehomed rs_1st_vujak_light_infantry into truthful sector owner sector:vrs_1st_krajina:6 (reserve)
[brigade_assignment] Rehomed rs_1st_zvornik into truthful sector owner sector:vrs_drina:1 (reserve)
[brigade_assignment] Rehomed rs_22nd_krajina_infantry into truthful sector owner sector:vrs_1st_krajina:2 (front)
[brigade_assignment] Rehomed rs_27th_derventa_motorized into truthful sector owner sector:vrs_1st_krajina:6 (reserve)
[brigade_assignment] Rehomed rs_2nd_banja_luka_light_infantry into truthful sector owner sector:vrs_1st_krajina:2 (front)
[brigade_assignment] Rehomed arbih_109th_mountain into truthful sector owner sector:arbih_1st_corps:7 (reserve)
[brigade_assignment] Rehomed arbih_181st_mountain into truthful sector owner sector:arbih_1st_corps:7 (reserve)
[brigade_assignment] Rehomed arbih_185th_light into truthful sector owner sector:arbih_1st_corps:0 (reserve)
[brigade_assignment] Rehomed rs_1st_prnjavor_light_infantry into truthful sector owner sector:vrs_1st_krajina:8 (reserve)
[brigade_assignment] Rehomed rs_1st_trebava_infantry into truthful sector owner sector:vrs_1st_krajina:8 (reserve)
[brigade_assignment] Rehomed rs_1st_vujak_light_infantry into truthful sector owner sector:vrs_1st_krajina:8 (reserve)
[brigade_assignment] Rehomed rs_1st_zvornik into truthful sector owner sector:vrs_drina:2 (reserve)
[brigade_assignment] Rehomed rs_27th_derventa_motorized into truthful sector owner sector:vrs_1st_krajina:8 (reserve)
[brigade_assignment] FINAL_SEAL kind=turn turn=95 unresolved=0
[brigade_assignment] Rehomed rs_1st_prnjavor_light_infantry into truthful sector owner sector:vrs_1st_krajina:6 (reserve)
[brigade_assignment] Rehomed rs_1st_trebava_infantry into truthful sector owner sector:vrs_1st_krajina:6 (reserve)
[brigade_assignment] Rehomed rs_1st_vujak_light_infantry into truthful sector owner sector:vrs_1st_krajina:6 (reserve)
[brigade_assignment] Rehomed rs_27th_derventa_motorized into truthful sector owner sector:vrs_1st_krajina:6 (reserve)
[brigade_assignment] Rehomed arbih_101st_mountain into truthful sector owner sector:arbih_1st_corps:7 (front)
[brigade_assignment] Rehomed arbih_109th_mountain into truthful sector owner sector:arbih_1st_corps:7 (reserve)
[brigade_assignment] Rehomed arbih_112th_vitezka_motorized into truthful sector owner sector:arbih_1st_corps:7 (front)
[brigade_assignment] Rehomed arbih_124th_light_king_tvrtko into truthful sector owner sector:arbih_1st_corps:7 (front)
[brigade_assignment] Rehomed arbih_141st_light into truthful sector owner sector:arbih_1st_corps:7 (front)
[brigade_assignment] Rehomed arbih_143rd_light into truthful sector owner sector:arbih_1st_corps:7 (front)
[brigade_assignment] Rehomed arbih_152nd_mountain into truthful sector owner sector:arbih_1st_corps:7 (front)
[brigade_assignment] Rehomed arbih_155th_motorized into truthful sector owner sector:arbih_1st_corps:7 (front)
[brigade_assignment] Rehomed arbih_17th_vitezka_mountain into truthful sector owner sector:arbih_3rd_corps:0 (reserve)
[brigade_assignment] Rehomed arbih_181st_mountain into truthful sector owner sector:arbih_1st_corps:7 (reserve)
[brigade_assignment] Rehomed arbih_185th_light into truthful sector owner sector:arbih_1st_corps:0 (reserve)
[brigade_assignment] Rehomed arbih_2nd_mountain into truthful sector owner sector:arbih_1st_corps:7 (front)
[brigade_assignment] Rehomed arbih_330th_liberation into truthful sector owner sector:arbih_3rd_corps:0 (reserve)
[brigade_assignment] Rehomed arbih_hvo_kralj_tvrtko into truthful sector owner sector:arbih_1st_corps:7 (front)
[brigade_assignment] Rehomed rs_1st_prnjavor_light_infantry into truthful sector owner sector:vrs_1st_krajina:6 (reserve)
[brigade_assignment] Rehomed rs_1st_trebava_infantry into truthful sector owner sector:vrs_1st_krajina:6 (reserve)
[brigade_assignment] Rehomed rs_1st_vujak_light_infantry into truthful sector owner sector:vrs_1st_krajina:6 (reserve)
[brigade_assignment] Rehomed rs_22nd_krajina_infantry into truthful sector owner sector:vrs_1st_krajina:2 (front)
[brigade_assignment] Rehomed rs_27th_derventa_motorized into truthful sector owner sector:vrs_1st_krajina:6 (reserve)
[brigade_assignment] Rehomed rs_2nd_banja_luka_light_infantry into truthful sector owner sector:vrs_1st_krajina:2 (front)
[brigade_assignment] Rehomed arbih_109th_mountain into truthful sector owner sector:arbih_1st_corps:7 (reserve)
[brigade_assignment] Rehomed arbih_17th_vitezka_mountain into truthful sector owner sector:arbih_3rd_corps:0 (reserve)
[brigade_assignment] Rehomed arbih_181st_mountain into truthful sector owner sector:arbih_1st_corps:7 (reserve)
[brigade_assignment] Rehomed arbih_185th_light into truthful sector owner sector:arbih_1st_corps:0 (reserve)
[brigade_assignment] Rehomed arbih_330th_liberation into truthful sector owner sector:arbih_3rd_corps:0 (reserve)
[brigade_assignment] Rehomed rs_1st_prnjavor_light_infantry into truthful sector owner sector:vrs_1st_krajina:8 (reserve)
[brigade_assignment] Rehomed rs_1st_trebava_infantry into truthful sector owner sector:vrs_1st_krajina:8 (reserve)
[brigade_assignment] Rehomed rs_1st_vujak_light_infantry into truthful sector owner sector:vrs_1st_krajina:8 (reserve)
[brigade_assignment] Rehomed rs_27th_derventa_motorized into truthful sector owner sector:vrs_1st_krajina:8 (reserve)
[brigade_assignment] Rehomed rs_1st_prnjavor_light_infantry into truthful sector owner sector:vrs_1st_krajina:6 (reserve)
[brigade_assignment] Rehomed rs_1st_trebava_infantry into truthful sector owner sector:vrs_1st_krajina:6 (reserve)
[brigade_assignment] Rehomed rs_1st_vujak_light_infantry into truthful sector owner sector:vrs_1st_krajina:6 (reserve)
[brigade_assignment] Rehomed rs_27th_derventa_motorized into truthful sector owner sector:vrs_1st_krajina:6 (reserve)
[brigade_assignment] Rehomed arbih_101st_mountain into truthful sector owner sector:arbih_1st_corps:7 (front)
[brigade_assignment] Rehomed arbih_109th_mountain into truthful sector owner sector:arbih_1st_corps:7 (reserve)
[brigade_assignment] Rehomed arbih_112th_vitezka_motorized into truthful sector owner sector:arbih_1st_corps:7 (front)
[brigade_assignment] Rehomed arbih_124th_light_king_tvrtko into truthful sector owner sector:arbih_1st_corps:7 (front)
[brigade_assignment] Rehomed arbih_141st_light into truthful sector owner sector:arbih_1st_corps:7 (front)
[brigade_assignment] Rehomed arbih_143rd_light into truthful sector owner sector:arbih_1st_corps:7 (front)
[brigade_assignment] Rehomed arbih_152nd_mountain into truthful sector owner sector:arbih_1st_corps:7 (front)
[brigade_assignment] Rehomed arbih_155th_motorized into truthful sector owner sector:arbih_1st_corps:7 (front)
[brigade_assignment] Rehomed arbih_181st_mountain into truthful sector owner sector:arbih_1st_corps:7 (reserve)
[brigade_assignment] Rehomed arbih_185th_light into truthful sector owner sector:arbih_1st_corps:0 (reserve)
[brigade_assignment] Rehomed arbih_2nd_mountain into truthful sector owner sector:arbih_1st_corps:7 (front)
[brigade_assignment] Rehomed arbih_330th_liberation into truthful sector owner sector:arbih_3rd_corps:0 (reserve)
[brigade_assignment] Rehomed arbih_hvo_kralj_tvrtko into truthful sector owner sector:arbih_1st_corps:7 (front)
[brigade_assignment] Rehomed rs_1st_prnjavor_light_infantry into truthful sector owner sector:vrs_1st_krajina:6 (reserve)
[brigade_assignment] Rehomed rs_1st_trebava_infantry into truthful sector owner sector:vrs_1st_krajina:6 (reserve)
[brigade_assignment] Rehomed rs_1st_vujak_light_infantry into truthful sector owner sector:vrs_1st_krajina:6 (reserve)
[brigade_assignment] Rehomed rs_22nd_krajina_infantry into truthful sector owner sector:vrs_1st_krajina:2 (front)
[brigade_assignment] Rehomed rs_27th_derventa_motorized into truthful sector owner sector:vrs_1st_krajina:6 (reserve)
[brigade_assignment] Rehomed rs_2nd_banja_luka_light_infantry into truthful sector owner sector:vrs_1st_krajina:2 (front)
[brigade_assignment] Rehomed arbih_109th_mountain into truthful sector owner sector:arbih_1st_corps:7 (reserve)
[brigade_assignment] Rehomed arbih_181st_mountain into truthful sector owner sector:arbih_1st_corps:7 (reserve)
[brigade_assignment] Rehomed arbih_185th_light into truthful sector owner sector:arbih_1st_corps:0 (reserve)
[brigade_assignment] Rehomed arbih_330th_liberation into truthful sector owner sector:arbih_3rd_corps:0 (reserve)
[brigade_assignment] Rehomed rs_1st_prnjavor_light_infantry into truthful sector owner sector:vrs_1st_krajina:8 (reserve)
[brigade_assignment] Rehomed rs_1st_trebava_infantry into truthful sector owner sector:vrs_1st_krajina:8 (reserve)
[brigade_assignment] Rehomed rs_1st_vujak_light_infantry into truthful sector owner sector:vrs_1st_krajina:8 (reserve)
[brigade_assignment] Rehomed rs_27th_derventa_motorized into truthful sector owner sector:vrs_1st_krajina:8 (reserve)
[brigade_assignment] Rehomed rs_1st_prnjavor_light_infantry into truthful sector owner sector:vrs_1st_krajina:6 (reserve)
[brigade_assignment] Rehomed rs_1st_trebava_infantry into truthful sector owner sector:vrs_1st_krajina:6 (reserve)
[brigade_assignment] Rehomed rs_1st_vujak_light_infantry into truthful sector owner sector:vrs_1st_krajina:6 (reserve)
[brigade_assignment] Rehomed rs_27th_derventa_motorized into truthful sector owner sector:vrs_1st_krajina:6 (reserve)
[brigade_assignment] Rehomed arbih_101st_mountain into truthful sector owner sector:arbih_1st_corps:7 (front)
[brigade_assignment] Rehomed arbih_109th_mountain into truthful sector owner sector:arbih_1st_corps:7 (reserve)
[brigade_assignment] Rehomed arbih_112th_vitezka_motorized into truthful sector owner sector:arbih_1st_corps:7 (front)
[brigade_assignment] Rehomed arbih_124th_light_king_tvrtko into truthful sector owner sector:arbih_1st_corps:7 (front)
[brigade_assignment] Rehomed arbih_141st_light into truthful sector owner sector:arbih_1st_corps:7 (front)
[brigade_assignment] Rehomed arbih_143rd_light into truthful sector owner sector:arbih_1st_corps:7 (front)
[brigade_assignment] Rehomed arbih_152nd_mountain into truthful sector owner sector:arbih_1st_corps:7 (front)
[brigade_assignment] Rehomed arbih_155th_motorized into truthful sector owner sector:arbih_1st_corps:7 (front)
[brigade_assignment] Rehomed arbih_181st_mountain into truthful sector owner sector:arbih_1st_corps:7 (reserve)
[brigade_assignment] Rehomed arbih_185th_light into truthful sector owner sector:arbih_1st_corps:0 (reserve)
[brigade_assignment] Rehomed arbih_2nd_mountain into truthful sector owner sector:arbih_1st_corps:7 (front)
[brigade_assignment] Rehomed arbih_330th_liberation into truthful sector owner sector:arbih_3rd_corps:0 (reserve)
[brigade_assignment] Rehomed arbih_hvo_kralj_tvrtko into truthful sector owner sector:arbih_1st_corps:7 (front)
[brigade_assignment] Rehomed rs_1st_prnjavor_light_infantry into truthful sector owner sector:vrs_1st_krajina:6 (reserve)
[brigade_assignment] Rehomed rs_1st_trebava_infantry into truthful sector owner sector:vrs_1st_krajina:6 (reserve)
[brigade_assignment] Rehomed rs_1st_vujak_light_infantry into truthful sector owner sector:vrs_1st_krajina:6 (reserve)
[brigade_assignment] Rehomed rs_22nd_krajina_infantry into truthful sector owner sector:vrs_1st_krajina:2 (front)
[brigade_assignment] Rehomed rs_27th_derventa_motorized into truthful sector owner sector:vrs_1st_krajina:6 (reserve)
[brigade_assignment] Rehomed rs_2nd_banja_luka_light_infantry into truthful sector owner sector:vrs_1st_krajina:2 (front)
[brigade_assignment] Rehomed arbih_109th_mountain into truthful sector owner sector:arbih_1st_corps:7 (reserve)
[brigade_assignment] Rehomed arbih_181st_mountain into truthful sector owner sector:arbih_1st_corps:7 (reserve)
[brigade_assignment] Rehomed arbih_185th_light into truthful sector owner sector:arbih_1st_corps:0 (reserve)
[brigade_assignment] Rehomed arbih_330th_liberation into truthful sector owner sector:arbih_3rd_corps:0 (reserve)
[brigade_assignment] Rehomed rs_1st_prnjavor_light_infantry into truthful sector owner sector:vrs_1st_krajina:8 (reserve)
[brigade_assignment] Rehomed rs_1st_trebava_infantry into truthful sector owner sector:vrs_1st_krajina:8 (reserve)
[brigade_assignment] Rehomed rs_1st_vujak_light_infantry into truthful sector owner sector:vrs_1st_krajina:8 (reserve)
[brigade_assignment] Rehomed rs_27th_derventa_motorized into truthful sector owner sector:vrs_1st_krajina:8 (reserve)
[brigade_assignment] FINAL_SEAL kind=turn turn=96 unresolved=0
[brigade_assignment] Rehomed rs_1st_prnjavor_light_infantry into truthful sector owner sector:vrs_1st_krajina:6 (reserve)
[brigade_assignment] Rehomed rs_1st_trebava_infantry into truthful sector owner sector:vrs_1st_krajina:6 (reserve)
[brigade_assignment] Rehomed rs_1st_vujak_light_infantry into truthful sector owner sector:vrs_1st_krajina:6 (reserve)
[brigade_assignment] Rehomed rs_27th_derventa_motorized into truthful sector owner sector:vrs_1st_krajina:6 (reserve)
[brigade_assignment] Rehomed arbih_101st_mountain into truthful sector owner sector:arbih_1st_corps:7 (front)
[brigade_assignment] Rehomed arbih_109th_mountain into truthful sector owner sector:arbih_1st_corps:7 (reserve)
[brigade_assignment] Rehomed arbih_112th_vitezka_motorized into truthful sector owner sector:arbih_1st_corps:7 (front)
[brigade_assignment] Rehomed arbih_124th_light_king_tvrtko into truthful sector owner sector:arbih_1st_corps:7 (front)
[brigade_assignment] Rehomed arbih_141st_light into truthful sector owner sector:arbih_1st_corps:7 (front)
[brigade_assignment] Rehomed arbih_143rd_light into truthful sector owner sector:arbih_1st_corps:7 (front)
[brigade_assignment] Rehomed arbih_152nd_mountain into truthful sector owner sector:arbih_1st_corps:7 (front)
[brigade_assignment] Rehomed arbih_155th_motorized into truthful sector owner sector:arbih_1st_corps:7 (front)
[brigade_assignment] Rehomed arbih_181st_mountain into truthful sector owner sector:arbih_1st_corps:7 (reserve)
[brigade_assignment] Rehomed arbih_185th_light into truthful sector owner sector:arbih_1st_corps:0 (reserve)
[brigade_assignment] Rehomed arbih_2nd_mountain into truthful sector owner sector:arbih_1st_corps:7 (front)
[brigade_assignment] Rehomed arbih_330th_liberation into truthful sector owner sector:arbih_3rd_corps:0 (reserve)
[brigade_assignment] Rehomed arbih_hvo_kralj_tvrtko into truthful sector owner sector:arbih_1st_corps:7 (front)
[brigade_assignment] Rehomed rs_1st_prnjavor_light_infantry into truthful sector owner sector:vrs_1st_krajina:6 (reserve)
[brigade_assignment] Rehomed rs_1st_trebava_infantry into truthful sector owner sector:vrs_1st_krajina:6 (reserve)
[brigade_assignment] Rehomed rs_1st_vujak_light_infantry into truthful sector owner sector:vrs_1st_krajina:6 (reserve)
[brigade_assignment] Rehomed rs_22nd_krajina_infantry into truthful sector owner sector:vrs_1st_krajina:2 (front)
[brigade_assignment] Rehomed rs_27th_derventa_motorized into truthful sector owner sector:vrs_1st_krajina:6 (reserve)
[brigade_assignment] Rehomed rs_2nd_banja_luka_light_infantry into truthful sector owner sector:vrs_1st_krajina:2 (front)
[brigade_assignment] Rehomed arbih_109th_mountain into truthful sector owner sector:arbih_1st_corps:7 (reserve)
[brigade_assignment] Rehomed arbih_181st_mountain into truthful sector owner sector:arbih_1st_corps:7 (reserve)
[brigade_assignment] Rehomed arbih_185th_light into truthful sector owner sector:arbih_1st_corps:0 (reserve)
[brigade_assignment] Rehomed arbih_330th_liberation into truthful sector owner sector:arbih_3rd_corps:0 (reserve)
[brigade_assignment] Rehomed rs_1st_prnjavor_light_infantry into truthful sector owner sector:vrs_1st_krajina:8 (reserve)
[brigade_assignment] Rehomed rs_1st_trebava_infantry into truthful sector owner sector:vrs_1st_krajina:8 (reserve)
[brigade_assignment] Rehomed rs_1st_vujak_light_infantry into truthful sector owner sector:vrs_1st_krajina:8 (reserve)
[brigade_assignment] Rehomed rs_27th_derventa_motorized into truthful sector owner sector:vrs_1st_krajina:8 (reserve)
[brigade_assignment] Rehomed rs_1st_prnjavor_light_infantry into truthful sector owner sector:vrs_1st_krajina:6 (reserve)
[brigade_assignment] Rehomed rs_1st_trebava_infantry into truthful sector owner sector:vrs_1st_krajina:6 (reserve)
[brigade_assignment] Rehomed rs_1st_vujak_light_infantry into truthful sector owner sector:vrs_1st_krajina:6 (reserve)
[brigade_assignment] Rehomed rs_27th_derventa_motorized into truthful sector owner sector:vrs_1st_krajina:6 (reserve)
[brigade_assignment] Rehomed arbih_101st_mountain into truthful sector owner sector:arbih_1st_corps:7 (front)
[brigade_assignment] Rehomed arbih_109th_mountain into truthful sector owner sector:arbih_1st_corps:7 (reserve)
[brigade_assignment] Rehomed arbih_112th_vitezka_motorized into truthful sector owner sector:arbih_1st_corps:7 (front)
[brigade_assignment] Rehomed arbih_124th_light_king_tvrtko into truthful sector owner sector:arbih_1st_corps:7 (front)
[brigade_assignment] Rehomed arbih_141st_light into truthful sector owner sector:arbih_1st_corps:7 (front)
[brigade_assignment] Rehomed arbih_143rd_light into truthful sector owner sector:arbih_1st_corps:7 (front)
[brigade_assignment] Rehomed arbih_152nd_mountain into truthful sector owner sector:arbih_1st_corps:7 (front)
[brigade_assignment] Rehomed arbih_155th_motorized into truthful sector owner sector:arbih_1st_corps:7 (front)
[brigade_assignment] Rehomed arbih_181st_mountain into truthful sector owner sector:arbih_1st_corps:7 (reserve)
[brigade_assignment] Rehomed arbih_185th_light into truthful sector owner sector:arbih_1st_corps:0 (reserve)
[brigade_assignment] Rehomed arbih_2nd_mountain into truthful sector owner sector:arbih_1st_corps:7 (front)
[brigade_assignment] Rehomed arbih_330th_liberation into truthful sector owner sector:arbih_3rd_corps:0 (reserve)
[brigade_assignment] Rehomed arbih_hvo_kralj_tvrtko into truthful sector owner sector:arbih_1st_corps:7 (front)
[brigade_assignment] Rehomed rs_1st_prnjavor_light_infantry into truthful sector owner sector:vrs_1st_krajina:6 (reserve)
[brigade_assignment] Rehomed rs_1st_trebava_infantry into truthful sector owner sector:vrs_1st_krajina:6 (reserve)
[brigade_assignment] Rehomed rs_1st_vujak_light_infantry into truthful sector owner sector:vrs_1st_krajina:6 (reserve)
[brigade_assignment] Rehomed rs_22nd_krajina_infantry into truthful sector owner sector:vrs_1st_krajina:2 (front)
[brigade_assignment] Rehomed rs_27th_derventa_motorized into truthful sector owner sector:vrs_1st_krajina:6 (reserve)
[brigade_assignment] Rehomed rs_2nd_banja_luka_light_infantry into truthful sector owner sector:vrs_1st_krajina:2 (front)
[brigade_assignment] Rehomed arbih_109th_mountain into truthful sector owner sector:arbih_1st_corps:7 (reserve)
[brigade_assignment] Rehomed arbih_181st_mountain into truthful sector owner sector:arbih_1st_corps:7 (reserve)
[brigade_assignment] Rehomed arbih_185th_light into truthful sector owner sector:arbih_1st_corps:0 (reserve)
[brigade_assignment] Rehomed arbih_330th_liberation into truthful sector owner sector:arbih_3rd_corps:0 (reserve)
[brigade_assignment] Rehomed rs_1st_prnjavor_light_infantry into truthful sector owner sector:vrs_1st_krajina:8 (reserve)
[brigade_assignment] Rehomed rs_1st_trebava_infantry into truthful sector owner sector:vrs_1st_krajina:8 (reserve)
[brigade_assignment] Rehomed rs_1st_vujak_light_infantry into truthful sector owner sector:vrs_1st_krajina:8 (reserve)
[brigade_assignment] Rehomed rs_27th_derventa_motorized into truthful sector owner sector:vrs_1st_krajina:8 (reserve)
[brigade_assignment] FINAL_SEAL kind=turn turn=97 unresolved=0
[brigade_assignment] Rehomed rs_1st_prnjavor_light_infantry into truthful sector owner sector:vrs_1st_krajina:6 (reserve)
[brigade_assignment] Rehomed rs_1st_trebava_infantry into truthful sector owner sector:vrs_1st_krajina:6 (reserve)
[brigade_assignment] Rehomed rs_1st_vujak_light_infantry into truthful sector owner sector:vrs_1st_krajina:6 (reserve)
[brigade_assignment] Rehomed rs_27th_derventa_motorized into truthful sector owner sector:vrs_1st_krajina:6 (reserve)
[brigade_assignment] Rehomed arbih_101st_mountain into truthful sector owner sector:arbih_1st_corps:7 (front)
[brigade_assignment] Rehomed arbih_109th_mountain into truthful sector owner sector:arbih_1st_corps:7 (reserve)
[brigade_assignment] Rehomed arbih_112th_vitezka_motorized into truthful sector owner sector:arbih_1st_corps:7 (front)
[brigade_assignment] Rehomed arbih_124th_light_king_tvrtko into truthful sector owner sector:arbih_1st_corps:7 (front)
[brigade_assignment] Rehomed arbih_141st_light into truthful sector owner sector:arbih_1st_corps:7 (front)
[brigade_assignment] Rehomed arbih_143rd_light into truthful sector owner sector:arbih_1st_corps:7 (front)
[brigade_assignment] Rehomed arbih_152nd_mountain into truthful sector owner sector:arbih_1st_corps:7 (front)
[brigade_assignment] Rehomed arbih_155th_motorized into truthful sector owner sector:arbih_1st_corps:7 (front)
[brigade_assignment] Rehomed arbih_181st_mountain into truthful sector owner sector:arbih_1st_corps:7 (reserve)
[brigade_assignment] Rehomed arbih_185th_light into truthful sector owner sector:arbih_1st_corps:0 (reserve)
[brigade_assignment] Rehomed arbih_2nd_mountain into truthful sector owner sector:arbih_1st_corps:7 (front)
[brigade_assignment] Rehomed arbih_330th_liberation into truthful sector owner sector:arbih_3rd_corps:0 (reserve)
[brigade_assignment] Rehomed arbih_hvo_kralj_tvrtko into truthful sector owner sector:arbih_1st_corps:7 (front)
[brigade_assignment] Rehomed rs_1st_prnjavor_light_infantry into truthful sector owner sector:vrs_1st_krajina:6 (reserve)
[brigade_assignment] Rehomed rs_1st_trebava_infantry into truthful sector owner sector:vrs_1st_krajina:6 (reserve)
[brigade_assignment] Rehomed rs_1st_vujak_light_infantry into truthful sector owner sector:vrs_1st_krajina:6 (reserve)
[brigade_assignment] Rehomed rs_22nd_krajina_infantry into truthful sector owner sector:vrs_1st_krajina:3 (front)
[brigade_assignment] Rehomed rs_27th_derventa_motorized into truthful sector owner sector:vrs_1st_krajina:6 (reserve)
[brigade_assignment] Rehomed rs_2nd_banja_luka_light_infantry into truthful sector owner sector:vrs_1st_krajina:3 (front)
[brigade_assignment] Rehomed arbih_109th_mountain into truthful sector owner sector:arbih_1st_corps:7 (reserve)
[brigade_assignment] Rehomed arbih_181st_mountain into truthful sector owner sector:arbih_1st_corps:7 (reserve)
[brigade_assignment] Rehomed arbih_185th_light into truthful sector owner sector:arbih_1st_corps:0 (reserve)
[brigade_assignment] Rehomed arbih_330th_liberation into truthful sector owner sector:arbih_3rd_corps:0 (reserve)
[brigade_assignment] Rehomed rs_1st_prnjavor_light_infantry into truthful sector owner sector:vrs_1st_krajina:8 (reserve)
[brigade_assignment] Rehomed rs_1st_trebava_infantry into truthful sector owner sector:vrs_1st_krajina:8 (reserve)
[brigade_assignment] Rehomed rs_1st_vujak_light_infantry into truthful sector owner sector:vrs_1st_krajina:8 (reserve)
[brigade_assignment] Rehomed rs_27th_derventa_motorized into truthful sector owner sector:vrs_1st_krajina:8 (reserve)
[brigade_assignment] Rehomed rs_1st_prnjavor_light_infantry into truthful sector owner sector:vrs_1st_krajina:6 (reserve)
[brigade_assignment] Rehomed rs_1st_trebava_infantry into truthful sector owner sector:vrs_1st_krajina:6 (reserve)
[brigade_assignment] Rehomed rs_1st_vujak_light_infantry into truthful sector owner sector:vrs_1st_krajina:6 (reserve)
[brigade_assignment] Rehomed rs_27th_derventa_motorized into truthful sector owner sector:vrs_1st_krajina:6 (reserve)
[brigade_assignment] Rehomed arbih_109th_mountain into truthful sector owner sector:arbih_1st_corps:3 (reserve)
[brigade_assignment] Rehomed arbih_181st_mountain into truthful sector owner sector:arbih_1st_corps:3 (reserve)
[brigade_assignment] Rehomed arbih_185th_light into truthful sector owner sector:arbih_1st_corps:0 (reserve)
[brigade_assignment] Rehomed F_HRHB_0002 into truthful sector owner sector:hvo_tomislavgrad:0 (reserve)
[brigade_assignment] Rehomed hrhb_1st_brigade_mostar into truthful sector owner sector:hvo_southeast_herzegovina:0 (front)
[brigade_assignment] Rehomed hrhb_2nd_brigade_mostar into truthful sector owner sector:hvo_southeast_herzegovina:0 (front)
[brigade_assignment] Rehomed rs_1st_prnjavor_light_infantry into truthful sector owner sector:vrs_1st_krajina:6 (reserve)
[brigade_assignment] Rehomed rs_1st_trebava_infantry into truthful sector owner sector:vrs_1st_krajina:6 (reserve)
[brigade_assignment] Rehomed rs_1st_vujak_light_infantry into truthful sector owner sector:vrs_1st_krajina:6 (reserve)
[brigade_assignment] Rehomed rs_22nd_krajina_infantry into truthful sector owner sector:vrs_1st_krajina:3 (front)
[brigade_assignment] Rehomed rs_27th_derventa_motorized into truthful sector owner sector:vrs_1st_krajina:6 (reserve)
[brigade_assignment] Rehomed rs_2nd_banja_luka_light_infantry into truthful sector owner sector:vrs_1st_krajina:3 (front)
[brigade_assignment] Rehomed arbih_109th_mountain into truthful sector owner sector:arbih_1st_corps:3 (reserve)
[brigade_assignment] Rehomed arbih_181st_mountain into truthful sector owner sector:arbih_1st_corps:3 (reserve)
[brigade_assignment] Rehomed arbih_185th_light into truthful sector owner sector:arbih_1st_corps:0 (reserve)
[brigade_assignment] Rehomed F_HRHB_0002 into truthful sector owner sector:hvo_tomislavgrad:0 (reserve)
[brigade_assignment] Rehomed rs_1st_prnjavor_light_infantry into truthful sector owner sector:vrs_1st_krajina:8 (reserve)
[brigade_assignment] Rehomed rs_1st_trebava_infantry into truthful sector owner sector:vrs_1st_krajina:8 (reserve)
[brigade_assignment] Rehomed rs_1st_vujak_light_infantry into truthful sector owner sector:vrs_1st_krajina:8 (reserve)
[brigade_assignment] Rehomed rs_27th_derventa_motorized into truthful sector owner sector:vrs_1st_krajina:8 (reserve)
[brigade_assignment] FINAL_SEAL kind=turn turn=98 unresolved=0
[brigade_assignment] Rehomed rs_1st_bratunac into truthful sector owner sector:vrs_drina:1 (reserve)
[brigade_assignment] Rehomed rs_1st_prnjavor_light_infantry into truthful sector owner sector:vrs_1st_krajina:6 (reserve)
[brigade_assignment] Rehomed rs_1st_trebava_infantry into truthful sector owner sector:vrs_1st_krajina:6 (reserve)
[brigade_assignment] Rehomed rs_1st_vujak_light_infantry into truthful sector owner sector:vrs_1st_krajina:6 (reserve)
[brigade_assignment] Rehomed rs_27th_derventa_motorized into truthful sector owner sector:vrs_1st_krajina:6 (reserve)
[brigade_assignment] Rehomed arbih_109th_mountain into truthful sector owner sector:arbih_1st_corps:3 (reserve)
[brigade_assignment] Rehomed arbih_181st_mountain into truthful sector owner sector:arbih_1st_corps:3 (reserve)
[brigade_assignment] Rehomed arbih_185th_light into truthful sector owner sector:arbih_1st_corps:0 (reserve)
[brigade_assignment] Rehomed F_HRHB_0002 into truthful sector owner sector:hvo_tomislavgrad:0 (reserve)
[brigade_assignment] Rehomed hrhb_1st_brigade_mostar into truthful sector owner sector:hvo_southeast_herzegovina:0 (front)
[brigade_assignment] Rehomed hrhb_2nd_brigade_mostar into truthful sector owner sector:hvo_southeast_herzegovina:0 (front)
[brigade_assignment] Rehomed rs_1st_bratunac into truthful sector owner sector:vrs_drina:1 (reserve)
[brigade_assignment] Rehomed rs_1st_prnjavor_light_infantry into truthful sector owner sector:vrs_1st_krajina:6 (reserve)
[brigade_assignment] Rehomed rs_1st_trebava_infantry into truthful sector owner sector:vrs_1st_krajina:6 (reserve)
[brigade_assignment] Rehomed rs_1st_vujak_light_infantry into truthful sector owner sector:vrs_1st_krajina:6 (reserve)
[brigade_assignment] Rehomed rs_22nd_krajina_infantry into truthful sector owner sector:vrs_1st_krajina:3 (front)
[brigade_assignment] Rehomed rs_27th_derventa_motorized into truthful sector owner sector:vrs_1st_krajina:6 (reserve)
[brigade_assignment] Rehomed rs_2nd_banja_luka_light_infantry into truthful sector owner sector:vrs_1st_krajina:3 (front)
[brigade_assignment] Rehomed arbih_109th_mountain into truthful sector owner sector:arbih_1st_corps:3 (reserve)
[brigade_assignment] Rehomed arbih_181st_mountain into truthful sector owner sector:arbih_1st_corps:3 (reserve)
[brigade_assignment] Rehomed arbih_185th_light into truthful sector owner sector:arbih_1st_corps:0 (reserve)
[brigade_assignment] Rehomed F_HRHB_0002 into truthful sector owner sector:hvo_tomislavgrad:0 (reserve)
[brigade_assignment] Rehomed rs_1st_bratunac into truthful sector owner sector:vrs_drina:2 (reserve)
[brigade_assignment] Rehomed rs_1st_prnjavor_light_infantry into truthful sector owner sector:vrs_1st_krajina:8 (reserve)
[brigade_assignment] Rehomed rs_1st_trebava_infantry into truthful sector owner sector:vrs_1st_krajina:8 (reserve)
[brigade_assignment] Rehomed rs_1st_vujak_light_infantry into truthful sector owner sector:vrs_1st_krajina:8 (reserve)
[brigade_assignment] Rehomed rs_27th_derventa_motorized into truthful sector owner sector:vrs_1st_krajina:8 (reserve)
[brigade_assignment] Rehomed rs_1st_prnjavor_light_infantry into truthful sector owner sector:vrs_1st_krajina:6 (reserve)
[brigade_assignment] Rehomed rs_1st_trebava_infantry into truthful sector owner sector:vrs_1st_krajina:6 (reserve)
[brigade_assignment] Rehomed rs_1st_vujak_light_infantry into truthful sector owner sector:vrs_1st_krajina:6 (reserve)
[brigade_assignment] Rehomed rs_27th_derventa_motorized into truthful sector owner sector:vrs_1st_krajina:6 (reserve)
[brigade_assignment] Rehomed arbih_109th_mountain into truthful sector owner sector:arbih_1st_corps:3 (reserve)
[brigade_assignment] Rehomed arbih_181st_mountain into truthful sector owner sector:arbih_1st_corps:3 (reserve)
[brigade_assignment] Rehomed arbih_185th_light into truthful sector owner sector:arbih_1st_corps:0 (reserve)
[brigade_assignment] Rehomed F_HRHB_0002 into truthful sector owner sector:hvo_tomislavgrad:0 (reserve)
[brigade_assignment] Rehomed hrhb_1st_brigade_mostar into truthful sector owner sector:hvo_southeast_herzegovina:0 (front)
[brigade_assignment] Rehomed hrhb_2nd_brigade_mostar into truthful sector owner sector:hvo_southeast_herzegovina:0 (front)
[brigade_assignment] Rehomed rs_1st_prnjavor_light_infantry into truthful sector owner sector:vrs_1st_krajina:6 (reserve)
[brigade_assignment] Rehomed rs_1st_trebava_infantry into truthful sector owner sector:vrs_1st_krajina:6 (reserve)
[brigade_assignment] Rehomed rs_1st_vujak_light_infantry into truthful sector owner sector:vrs_1st_krajina:6 (reserve)
[brigade_assignment] Rehomed rs_22nd_krajina_infantry into truthful sector owner sector:vrs_1st_krajina:3 (front)
[brigade_assignment] Rehomed rs_27th_derventa_motorized into truthful sector owner sector:vrs_1st_krajina:6 (reserve)
[brigade_assignment] Rehomed rs_2nd_banja_luka_light_infantry into truthful sector owner sector:vrs_1st_krajina:3 (front)
[brigade_assignment] Rehomed arbih_109th_mountain into truthful sector owner sector:arbih_1st_corps:3 (reserve)
[brigade_assignment] Rehomed arbih_181st_mountain into truthful sector owner sector:arbih_1st_corps:3 (reserve)
[brigade_assignment] Rehomed arbih_185th_light into truthful sector owner sector:arbih_1st_corps:0 (reserve)
[brigade_assignment] Rehomed F_HRHB_0002 into truthful sector owner sector:hvo_tomislavgrad:0 (reserve)
[brigade_assignment] Rehomed rs_1st_prnjavor_light_infantry into truthful sector owner sector:vrs_1st_krajina:8 (reserve)
[brigade_assignment] Rehomed rs_1st_trebava_infantry into truthful sector owner sector:vrs_1st_krajina:8 (reserve)
[brigade_assignment] Rehomed rs_1st_vujak_light_infantry into truthful sector owner sector:vrs_1st_krajina:8 (reserve)
[brigade_assignment] Rehomed rs_27th_derventa_motorized into truthful sector owner sector:vrs_1st_krajina:8 (reserve)
[brigade_assignment] FINAL_SEAL kind=turn turn=99 unresolved=0
[brigade_assignment] Rehomed rs_1st_bratunac into truthful sector owner sector:vrs_drina:1 (reserve)
[brigade_assignment] Rehomed rs_1st_prnjavor_light_infantry into truthful sector owner sector:vrs_1st_krajina:6 (reserve)
[brigade_assignment] Rehomed rs_1st_trebava_infantry into truthful sector owner sector:vrs_1st_krajina:6 (reserve)
[brigade_assignment] Rehomed rs_1st_vujak_light_infantry into truthful sector owner sector:vrs_1st_krajina:6 (reserve)
[brigade_assignment] Rehomed rs_27th_derventa_motorized into truthful sector owner sector:vrs_1st_krajina:6 (reserve)
[brigade_assignment] Rehomed arbih_109th_mountain into truthful sector owner sector:arbih_1st_corps:3 (reserve)
[brigade_assignment] Rehomed arbih_181st_mountain into truthful sector owner sector:arbih_1st_corps:3 (reserve)
[brigade_assignment] Rehomed arbih_185th_light into truthful sector owner sector:arbih_1st_corps:0 (reserve)
[brigade_assignment] Rehomed F_HRHB_0002 into truthful sector owner sector:hvo_tomislavgrad:0 (reserve)
[brigade_assignment] Rehomed hrhb_1st_brigade_mostar into truthful sector owner sector:hvo_southeast_herzegovina:0 (front)
[brigade_assignment] Rehomed hrhb_2nd_brigade_mostar into truthful sector owner sector:hvo_southeast_herzegovina:0 (front)
[brigade_assignment] Rehomed rs_1st_bratunac into truthful sector owner sector:vrs_drina:1 (reserve)
[brigade_assignment] Rehomed rs_1st_prnjavor_light_infantry into truthful sector owner sector:vrs_1st_krajina:6 (reserve)
[brigade_assignment] Rehomed rs_1st_trebava_infantry into truthful sector owner sector:vrs_1st_krajina:6 (reserve)
[brigade_assignment] Rehomed rs_1st_vujak_light_infantry into truthful sector owner sector:vrs_1st_krajina:6 (reserve)
[brigade_assignment] Rehomed rs_22nd_krajina_infantry into truthful sector owner sector:vrs_1st_krajina:2 (front)
[brigade_assignment] Rehomed rs_27th_derventa_motorized into truthful sector owner sector:vrs_1st_krajina:6 (reserve)
[brigade_assignment] Rehomed rs_2nd_banja_luka_light_infantry into truthful sector owner sector:vrs_1st_krajina:2 (front)
[brigade_assignment] Rehomed arbih_109th_mountain into truthful sector owner sector:arbih_1st_corps:3 (reserve)
[brigade_assignment] Rehomed arbih_181st_mountain into truthful sector owner sector:arbih_1st_corps:3 (reserve)
[brigade_assignment] Rehomed arbih_185th_light into truthful sector owner sector:arbih_1st_corps:0 (reserve)
[brigade_assignment] Rehomed F_HRHB_0002 into truthful sector owner sector:hvo_tomislavgrad:0 (reserve)
[brigade_assignment] Rehomed rs_1st_bratunac into truthful sector owner sector:vrs_drina:2 (reserve)
[brigade_assignment] Rehomed rs_1st_prnjavor_light_infantry into truthful sector owner sector:vrs_1st_krajina:8 (reserve)
[brigade_assignment] Rehomed rs_1st_trebava_infantry into truthful sector owner sector:vrs_1st_krajina:8 (reserve)
[brigade_assignment] Rehomed rs_1st_vujak_light_infantry into truthful sector owner sector:vrs_1st_krajina:8 (reserve)
[brigade_assignment] Rehomed rs_27th_derventa_motorized into truthful sector owner sector:vrs_1st_krajina:8 (reserve)
[brigade_assignment] Rehomed rs_1st_prnjavor_light_infantry into truthful sector owner sector:vrs_1st_krajina:6 (reserve)
[brigade_assignment] Rehomed rs_1st_trebava_infantry into truthful sector owner sector:vrs_1st_krajina:6 (reserve)
[brigade_assignment] Rehomed rs_1st_vujak_light_infantry into truthful sector owner sector:vrs_1st_krajina:6 (reserve)
[brigade_assignment] Rehomed rs_27th_derventa_motorized into truthful sector owner sector:vrs_1st_krajina:6 (reserve)
[brigade_assignment] Rehomed arbih_109th_mountain into truthful sector owner sector:arbih_1st_corps:3 (reserve)
[brigade_assignment] Rehomed arbih_181st_mountain into truthful sector owner sector:arbih_1st_corps:3 (reserve)
[brigade_assignment] Rehomed arbih_185th_light into truthful sector owner sector:arbih_1st_corps:0 (reserve)
[brigade_assignment] Rehomed F_HRHB_0002 into truthful sector owner sector:hvo_tomislavgrad:0 (reserve)
[brigade_assignment] Rehomed hrhb_1st_brigade_mostar into truthful sector owner sector:hvo_southeast_herzegovina:0 (front)
[brigade_assignment] Rehomed hrhb_2nd_brigade_mostar into truthful sector owner sector:hvo_southeast_herzegovina:0 (front)
[brigade_assignment] Rehomed rs_1st_prnjavor_light_infantry into truthful sector owner sector:vrs_1st_krajina:6 (reserve)
[brigade_assignment] Rehomed rs_1st_trebava_infantry into truthful sector owner sector:vrs_1st_krajina:6 (reserve)
[brigade_assignment] Rehomed rs_1st_vujak_light_infantry into truthful sector owner sector:vrs_1st_krajina:6 (reserve)
[brigade_assignment] Rehomed rs_22nd_krajina_infantry into truthful sector owner sector:vrs_1st_krajina:2 (front)
[brigade_assignment] Rehomed rs_27th_derventa_motorized into truthful sector owner sector:vrs_1st_krajina:6 (reserve)
[brigade_assignment] Rehomed rs_2nd_banja_luka_light_infantry into truthful sector owner sector:vrs_1st_krajina:2 (front)
[brigade_assignment] Rehomed arbih_109th_mountain into truthful sector owner sector:arbih_1st_corps:3 (reserve)
[brigade_assignment] Rehomed arbih_181st_mountain into truthful sector owner sector:arbih_1st_corps:3 (reserve)
[brigade_assignment] Rehomed arbih_185th_light into truthful sector owner sector:arbih_1st_corps:0 (reserve)
[brigade_assignment] Rehomed F_HRHB_0002 into truthful sector owner sector:hvo_tomislavgrad:0 (reserve)
[brigade_assignment] Rehomed rs_1st_prnjavor_light_infantry into truthful sector owner sector:vrs_1st_krajina:8 (reserve)
[brigade_assignment] Rehomed rs_1st_trebava_infantry into truthful sector owner sector:vrs_1st_krajina:8 (reserve)
[brigade_assignment] Rehomed rs_1st_vujak_light_infantry into truthful sector owner sector:vrs_1st_krajina:8 (reserve)
[brigade_assignment] Rehomed rs_27th_derventa_motorized into truthful sector owner sector:vrs_1st_krajina:8 (reserve)
[brigade_assignment] FINAL_SEAL kind=turn turn=100 unresolved=0
[brigade_assignment] Rehomed rs_1st_prnjavor_light_infantry into truthful sector owner sector:vrs_1st_krajina:6 (reserve)
[brigade_assignment] Rehomed rs_1st_trebava_infantry into truthful sector owner sector:vrs_1st_krajina:6 (reserve)
[brigade_assignment] Rehomed rs_1st_vujak_light_infantry into truthful sector owner sector:vrs_1st_krajina:6 (reserve)
[brigade_assignment] Rehomed rs_1st_zvornik into truthful sector owner sector:vrs_drina:1 (reserve)
[brigade_assignment] Rehomed rs_27th_derventa_motorized into truthful sector owner sector:vrs_1st_krajina:6 (reserve)
[brigade_assignment] Rehomed arbih_109th_mountain into truthful sector owner sector:arbih_1st_corps:3 (reserve)
[brigade_assignment] Rehomed arbih_181st_mountain into truthful sector owner sector:arbih_1st_corps:3 (reserve)
[brigade_assignment] Rehomed arbih_185th_light into truthful sector owner sector:arbih_1st_corps:0 (reserve)
[brigade_assignment] Rehomed F_HRHB_0002 into truthful sector owner sector:hvo_tomislavgrad:0 (reserve)
[brigade_assignment] Rehomed hrhb_1st_herzegovina_brigade_knez_domagoj into truthful sector owner sector:hvo_southeast_herzegovina:0 (front)
[brigade_assignment] Rehomed hrhb_2nd_brigade_mostar into truthful sector owner sector:hvo_southeast_herzegovina:0 (front)
[brigade_assignment] Rehomed rs_1st_prnjavor_light_infantry into truthful sector owner sector:vrs_1st_krajina:6 (reserve)
[brigade_assignment] Rehomed rs_1st_trebava_infantry into truthful sector owner sector:vrs_1st_krajina:6 (reserve)
[brigade_assignment] Rehomed rs_1st_vujak_light_infantry into truthful sector owner sector:vrs_1st_krajina:6 (reserve)
[brigade_assignment] Rehomed rs_1st_zvornik into truthful sector owner sector:vrs_drina:1 (reserve)
[brigade_assignment] Rehomed rs_22nd_krajina_infantry into truthful sector owner sector:vrs_1st_krajina:2 (front)
[brigade_assignment] Rehomed rs_27th_derventa_motorized into truthful sector owner sector:vrs_1st_krajina:6 (reserve)
[brigade_assignment] Rehomed rs_2nd_banja_luka_light_infantry into truthful sector owner sector:vrs_1st_krajina:2 (front)
[brigade_assignment] Rehomed arbih_109th_mountain into truthful sector owner sector:arbih_1st_corps:3 (reserve)
[brigade_assignment] Rehomed arbih_181st_mountain into truthful sector owner sector:arbih_1st_corps:3 (reserve)
[brigade_assignment] Rehomed arbih_185th_light into truthful sector owner sector:arbih_1st_corps:0 (reserve)
[brigade_assignment] Rehomed F_HRHB_0002 into truthful sector owner sector:hvo_tomislavgrad:0 (reserve)
[brigade_assignment] Rehomed rs_1st_prnjavor_light_infantry into truthful sector owner sector:vrs_1st_krajina:8 (reserve)
[brigade_assignment] Rehomed rs_1st_trebava_infantry into truthful sector owner sector:vrs_1st_krajina:8 (reserve)
[brigade_assignment] Rehomed rs_1st_vujak_light_infantry into truthful sector owner sector:vrs_1st_krajina:8 (reserve)
[brigade_assignment] Rehomed rs_1st_zvornik into truthful sector owner sector:vrs_drina:2 (reserve)
[brigade_assignment] Rehomed rs_27th_derventa_motorized into truthful sector owner sector:vrs_1st_krajina:8 (reserve)
[brigade_assignment] Rehomed rs_1st_prnjavor_light_infantry into truthful sector owner sector:vrs_1st_krajina:6 (reserve)
[brigade_assignment] Rehomed rs_1st_trebava_infantry into truthful sector owner sector:vrs_1st_krajina:6 (reserve)
[brigade_assignment] Rehomed rs_1st_vujak_light_infantry into truthful sector owner sector:vrs_1st_krajina:6 (reserve)
[brigade_assignment] Rehomed rs_27th_derventa_motorized into truthful sector owner sector:vrs_1st_krajina:6 (reserve)
[brigade_assignment] Rehomed arbih_109th_mountain into truthful sector owner sector:arbih_1st_corps:3 (reserve)
[brigade_assignment] Rehomed arbih_181st_mountain into truthful sector owner sector:arbih_1st_corps:3 (reserve)
[brigade_assignment] Rehomed arbih_185th_light into truthful sector owner sector:arbih_1st_corps:0 (reserve)
[brigade_assignment] Rehomed F_HRHB_0002 into truthful sector owner sector:hvo_tomislavgrad:0 (reserve)
[brigade_assignment] Rehomed hrhb_1st_herzegovina_brigade_knez_domagoj into truthful sector owner sector:hvo_southeast_herzegovina:0 (front)
[brigade_assignment] Rehomed hrhb_2nd_brigade_mostar into truthful sector owner sector:hvo_southeast_herzegovina:0 (front)
[brigade_assignment] Rehomed rs_1st_prnjavor_light_infantry into truthful sector owner sector:vrs_1st_krajina:6 (reserve)
[brigade_assignment] Rehomed rs_1st_trebava_infantry into truthful sector owner sector:vrs_1st_krajina:6 (reserve)
[brigade_assignment] Rehomed rs_1st_vujak_light_infantry into truthful sector owner sector:vrs_1st_krajina:6 (reserve)
[brigade_assignment] Rehomed rs_22nd_krajina_infantry into truthful sector owner sector:vrs_1st_krajina:2 (front)
[brigade_assignment] Rehomed rs_27th_derventa_motorized into truthful sector owner sector:vrs_1st_krajina:6 (reserve)
[brigade_assignment] Rehomed rs_2nd_banja_luka_light_infantry into truthful sector owner sector:vrs_1st_krajina:2 (front)
[brigade_assignment] Rehomed arbih_109th_mountain into truthful sector owner sector:arbih_1st_corps:3 (reserve)
[brigade_assignment] Rehomed arbih_181st_mountain into truthful sector owner sector:arbih_1st_corps:3 (reserve)
[brigade_assignment] Rehomed arbih_185th_light into truthful sector owner sector:arbih_1st_corps:0 (reserve)
[brigade_assignment] Rehomed F_HRHB_0002 into truthful sector owner sector:hvo_tomislavgrad:0 (reserve)
[brigade_assignment] Rehomed rs_1st_prnjavor_light_infantry into truthful sector owner sector:vrs_1st_krajina:8 (reserve)
[brigade_assignment] Rehomed rs_1st_trebava_infantry into truthful sector owner sector:vrs_1st_krajina:8 (reserve)
[brigade_assignment] Rehomed rs_1st_vujak_light_infantry into truthful sector owner sector:vrs_1st_krajina:8 (reserve)
[brigade_assignment] Rehomed rs_27th_derventa_motorized into truthful sector owner sector:vrs_1st_krajina:8 (reserve)
[brigade_assignment] FINAL_SEAL kind=turn turn=101 unresolved=0
[brigade_assignment] Rehomed rs_1st_prnjavor_light_infantry into truthful sector owner sector:vrs_1st_krajina:6 (reserve)
[brigade_assignment] Rehomed rs_1st_trebava_infantry into truthful sector owner sector:vrs_1st_krajina:6 (reserve)
[brigade_assignment] Rehomed rs_1st_vujak_light_infantry into truthful sector owner sector:vrs_1st_krajina:6 (reserve)
[brigade_assignment] Rehomed rs_27th_derventa_motorized into truthful sector owner sector:vrs_1st_krajina:6 (reserve)
[brigade_assignment] Rehomed arbih_109th_mountain into truthful sector owner sector:arbih_1st_corps:3 (reserve)
[brigade_assignment] Rehomed arbih_181st_mountain into truthful sector owner sector:arbih_1st_corps:3 (reserve)
[brigade_assignment] Rehomed arbih_185th_light into truthful sector owner sector:arbih_1st_corps:0 (reserve)
[brigade_assignment] Rehomed F_HRHB_0002 into truthful sector owner sector:hvo_tomislavgrad:0 (reserve)
[brigade_assignment] Rehomed hrhb_2nd_brigade_mostar into truthful sector owner sector:hvo_southeast_herzegovina:0 (front)
[brigade_assignment] Rehomed rs_19th_krajina_light_infantry into truthful sector owner sector:vrs_1st_krajina:2 (front)
[brigade_assignment] Rehomed rs_1st_prnjavor_light_infantry into truthful sector owner sector:vrs_1st_krajina:6 (reserve)
[brigade_assignment] Rehomed rs_1st_trebava_infantry into truthful sector owner sector:vrs_1st_krajina:6 (reserve)
[brigade_assignment] Rehomed rs_1st_vujak_light_infantry into truthful sector owner sector:vrs_1st_krajina:6 (reserve)
[brigade_assignment] Rehomed rs_22nd_krajina_infantry into truthful sector owner sector:vrs_1st_krajina:2 (front)
[brigade_assignment] Rehomed rs_27th_derventa_motorized into truthful sector owner sector:vrs_1st_krajina:6 (reserve)
[brigade_assignment] Rehomed arbih_109th_mountain into truthful sector owner sector:arbih_1st_corps:3 (reserve)
[brigade_assignment] Rehomed arbih_181st_mountain into truthful sector owner sector:arbih_1st_corps:3 (reserve)
[brigade_assignment] Rehomed arbih_185th_light into truthful sector owner sector:arbih_1st_corps:0 (reserve)
[brigade_assignment] Rehomed F_HRHB_0002 into truthful sector owner sector:hvo_tomislavgrad:0 (reserve)
[brigade_assignment] Rehomed rs_1st_prnjavor_light_infantry into truthful sector owner sector:vrs_1st_krajina:8 (reserve)
[brigade_assignment] Rehomed rs_1st_trebava_infantry into truthful sector owner sector:vrs_1st_krajina:8 (reserve)
[brigade_assignment] Rehomed rs_1st_vujak_light_infantry into truthful sector owner sector:vrs_1st_krajina:8 (reserve)
[brigade_assignment] Rehomed rs_27th_derventa_motorized into truthful sector owner sector:vrs_1st_krajina:8 (reserve)
[brigade_assignment] Rehomed rs_1st_prnjavor_light_infantry into truthful sector owner sector:vrs_1st_krajina:6 (reserve)
[brigade_assignment] Rehomed rs_1st_trebava_infantry into truthful sector owner sector:vrs_1st_krajina:6 (reserve)
[brigade_assignment] Rehomed rs_1st_vujak_light_infantry into truthful sector owner sector:vrs_1st_krajina:6 (reserve)
[brigade_assignment] Rehomed rs_27th_derventa_motorized into truthful sector owner sector:vrs_1st_krajina:6 (reserve)
[brigade_assignment] Rehomed arbih_109th_mountain into truthful sector owner sector:arbih_1st_corps:3 (reserve)
[brigade_assignment] Rehomed arbih_181st_mountain into truthful sector owner sector:arbih_1st_corps:3 (reserve)
[brigade_assignment] Rehomed arbih_185th_light into truthful sector owner sector:arbih_1st_corps:0 (reserve)
[brigade_assignment] Rehomed F_HRHB_0002 into truthful sector owner sector:hvo_tomislavgrad:0 (reserve)
[brigade_assignment] Rehomed hrhb_2nd_brigade_mostar into truthful sector owner sector:hvo_southeast_herzegovina:0 (front)
[brigade_assignment] Rehomed rs_19th_krajina_light_infantry into truthful sector owner sector:vrs_1st_krajina:2 (front)
[brigade_assignment] Rehomed rs_1st_prnjavor_light_infantry into truthful sector owner sector:vrs_1st_krajina:6 (reserve)
[brigade_assignment] Rehomed rs_1st_trebava_infantry into truthful sector owner sector:vrs_1st_krajina:6 (reserve)
[brigade_assignment] Rehomed rs_1st_vujak_light_infantry into truthful sector owner sector:vrs_1st_krajina:6 (reserve)
[brigade_assignment] Rehomed rs_22nd_krajina_infantry into truthful sector owner sector:vrs_1st_krajina:2 (front)
[brigade_assignment] Rehomed rs_27th_derventa_motorized into truthful sector owner sector:vrs_1st_krajina:6 (reserve)
[brigade_assignment] Rehomed arbih_109th_mountain into truthful sector owner sector:arbih_1st_corps:3 (reserve)
[brigade_assignment] Rehomed arbih_181st_mountain into truthful sector owner sector:arbih_1st_corps:3 (reserve)
[brigade_assignment] Rehomed arbih_185th_light into truthful sector owner sector:arbih_1st_corps:0 (reserve)
[brigade_assignment] Rehomed F_HRHB_0002 into truthful sector owner sector:hvo_tomislavgrad:0 (reserve)
[brigade_assignment] Rehomed rs_1st_prnjavor_light_infantry into truthful sector owner sector:vrs_1st_krajina:8 (reserve)
[brigade_assignment] Rehomed rs_1st_trebava_infantry into truthful sector owner sector:vrs_1st_krajina:8 (reserve)
[brigade_assignment] Rehomed rs_1st_vujak_light_infantry into truthful sector owner sector:vrs_1st_krajina:8 (reserve)
[brigade_assignment] Rehomed rs_27th_derventa_motorized into truthful sector owner sector:vrs_1st_krajina:8 (reserve)
[brigade_assignment] FINAL_SEAL kind=turn turn=102 unresolved=0
[brigade_assignment] Rehomed rs_1st_prnjavor_light_infantry into truthful sector owner sector:vrs_1st_krajina:5 (reserve)
[brigade_assignment] Rehomed rs_1st_trebava_infantry into truthful sector owner sector:vrs_1st_krajina:5 (reserve)
[brigade_assignment] Rehomed rs_1st_vujak_light_infantry into truthful sector owner sector:vrs_1st_krajina:5 (reserve)
[brigade_assignment] Rehomed rs_27th_derventa_motorized into truthful sector owner sector:vrs_1st_krajina:5 (reserve)
[brigade_assignment] Rehomed arbih_109th_mountain into truthful sector owner sector:arbih_1st_corps:3 (reserve)
[brigade_assignment] Rehomed arbih_181st_mountain into truthful sector owner sector:arbih_1st_corps:3 (reserve)
[brigade_assignment] Rehomed arbih_185th_light into truthful sector owner sector:arbih_1st_corps:0 (reserve)
[brigade_assignment] Rehomed F_HRHB_0002 into truthful sector owner sector:hvo_tomislavgrad:0 (reserve)
[brigade_assignment] Rehomed hrhb_2nd_brigade_mostar into truthful sector owner sector:hvo_southeast_herzegovina:0 (front)
[brigade_assignment] Rehomed rs_11th_dubica_infantry into truthful sector owner sector:vrs_1st_krajina:1 (reserve)
[brigade_assignment] Rehomed rs_1st_prnjavor_light_infantry into truthful sector owner sector:vrs_1st_krajina:5 (reserve)
[brigade_assignment] Rehomed rs_1st_sipovo_light_infantry into truthful sector owner sector:vrs_1st_krajina:1 (reserve)
[brigade_assignment] Rehomed rs_1st_trebava_infantry into truthful sector owner sector:vrs_1st_krajina:5 (reserve)
[brigade_assignment] Rehomed rs_1st_vujak_light_infantry into truthful sector owner sector:vrs_1st_krajina:5 (reserve)
[brigade_assignment] Rehomed rs_27th_derventa_motorized into truthful sector owner sector:vrs_1st_krajina:5 (reserve)
[brigade_assignment] Rehomed arbih_109th_mountain into truthful sector owner sector:arbih_1st_corps:3 (reserve)
[brigade_assignment] Rehomed arbih_181st_mountain into truthful sector owner sector:arbih_1st_corps:3 (reserve)
[brigade_assignment] Rehomed arbih_185th_light into truthful sector owner sector:arbih_1st_corps:0 (reserve)
[brigade_assignment] Rehomed F_HRHB_0002 into truthful sector owner sector:hvo_tomislavgrad:0 (reserve)
[brigade_assignment] Rehomed rs_11th_dubica_infantry into truthful sector owner sector:vrs_1st_krajina:3 (reserve)
[brigade_assignment] Rehomed rs_1st_prnjavor_light_infantry into truthful sector owner sector:vrs_1st_krajina:7 (reserve)
[brigade_assignment] Rehomed rs_1st_sipovo_light_infantry into truthful sector owner sector:vrs_1st_krajina:3 (reserve)
[brigade_assignment] Rehomed rs_1st_trebava_infantry into truthful sector owner sector:vrs_1st_krajina:7 (reserve)
[brigade_assignment] Rehomed rs_1st_vujak_light_infantry into truthful sector owner sector:vrs_1st_krajina:7 (reserve)
[brigade_assignment] Rehomed rs_27th_derventa_motorized into truthful sector owner sector:vrs_1st_krajina:7 (reserve)
[brigade_assignment] Rehomed rs_1st_prnjavor_light_infantry into truthful sector owner sector:vrs_1st_krajina:5 (reserve)
[brigade_assignment] Rehomed rs_1st_trebava_infantry into truthful sector owner sector:vrs_1st_krajina:5 (reserve)
[brigade_assignment] Rehomed rs_1st_vujak_light_infantry into truthful sector owner sector:vrs_1st_krajina:5 (reserve)
[brigade_assignment] Rehomed rs_27th_derventa_motorized into truthful sector owner sector:vrs_1st_krajina:5 (reserve)
[brigade_assignment] Rehomed arbih_109th_mountain into truthful sector owner sector:arbih_1st_corps:3 (reserve)
[brigade_assignment] Rehomed arbih_181st_mountain into truthful sector owner sector:arbih_1st_corps:3 (reserve)
[brigade_assignment] Rehomed arbih_185th_light into truthful sector owner sector:arbih_1st_corps:0 (reserve)
[brigade_assignment] Rehomed F_HRHB_0002 into truthful sector owner sector:hvo_tomislavgrad:0 (reserve)
[brigade_assignment] Rehomed hrhb_2nd_brigade_mostar into truthful sector owner sector:hvo_southeast_herzegovina:0 (front)
[brigade_assignment] Rehomed rs_1st_prnjavor_light_infantry into truthful sector owner sector:vrs_1st_krajina:5 (reserve)
[brigade_assignment] Rehomed rs_1st_sipovo_light_infantry into truthful sector owner sector:vrs_1st_krajina:1 (reserve)
[brigade_assignment] Rehomed rs_1st_trebava_infantry into truthful sector owner sector:vrs_1st_krajina:5 (reserve)
[brigade_assignment] Rehomed rs_1st_vujak_light_infantry into truthful sector owner sector:vrs_1st_krajina:5 (reserve)
[brigade_assignment] Rehomed rs_27th_derventa_motorized into truthful sector owner sector:vrs_1st_krajina:5 (reserve)
[brigade_assignment] Rehomed arbih_109th_mountain into truthful sector owner sector:arbih_1st_corps:3 (reserve)
[brigade_assignment] Rehomed arbih_181st_mountain into truthful sector owner sector:arbih_1st_corps:3 (reserve)
[brigade_assignment] Rehomed arbih_185th_light into truthful sector owner sector:arbih_1st_corps:0 (reserve)
[brigade_assignment] Rehomed F_HRHB_0002 into truthful sector owner sector:hvo_tomislavgrad:0 (reserve)
[brigade_assignment] Rehomed rs_1st_prnjavor_light_infantry into truthful sector owner sector:vrs_1st_krajina:7 (reserve)
[brigade_assignment] Rehomed rs_1st_sipovo_light_infantry into truthful sector owner sector:vrs_1st_krajina:3 (reserve)
[brigade_assignment] Rehomed rs_1st_trebava_infantry into truthful sector owner sector:vrs_1st_krajina:7 (reserve)
[brigade_assignment] Rehomed rs_1st_vujak_light_infantry into truthful sector owner sector:vrs_1st_krajina:7 (reserve)
[brigade_assignment] Rehomed rs_27th_derventa_motorized into truthful sector owner sector:vrs_1st_krajina:7 (reserve)
[brigade_assignment] FINAL_SEAL kind=turn turn=103 unresolved=0
[brigade_assignment] Rehomed rs_1st_prnjavor_light_infantry into truthful sector owner sector:vrs_1st_krajina:6 (reserve)
[brigade_assignment] Rehomed rs_1st_trebava_infantry into truthful sector owner sector:vrs_1st_krajina:6 (reserve)
[brigade_assignment] Rehomed rs_1st_vujak_light_infantry into truthful sector owner sector:vrs_1st_krajina:6 (reserve)
[brigade_assignment] Rehomed rs_27th_derventa_motorized into truthful sector owner sector:vrs_1st_krajina:6 (reserve)
[brigade_assignment] Rehomed arbih_109th_mountain into truthful sector owner sector:arbih_1st_corps:3 (reserve)
[brigade_assignment] Rehomed arbih_181st_mountain into truthful sector owner sector:arbih_1st_corps:3 (reserve)
[brigade_assignment] Rehomed arbih_185th_light into truthful sector owner sector:arbih_1st_corps:0 (reserve)
[brigade_assignment] Rehomed F_HRHB_0002 into truthful sector owner sector:hvo_tomislavgrad:0 (reserve)
[brigade_assignment] Rehomed hrhb_1st_herzegovina_brigade_knez_domagoj into truthful sector owner sector:hvo_southeast_herzegovina:0 (front)
[brigade_assignment] Rehomed hrhb_2nd_brigade_mostar into truthful sector owner sector:hvo_southeast_herzegovina:0 (front)
[brigade_assignment] Rehomed rs_19th_krajina_light_infantry into truthful sector owner sector:vrs_1st_krajina:3 (front)
[brigade_assignment] Rehomed rs_1st_prnjavor_light_infantry into truthful sector owner sector:vrs_1st_krajina:6 (reserve)
[brigade_assignment] Rehomed rs_1st_trebava_infantry into truthful sector owner sector:vrs_1st_krajina:6 (reserve)
[brigade_assignment] Rehomed rs_1st_vujak_light_infantry into truthful sector owner sector:vrs_1st_krajina:6 (reserve)
[brigade_assignment] Rehomed rs_22nd_krajina_infantry into truthful sector owner sector:vrs_1st_krajina:3 (front)
[brigade_assignment] Rehomed rs_27th_derventa_motorized into truthful sector owner sector:vrs_1st_krajina:6 (reserve)
[brigade_assignment] Rehomed arbih_109th_mountain into truthful sector owner sector:arbih_1st_corps:3 (reserve)
[brigade_assignment] Rehomed arbih_181st_mountain into truthful sector owner sector:arbih_1st_corps:3 (reserve)
[brigade_assignment] Rehomed arbih_185th_light into truthful sector owner sector:arbih_1st_corps:0 (reserve)
[brigade_assignment] Rehomed F_HRHB_0002 into truthful sector owner sector:hvo_tomislavgrad:0 (reserve)
[brigade_assignment] Rehomed rs_1st_prnjavor_light_infantry into truthful sector owner sector:vrs_1st_krajina:8 (reserve)
[brigade_assignment] Rehomed rs_1st_trebava_infantry into truthful sector owner sector:vrs_1st_krajina:8 (reserve)
[brigade_assignment] Rehomed rs_1st_vujak_light_infantry into truthful sector owner sector:vrs_1st_krajina:8 (reserve)
[brigade_assignment] Rehomed rs_27th_derventa_motorized into truthful sector owner sector:vrs_1st_krajina:8 (reserve)
[brigade_assignment] Rehomed rs_1st_prnjavor_light_infantry into truthful sector owner sector:vrs_1st_krajina:6 (reserve)
[brigade_assignment] Rehomed rs_1st_trebava_infantry into truthful sector owner sector:vrs_1st_krajina:6 (reserve)
[brigade_assignment] Rehomed rs_1st_vujak_light_infantry into truthful sector owner sector:vrs_1st_krajina:6 (reserve)
[brigade_assignment] Rehomed rs_27th_derventa_motorized into truthful sector owner sector:vrs_1st_krajina:6 (reserve)
[brigade_assignment] Rehomed arbih_109th_mountain into truthful sector owner sector:arbih_1st_corps:3 (reserve)
[brigade_assignment] Rehomed arbih_181st_mountain into truthful sector owner sector:arbih_1st_corps:3 (reserve)
[brigade_assignment] Rehomed arbih_185th_light into truthful sector owner sector:arbih_1st_corps:0 (reserve)
[brigade_assignment] Rehomed F_HRHB_0002 into truthful sector owner sector:hvo_tomislavgrad:0 (reserve)
[brigade_assignment] Rehomed hrhb_1st_herzegovina_brigade_knez_domagoj into truthful sector owner sector:hvo_southeast_herzegovina:0 (front)
[brigade_assignment] Rehomed hrhb_2nd_brigade_mostar into truthful sector owner sector:hvo_southeast_herzegovina:0 (front)
[brigade_assignment] Rehomed rs_19th_krajina_light_infantry into truthful sector owner sector:vrs_1st_krajina:3 (front)
[brigade_assignment] Rehomed rs_1st_prnjavor_light_infantry into truthful sector owner sector:vrs_1st_krajina:6 (reserve)
[brigade_assignment] Rehomed rs_1st_trebava_infantry into truthful sector owner sector:vrs_1st_krajina:6 (reserve)
[brigade_assignment] Rehomed rs_1st_vujak_light_infantry into truthful sector owner sector:vrs_1st_krajina:6 (reserve)
[brigade_assignment] Rehomed rs_22nd_krajina_infantry into truthful sector owner sector:vrs_1st_krajina:3 (front)
[brigade_assignment] Rehomed rs_27th_derventa_motorized into truthful sector owner sector:vrs_1st_krajina:6 (reserve)
[brigade_assignment] Rehomed arbih_109th_mountain into truthful sector owner sector:arbih_1st_corps:3 (reserve)
[brigade_assignment] Rehomed arbih_181st_mountain into truthful sector owner sector:arbih_1st_corps:3 (reserve)
[brigade_assignment] Rehomed arbih_185th_light into truthful sector owner sector:arbih_1st_corps:0 (reserve)
[brigade_assignment] Rehomed F_HRHB_0002 into truthful sector owner sector:hvo_tomislavgrad:0 (reserve)
[brigade_assignment] Rehomed rs_1st_prnjavor_light_infantry into truthful sector owner sector:vrs_1st_krajina:8 (reserve)
[brigade_assignment] Rehomed rs_1st_trebava_infantry into truthful sector owner sector:vrs_1st_krajina:8 (reserve)
[brigade_assignment] Rehomed rs_1st_vujak_light_infantry into truthful sector owner sector:vrs_1st_krajina:8 (reserve)
[brigade_assignment] Rehomed rs_27th_derventa_motorized into truthful sector owner sector:vrs_1st_krajina:8 (reserve)
[brigade_assignment] FINAL_SEAL kind=turn turn=104 unresolved=0
[brigade_assignment] Rehomed rs_1st_prnjavor_light_infantry into truthful sector owner sector:vrs_1st_krajina:4 (reserve)
[brigade_assignment] Rehomed rs_1st_trebava_infantry into truthful sector owner sector:vrs_1st_krajina:4 (reserve)
[brigade_assignment] Rehomed rs_1st_vujak_light_infantry into truthful sector owner sector:vrs_1st_krajina:4 (reserve)
[brigade_assignment] Rehomed rs_27th_derventa_motorized into truthful sector owner sector:vrs_1st_krajina:4 (reserve)
[brigade_assignment] Rehomed arbih_109th_mountain into truthful sector owner sector:arbih_1st_corps:3 (reserve)
[brigade_assignment] Rehomed arbih_181st_mountain into truthful sector owner sector:arbih_1st_corps:3 (reserve)
[brigade_assignment] Rehomed arbih_185th_light into truthful sector owner sector:arbih_1st_corps:0 (reserve)
[brigade_assignment] Rehomed F_HRHB_0002 into truthful sector owner sector:hvo_tomislavgrad:0 (reserve)
[brigade_assignment] Rehomed hrhb_1st_herzegovina_brigade_knez_domagoj into truthful sector owner sector:hvo_southeast_herzegovina:0 (front)
[brigade_assignment] Rehomed hrhb_2nd_brigade_mostar into truthful sector owner sector:hvo_southeast_herzegovina:0 (front)
[brigade_assignment] Rehomed rs_11th_dubica_infantry into truthful sector owner sector:vrs_1st_krajina:1 (reserve)
[brigade_assignment] Rehomed rs_1st_prnjavor_light_infantry into truthful sector owner sector:vrs_1st_krajina:4 (reserve)
[brigade_assignment] Rehomed rs_1st_sipovo_light_infantry into truthful sector owner sector:vrs_1st_krajina:1 (reserve)
[brigade_assignment] Rehomed rs_1st_trebava_infantry into truthful sector owner sector:vrs_1st_krajina:4 (reserve)
[brigade_assignment] Rehomed rs_1st_vujak_light_infantry into truthful sector owner sector:vrs_1st_krajina:4 (reserve)
[brigade_assignment] Rehomed rs_27th_derventa_motorized into truthful sector owner sector:vrs_1st_krajina:4 (reserve)
[brigade_assignment] Rehomed arbih_109th_mountain into truthful sector owner sector:arbih_1st_corps:3 (reserve)
[brigade_assignment] Rehomed arbih_181st_mountain into truthful sector owner sector:arbih_1st_corps:3 (reserve)
[brigade_assignment] Rehomed arbih_185th_light into truthful sector owner sector:arbih_1st_corps:0 (reserve)
[brigade_assignment] Rehomed F_HRHB_0002 into truthful sector owner sector:hvo_tomislavgrad:0 (reserve)
[brigade_assignment] Rehomed rs_11th_dubica_infantry into truthful sector owner sector:vrs_1st_krajina:3 (reserve)
[brigade_assignment] Rehomed rs_1st_prnjavor_light_infantry into truthful sector owner sector:vrs_1st_krajina:6 (reserve)
[brigade_assignment] Rehomed rs_1st_sipovo_light_infantry into truthful sector owner sector:vrs_1st_krajina:3 (reserve)
[brigade_assignment] Rehomed rs_1st_trebava_infantry into truthful sector owner sector:vrs_1st_krajina:6 (reserve)
[brigade_assignment] Rehomed rs_1st_vujak_light_infantry into truthful sector owner sector:vrs_1st_krajina:6 (reserve)
[brigade_assignment] Rehomed rs_27th_derventa_motorized into truthful sector owner sector:vrs_1st_krajina:6 (reserve)
[brigade_assignment] Rehomed rs_1st_prnjavor_light_infantry into truthful sector owner sector:vrs_1st_krajina:5 (reserve)
[brigade_assignment] Rehomed rs_1st_trebava_infantry into truthful sector owner sector:vrs_1st_krajina:5 (reserve)
[brigade_assignment] Rehomed rs_1st_vujak_light_infantry into truthful sector owner sector:vrs_1st_krajina:5 (reserve)
[brigade_assignment] Rehomed rs_27th_derventa_motorized into truthful sector owner sector:vrs_1st_krajina:5 (reserve)
[brigade_assignment] Rehomed arbih_109th_mountain into truthful sector owner sector:arbih_1st_corps:3 (reserve)
[brigade_assignment] Rehomed arbih_181st_mountain into truthful sector owner sector:arbih_1st_corps:3 (reserve)
[brigade_assignment] Rehomed arbih_185th_light into truthful sector owner sector:arbih_1st_corps:0 (reserve)
[brigade_assignment] Rehomed F_HRHB_0002 into truthful sector owner sector:hvo_tomislavgrad:0 (reserve)
[brigade_assignment] Rehomed hrhb_1st_herzegovina_brigade_knez_domagoj into truthful sector owner sector:hvo_southeast_herzegovina:0 (front)
[brigade_assignment] Rehomed hrhb_2nd_brigade_mostar into truthful sector owner sector:hvo_southeast_herzegovina:0 (front)
[brigade_assignment] Rehomed rs_1st_prnjavor_light_infantry into truthful sector owner sector:vrs_1st_krajina:5 (reserve)
[brigade_assignment] Rehomed rs_1st_sipovo_light_infantry into truthful sector owner sector:vrs_1st_krajina:1 (reserve)
[brigade_assignment] Rehomed rs_1st_trebava_infantry into truthful sector owner sector:vrs_1st_krajina:5 (reserve)
[brigade_assignment] Rehomed rs_1st_vujak_light_infantry into truthful sector owner sector:vrs_1st_krajina:5 (reserve)
[brigade_assignment] Rehomed rs_27th_derventa_motorized into truthful sector owner sector:vrs_1st_krajina:5 (reserve)
[brigade_assignment] Rehomed arbih_109th_mountain into truthful sector owner sector:arbih_1st_corps:3 (reserve)
[brigade_assignment] Rehomed arbih_181st_mountain into truthful sector owner sector:arbih_1st_corps:3 (reserve)
[brigade_assignment] Rehomed arbih_185th_light into truthful sector owner sector:arbih_1st_corps:0 (reserve)
[brigade_assignment] Rehomed F_HRHB_0002 into truthful sector owner sector:hvo_tomislavgrad:0 (reserve)
[brigade_assignment] Rehomed rs_1st_prnjavor_light_infantry into truthful sector owner sector:vrs_1st_krajina:7 (reserve)
[brigade_assignment] Rehomed rs_1st_sipovo_light_infantry into truthful sector owner sector:vrs_1st_krajina:3 (reserve)
[brigade_assignment] Rehomed rs_1st_trebava_infantry into truthful sector owner sector:vrs_1st_krajina:7 (reserve)
[brigade_assignment] Rehomed rs_1st_vujak_light_infantry into truthful sector owner sector:vrs_1st_krajina:7 (reserve)
[brigade_assignment] Rehomed rs_27th_derventa_motorized into truthful sector owner sector:vrs_1st_krajina:7 (reserve)
[brigade_assignment] FINAL_SEAL kind=turn turn=105 unresolved=0
[brigade_assignment] Rehomed rs_1st_prnjavor_light_infantry into truthful sector owner sector:vrs_1st_krajina:6 (reserve)
[brigade_assignment] Rehomed rs_1st_trebava_infantry into truthful sector owner sector:vrs_1st_krajina:6 (reserve)
[brigade_assignment] Rehomed rs_1st_vujak_light_infantry into truthful sector owner sector:vrs_1st_krajina:6 (reserve)
[brigade_assignment] Rehomed rs_27th_derventa_motorized into truthful sector owner sector:vrs_1st_krajina:6 (reserve)
[brigade_assignment] Rehomed arbih_109th_mountain into truthful sector owner sector:arbih_1st_corps:3 (reserve)
[brigade_assignment] Rehomed arbih_181st_mountain into truthful sector owner sector:arbih_1st_corps:3 (reserve)
[brigade_assignment] Rehomed arbih_185th_light into truthful sector owner sector:arbih_1st_corps:0 (reserve)
[brigade_assignment] Rehomed F_HRHB_0002 into truthful sector owner sector:hvo_tomislavgrad:0 (reserve)
[brigade_assignment] Rehomed hrhb_1st_herzegovina_brigade_knez_domagoj into truthful sector owner sector:hvo_southeast_herzegovina:0 (front)
[brigade_assignment] Rehomed hrhb_2nd_brigade_mostar into truthful sector owner sector:hvo_southeast_herzegovina:0 (front)
[brigade_assignment] Rehomed rs_19th_krajina_light_infantry into truthful sector owner sector:vrs_1st_krajina:2 (front)
[brigade_assignment] Rehomed rs_1st_prnjavor_light_infantry into truthful sector owner sector:vrs_1st_krajina:6 (reserve)
[brigade_assignment] Rehomed rs_1st_trebava_infantry into truthful sector owner sector:vrs_1st_krajina:6 (reserve)
[brigade_assignment] Rehomed rs_1st_vujak_light_infantry into truthful sector owner sector:vrs_1st_krajina:6 (reserve)
[brigade_assignment] Rehomed rs_22nd_krajina_infantry into truthful sector owner sector:vrs_1st_krajina:2 (front)
[brigade_assignment] Rehomed rs_27th_derventa_motorized into truthful sector owner sector:vrs_1st_krajina:6 (reserve)
[brigade_assignment] Rehomed arbih_109th_mountain into truthful sector owner sector:arbih_1st_corps:3 (reserve)
[brigade_assignment] Rehomed arbih_181st_mountain into truthful sector owner sector:arbih_1st_corps:3 (reserve)
[brigade_assignment] Rehomed arbih_185th_light into truthful sector owner sector:arbih_1st_corps:0 (reserve)
[brigade_assignment] Rehomed F_HRHB_0002 into truthful sector owner sector:hvo_tomislavgrad:0 (reserve)
[brigade_assignment] Rehomed rs_1st_prnjavor_light_infantry into truthful sector owner sector:vrs_1st_krajina:8 (reserve)
[brigade_assignment] Rehomed rs_1st_trebava_infantry into truthful sector owner sector:vrs_1st_krajina:8 (reserve)
[brigade_assignment] Rehomed rs_1st_vujak_light_infantry into truthful sector owner sector:vrs_1st_krajina:8 (reserve)
[brigade_assignment] Rehomed rs_27th_derventa_motorized into truthful sector owner sector:vrs_1st_krajina:8 (reserve)
[brigade_assignment] Rehomed rs_1st_prnjavor_light_infantry into truthful sector owner sector:vrs_1st_krajina:6 (reserve)
[brigade_assignment] Rehomed rs_1st_trebava_infantry into truthful sector owner sector:vrs_1st_krajina:6 (reserve)
[brigade_assignment] Rehomed rs_1st_vujak_light_infantry into truthful sector owner sector:vrs_1st_krajina:6 (reserve)
[brigade_assignment] Rehomed rs_27th_derventa_motorized into truthful sector owner sector:vrs_1st_krajina:6 (reserve)
[brigade_assignment] Rehomed arbih_109th_mountain into truthful sector owner sector:arbih_1st_corps:3 (reserve)
[brigade_assignment] Rehomed arbih_181st_mountain into truthful sector owner sector:arbih_1st_corps:3 (reserve)
[brigade_assignment] Rehomed arbih_185th_light into truthful sector owner sector:arbih_1st_corps:0 (reserve)
[brigade_assignment] Rehomed F_HRHB_0002 into truthful sector owner sector:hvo_tomislavgrad:0 (reserve)
[brigade_assignment] Rehomed hrhb_1st_herzegovina_brigade_knez_domagoj into truthful sector owner sector:hvo_southeast_herzegovina:0 (front)
[brigade_assignment] Rehomed hrhb_2nd_brigade_mostar into truthful sector owner sector:hvo_southeast_herzegovina:0 (front)
[brigade_assignment] Rehomed rs_19th_krajina_light_infantry into truthful sector owner sector:vrs_1st_krajina:2 (front)
[brigade_assignment] Rehomed rs_1st_prnjavor_light_infantry into truthful sector owner sector:vrs_1st_krajina:6 (reserve)
[brigade_assignment] Rehomed rs_1st_trebava_infantry into truthful sector owner sector:vrs_1st_krajina:6 (reserve)
[brigade_assignment] Rehomed rs_1st_vujak_light_infantry into truthful sector owner sector:vrs_1st_krajina:6 (reserve)
[brigade_assignment] Rehomed rs_22nd_krajina_infantry into truthful sector owner sector:vrs_1st_krajina:2 (front)
[brigade_assignment] Rehomed rs_27th_derventa_motorized into truthful sector owner sector:vrs_1st_krajina:6 (reserve)
[brigade_assignment] Rehomed arbih_109th_mountain into truthful sector owner sector:arbih_1st_corps:3 (reserve)
[brigade_assignment] Rehomed arbih_181st_mountain into truthful sector owner sector:arbih_1st_corps:3 (reserve)
[brigade_assignment] Rehomed arbih_185th_light into truthful sector owner sector:arbih_1st_corps:0 (reserve)
[brigade_assignment] Rehomed F_HRHB_0002 into truthful sector owner sector:hvo_tomislavgrad:0 (reserve)
[brigade_assignment] Rehomed rs_1st_prnjavor_light_infantry into truthful sector owner sector:vrs_1st_krajina:8 (reserve)
[brigade_assignment] Rehomed rs_1st_trebava_infantry into truthful sector owner sector:vrs_1st_krajina:8 (reserve)
[brigade_assignment] Rehomed rs_1st_vujak_light_infantry into truthful sector owner sector:vrs_1st_krajina:8 (reserve)
[brigade_assignment] Rehomed rs_27th_derventa_motorized into truthful sector owner sector:vrs_1st_krajina:8 (reserve)
[brigade_assignment] FINAL_SEAL kind=turn turn=106 unresolved=0
[brigade_assignment] Rehomed rs_1st_prnjavor_light_infantry into truthful sector owner sector:vrs_1st_krajina:4 (reserve)
[brigade_assignment] Rehomed rs_1st_trebava_infantry into truthful sector owner sector:vrs_1st_krajina:4 (reserve)
[brigade_assignment] Rehomed rs_1st_vujak_light_infantry into truthful sector owner sector:vrs_1st_krajina:4 (reserve)
[brigade_assignment] Rehomed rs_27th_derventa_motorized into truthful sector owner sector:vrs_1st_krajina:4 (reserve)
[brigade_assignment] Rehomed arbih_109th_mountain into truthful sector owner sector:arbih_1st_corps:3 (reserve)
[brigade_assignment] Rehomed arbih_181st_mountain into truthful sector owner sector:arbih_1st_corps:3 (reserve)
[brigade_assignment] Rehomed arbih_185th_light into truthful sector owner sector:arbih_1st_corps:0 (reserve)
[brigade_assignment] Rehomed F_HRHB_0002 into truthful sector owner sector:hvo_tomislavgrad:0 (reserve)
[brigade_assignment] Rehomed hrhb_2nd_brigade_mostar into truthful sector owner sector:hvo_southeast_herzegovina:0 (front)
[brigade_assignment] Rehomed hrhb_6th_brigade_ranko_boban into truthful sector owner sector:hvo_southeast_herzegovina:0 (front)
[brigade_assignment] Rehomed rs_11th_dubica_infantry into truthful sector owner sector:vrs_1st_krajina:1 (reserve)
[brigade_assignment] Rehomed rs_1st_prnjavor_light_infantry into truthful sector owner sector:vrs_1st_krajina:4 (reserve)
[brigade_assignment] Rehomed rs_1st_sipovo_light_infantry into truthful sector owner sector:vrs_1st_krajina:1 (reserve)
[brigade_assignment] Rehomed rs_1st_trebava_infantry into truthful sector owner sector:vrs_1st_krajina:4 (reserve)
[brigade_assignment] Rehomed rs_1st_vujak_light_infantry into truthful sector owner sector:vrs_1st_krajina:4 (reserve)
[brigade_assignment] Rehomed rs_27th_derventa_motorized into truthful sector owner sector:vrs_1st_krajina:4 (reserve)
[brigade_assignment] Rehomed arbih_109th_mountain into truthful sector owner sector:arbih_1st_corps:3 (reserve)
[brigade_assignment] Rehomed arbih_181st_mountain into truthful sector owner sector:arbih_1st_corps:3 (reserve)
[brigade_assignment] Rehomed arbih_185th_light into truthful sector owner sector:arbih_1st_corps:0 (reserve)
[brigade_assignment] Rehomed F_HRHB_0002 into truthful sector owner sector:hvo_tomislavgrad:0 (reserve)
[brigade_assignment] Rehomed rs_11th_dubica_infantry into truthful sector owner sector:vrs_1st_krajina:3 (reserve)
[brigade_assignment] Rehomed rs_1st_prnjavor_light_infantry into truthful sector owner sector:vrs_1st_krajina:6 (reserve)
[brigade_assignment] Rehomed rs_1st_sipovo_light_infantry into truthful sector owner sector:vrs_1st_krajina:3 (reserve)
[brigade_assignment] Rehomed rs_1st_trebava_infantry into truthful sector owner sector:vrs_1st_krajina:6 (reserve)
[brigade_assignment] Rehomed rs_1st_vujak_light_infantry into truthful sector owner sector:vrs_1st_krajina:6 (reserve)
[brigade_assignment] Rehomed rs_27th_derventa_motorized into truthful sector owner sector:vrs_1st_krajina:6 (reserve)
[brigade_assignment] Rehomed rs_1st_prnjavor_light_infantry into truthful sector owner sector:vrs_1st_krajina:5 (reserve)
[brigade_assignment] Rehomed rs_1st_trebava_infantry into truthful sector owner sector:vrs_1st_krajina:5 (reserve)
[brigade_assignment] Rehomed rs_1st_vujak_light_infantry into truthful sector owner sector:vrs_1st_krajina:5 (reserve)
[brigade_assignment] Rehomed rs_27th_derventa_motorized into truthful sector owner sector:vrs_1st_krajina:5 (reserve)
[brigade_assignment] Rehomed arbih_109th_mountain into truthful sector owner sector:arbih_1st_corps:3 (reserve)
[brigade_assignment] Rehomed arbih_181st_mountain into truthful sector owner sector:arbih_1st_corps:3 (reserve)
[brigade_assignment] Rehomed arbih_185th_light into truthful sector owner sector:arbih_1st_corps:0 (reserve)
[brigade_assignment] Rehomed F_HRHB_0002 into truthful sector owner sector:hvo_tomislavgrad:0 (reserve)
[brigade_assignment] Rehomed hrhb_2nd_brigade_mostar into truthful sector owner sector:hvo_southeast_herzegovina:0 (front)
[brigade_assignment] Rehomed hrhb_6th_brigade_ranko_boban into truthful sector owner sector:hvo_southeast_herzegovina:0 (front)
[brigade_assignment] Rehomed rs_1st_prnjavor_light_infantry into truthful sector owner sector:vrs_1st_krajina:5 (reserve)
[brigade_assignment] Rehomed rs_1st_sipovo_light_infantry into truthful sector owner sector:vrs_1st_krajina:1 (reserve)
[brigade_assignment] Rehomed rs_1st_trebava_infantry into truthful sector owner sector:vrs_1st_krajina:5 (reserve)
[brigade_assignment] Rehomed rs_1st_vujak_light_infantry into truthful sector owner sector:vrs_1st_krajina:5 (reserve)
[brigade_assignment] Rehomed rs_27th_derventa_motorized into truthful sector owner sector:vrs_1st_krajina:5 (reserve)
[brigade_assignment] Rehomed arbih_109th_mountain into truthful sector owner sector:arbih_1st_corps:3 (reserve)
[brigade_assignment] Rehomed arbih_181st_mountain into truthful sector owner sector:arbih_1st_corps:3 (reserve)
[brigade_assignment] Rehomed arbih_185th_light into truthful sector owner sector:arbih_1st_corps:0 (reserve)
[brigade_assignment] Rehomed F_HRHB_0002 into truthful sector owner sector:hvo_tomislavgrad:0 (reserve)
[brigade_assignment] Rehomed rs_1st_prnjavor_light_infantry into truthful sector owner sector:vrs_1st_krajina:7 (reserve)
[brigade_assignment] Rehomed rs_1st_sipovo_light_infantry into truthful sector owner sector:vrs_1st_krajina:3 (reserve)
[brigade_assignment] Rehomed rs_1st_trebava_infantry into truthful sector owner sector:vrs_1st_krajina:7 (reserve)
[brigade_assignment] Rehomed rs_1st_vujak_light_infantry into truthful sector owner sector:vrs_1st_krajina:7 (reserve)
[brigade_assignment] Rehomed rs_27th_derventa_motorized into truthful sector owner sector:vrs_1st_krajina:7 (reserve)
[brigade_assignment] FINAL_SEAL kind=turn turn=107 unresolved=0
[brigade_assignment] Rehomed rs_1st_prnjavor_light_infantry into truthful sector owner sector:vrs_1st_krajina:6 (reserve)
[brigade_assignment] Rehomed rs_1st_trebava_infantry into truthful sector owner sector:vrs_1st_krajina:6 (reserve)
[brigade_assignment] Rehomed rs_1st_vujak_light_infantry into truthful sector owner sector:vrs_1st_krajina:6 (reserve)
[brigade_assignment] Rehomed rs_27th_derventa_motorized into truthful sector owner sector:vrs_1st_krajina:6 (reserve)
[brigade_assignment] Rehomed arbih_109th_mountain into truthful sector owner sector:arbih_1st_corps:3 (reserve)
[brigade_assignment] Rehomed arbih_181st_mountain into truthful sector owner sector:arbih_1st_corps:3 (reserve)
[brigade_assignment] Rehomed arbih_185th_light into truthful sector owner sector:arbih_1st_corps:0 (reserve)
[brigade_assignment] Rehomed F_HRHB_0002 into truthful sector owner sector:hvo_tomislavgrad:0 (reserve)
[brigade_assignment] Rehomed hrhb_6th_brigade_ranko_boban into truthful sector owner sector:hvo_southeast_herzegovina:0 (front)
[brigade_assignment] Rehomed rs_19th_krajina_light_infantry into truthful sector owner sector:vrs_1st_krajina:3 (front)
[brigade_assignment] Rehomed rs_1st_prnjavor_light_infantry into truthful sector owner sector:vrs_1st_krajina:6 (reserve)
[brigade_assignment] Rehomed rs_1st_trebava_infantry into truthful sector owner sector:vrs_1st_krajina:6 (reserve)
[brigade_assignment] Rehomed rs_1st_vujak_light_infantry into truthful sector owner sector:vrs_1st_krajina:6 (reserve)
[brigade_assignment] Rehomed rs_22nd_krajina_infantry into truthful sector owner sector:vrs_1st_krajina:3 (front)
[brigade_assignment] Rehomed rs_27th_derventa_motorized into truthful sector owner sector:vrs_1st_krajina:6 (reserve)
[brigade_assignment] Rehomed arbih_109th_mountain into truthful sector owner sector:arbih_1st_corps:3 (reserve)
[brigade_assignment] Rehomed arbih_181st_mountain into truthful sector owner sector:arbih_1st_corps:3 (reserve)
[brigade_assignment] Rehomed arbih_185th_light into truthful sector owner sector:arbih_1st_corps:0 (reserve)
[brigade_assignment] Rehomed F_HRHB_0002 into truthful sector owner sector:hvo_tomislavgrad:0 (reserve)
[brigade_assignment] Rehomed rs_1st_prnjavor_light_infantry into truthful sector owner sector:vrs_1st_krajina:8 (reserve)
[brigade_assignment] Rehomed rs_1st_trebava_infantry into truthful sector owner sector:vrs_1st_krajina:8 (reserve)
[brigade_assignment] Rehomed rs_1st_vujak_light_infantry into truthful sector owner sector:vrs_1st_krajina:8 (reserve)
[brigade_assignment] Rehomed rs_27th_derventa_motorized into truthful sector owner sector:vrs_1st_krajina:8 (reserve)
[brigade_assignment] Rehomed rs_1st_prnjavor_light_infantry into truthful sector owner sector:vrs_1st_krajina:6 (reserve)
[brigade_assignment] Rehomed rs_1st_trebava_infantry into truthful sector owner sector:vrs_1st_krajina:6 (reserve)
[brigade_assignment] Rehomed rs_1st_vujak_light_infantry into truthful sector owner sector:vrs_1st_krajina:6 (reserve)
[brigade_assignment] Rehomed rs_27th_derventa_motorized into truthful sector owner sector:vrs_1st_krajina:6 (reserve)
[brigade_assignment] Rehomed arbih_109th_mountain into truthful sector owner sector:arbih_1st_corps:3 (reserve)
[brigade_assignment] Rehomed arbih_181st_mountain into truthful sector owner sector:arbih_1st_corps:3 (reserve)
[brigade_assignment] Rehomed arbih_185th_light into truthful sector owner sector:arbih_1st_corps:0 (reserve)
[brigade_assignment] Rehomed F_HRHB_0002 into truthful sector owner sector:hvo_tomislavgrad:0 (reserve)
[brigade_assignment] Rehomed hrhb_6th_brigade_ranko_boban into truthful sector owner sector:hvo_southeast_herzegovina:0 (front)
[brigade_assignment] Rehomed rs_19th_krajina_light_infantry into truthful sector owner sector:vrs_1st_krajina:3 (front)
[brigade_assignment] Rehomed rs_1st_prnjavor_light_infantry into truthful sector owner sector:vrs_1st_krajina:6 (reserve)
[brigade_assignment] Rehomed rs_1st_trebava_infantry into truthful sector owner sector:vrs_1st_krajina:6 (reserve)
[brigade_assignment] Rehomed rs_1st_vujak_light_infantry into truthful sector owner sector:vrs_1st_krajina:6 (reserve)
[brigade_assignment] Rehomed rs_22nd_krajina_infantry into truthful sector owner sector:vrs_1st_krajina:3 (front)
[brigade_assignment] Rehomed rs_27th_derventa_motorized into truthful sector owner sector:vrs_1st_krajina:6 (reserve)
[brigade_assignment] Rehomed arbih_109th_mountain into truthful sector owner sector:arbih_1st_corps:3 (reserve)
[brigade_assignment] Rehomed arbih_181st_mountain into truthful sector owner sector:arbih_1st_corps:3 (reserve)
[brigade_assignment] Rehomed arbih_185th_light into truthful sector owner sector:arbih_1st_corps:0 (reserve)
[brigade_assignment] Rehomed F_HRHB_0002 into truthful sector owner sector:hvo_tomislavgrad:0 (reserve)
[brigade_assignment] Rehomed rs_1st_prnjavor_light_infantry into truthful sector owner sector:vrs_1st_krajina:8 (reserve)
[brigade_assignment] Rehomed rs_1st_trebava_infantry into truthful sector owner sector:vrs_1st_krajina:8 (reserve)
[brigade_assignment] Rehomed rs_1st_vujak_light_infantry into truthful sector owner sector:vrs_1st_krajina:8 (reserve)
[brigade_assignment] Rehomed rs_27th_derventa_motorized into truthful sector owner sector:vrs_1st_krajina:8 (reserve)
[brigade_assignment] FINAL_SEAL kind=turn turn=108 unresolved=0
[brigade_assignment] Rehomed rs_1st_prnjavor_light_infantry into truthful sector owner sector:vrs_1st_krajina:4 (reserve)
[brigade_assignment] Rehomed rs_1st_trebava_infantry into truthful sector owner sector:vrs_1st_krajina:4 (reserve)
[brigade_assignment] Rehomed rs_1st_vujak_light_infantry into truthful sector owner sector:vrs_1st_krajina:4 (reserve)
[brigade_assignment] Rehomed rs_27th_derventa_motorized into truthful sector owner sector:vrs_1st_krajina:4 (reserve)
[brigade_assignment] Rehomed arbih_109th_mountain into truthful sector owner sector:arbih_1st_corps:3 (reserve)
[brigade_assignment] Rehomed arbih_181st_mountain into truthful sector owner sector:arbih_1st_corps:3 (reserve)
[brigade_assignment] Rehomed arbih_185th_light into truthful sector owner sector:arbih_1st_corps:0 (reserve)
[brigade_assignment] Rehomed F_HRHB_0002 into truthful sector owner sector:hvo_tomislavgrad:0 (reserve)
[brigade_assignment] Rehomed hrhb_6th_brigade_ranko_boban into truthful sector owner sector:hvo_southeast_herzegovina:0 (front)
[brigade_assignment] Rehomed rs_11th_dubica_infantry into truthful sector owner sector:vrs_1st_krajina:1 (reserve)
[brigade_assignment] Rehomed rs_1st_prnjavor_light_infantry into truthful sector owner sector:vrs_1st_krajina:4 (reserve)
[brigade_assignment] Rehomed rs_1st_sipovo_light_infantry into truthful sector owner sector:vrs_1st_krajina:1 (reserve)
[brigade_assignment] Rehomed rs_1st_trebava_infantry into truthful sector owner sector:vrs_1st_krajina:4 (reserve)
[brigade_assignment] Rehomed rs_1st_vujak_light_infantry into truthful sector owner sector:vrs_1st_krajina:4 (reserve)
[brigade_assignment] Rehomed rs_27th_derventa_motorized into truthful sector owner sector:vrs_1st_krajina:4 (reserve)
[brigade_assignment] Rehomed arbih_109th_mountain into truthful sector owner sector:arbih_1st_corps:3 (reserve)
[brigade_assignment] Rehomed arbih_181st_mountain into truthful sector owner sector:arbih_1st_corps:3 (reserve)
[brigade_assignment] Rehomed arbih_185th_light into truthful sector owner sector:arbih_1st_corps:0 (reserve)
[brigade_assignment] Rehomed F_HRHB_0002 into truthful sector owner sector:hvo_tomislavgrad:0 (reserve)
[brigade_assignment] Rehomed rs_11th_dubica_infantry into truthful sector owner sector:vrs_1st_krajina:3 (reserve)
[brigade_assignment] Rehomed rs_1st_prnjavor_light_infantry into truthful sector owner sector:vrs_1st_krajina:6 (reserve)
[brigade_assignment] Rehomed rs_1st_sipovo_light_infantry into truthful sector owner sector:vrs_1st_krajina:3 (reserve)
[brigade_assignment] Rehomed rs_1st_trebava_infantry into truthful sector owner sector:vrs_1st_krajina:6 (reserve)
[brigade_assignment] Rehomed rs_1st_vujak_light_infantry into truthful sector owner sector:vrs_1st_krajina:6 (reserve)
[brigade_assignment] Rehomed rs_27th_derventa_motorized into truthful sector owner sector:vrs_1st_krajina:6 (reserve)
[brigade_assignment] Rehomed rs_1st_prnjavor_light_infantry into truthful sector owner sector:vrs_1st_krajina:5 (reserve)
[brigade_assignment] Rehomed rs_1st_trebava_infantry into truthful sector owner sector:vrs_1st_krajina:5 (reserve)
[brigade_assignment] Rehomed rs_1st_vujak_light_infantry into truthful sector owner sector:vrs_1st_krajina:5 (reserve)
[brigade_assignment] Rehomed rs_27th_derventa_motorized into truthful sector owner sector:vrs_1st_krajina:5 (reserve)
[brigade_assignment] Rehomed arbih_109th_mountain into truthful sector owner sector:arbih_1st_corps:3 (reserve)
[brigade_assignment] Rehomed arbih_181st_mountain into truthful sector owner sector:arbih_1st_corps:3 (reserve)
[brigade_assignment] Rehomed arbih_185th_light into truthful sector owner sector:arbih_1st_corps:0 (reserve)
[brigade_assignment] Rehomed F_HRHB_0002 into truthful sector owner sector:hvo_tomislavgrad:0 (reserve)
[brigade_assignment] Rehomed hrhb_6th_brigade_ranko_boban into truthful sector owner sector:hvo_southeast_herzegovina:0 (front)
[brigade_assignment] Rehomed rs_1st_prnjavor_light_infantry into truthful sector owner sector:vrs_1st_krajina:5 (reserve)
[brigade_assignment] Rehomed rs_1st_sipovo_light_infantry into truthful sector owner sector:vrs_1st_krajina:1 (reserve)
[brigade_assignment] Rehomed rs_1st_trebava_infantry into truthful sector owner sector:vrs_1st_krajina:5 (reserve)
[brigade_assignment] Rehomed rs_1st_vujak_light_infantry into truthful sector owner sector:vrs_1st_krajina:5 (reserve)
[brigade_assignment] Rehomed rs_27th_derventa_motorized into truthful sector owner sector:vrs_1st_krajina:5 (reserve)
[brigade_assignment] Rehomed arbih_109th_mountain into truthful sector owner sector:arbih_1st_corps:3 (reserve)
[brigade_assignment] Rehomed arbih_181st_mountain into truthful sector owner sector:arbih_1st_corps:3 (reserve)
[brigade_assignment] Rehomed arbih_185th_light into truthful sector owner sector:arbih_1st_corps:0 (reserve)
[brigade_assignment] Rehomed F_HRHB_0002 into truthful sector owner sector:hvo_tomislavgrad:0 (reserve)
[brigade_assignment] Rehomed rs_1st_prnjavor_light_infantry into truthful sector owner sector:vrs_1st_krajina:7 (reserve)
[brigade_assignment] Rehomed rs_1st_sipovo_light_infantry into truthful sector owner sector:vrs_1st_krajina:3 (reserve)
[brigade_assignment] Rehomed rs_1st_trebava_infantry into truthful sector owner sector:vrs_1st_krajina:7 (reserve)
[brigade_assignment] Rehomed rs_1st_vujak_light_infantry into truthful sector owner sector:vrs_1st_krajina:7 (reserve)
[brigade_assignment] Rehomed rs_27th_derventa_motorized into truthful sector owner sector:vrs_1st_krajina:7 (reserve)
[brigade_assignment] FINAL_SEAL kind=turn turn=109 unresolved=0
[brigade_assignment] Rehomed rs_1st_prnjavor_light_infantry into truthful sector owner sector:vrs_1st_krajina:6 (reserve)
[brigade_assignment] Rehomed rs_1st_trebava_infantry into truthful sector owner sector:vrs_1st_krajina:6 (reserve)
[brigade_assignment] Rehomed rs_1st_vujak_light_infantry into truthful sector owner sector:vrs_1st_krajina:6 (reserve)
[brigade_assignment] Rehomed rs_27th_derventa_motorized into truthful sector owner sector:vrs_1st_krajina:6 (reserve)
[brigade_assignment] Rehomed arbih_109th_mountain into truthful sector owner sector:arbih_1st_corps:3 (reserve)
[brigade_assignment] Rehomed arbih_181st_mountain into truthful sector owner sector:arbih_1st_corps:3 (reserve)
[brigade_assignment] Rehomed arbih_185th_light into truthful sector owner sector:arbih_1st_corps:0 (reserve)
[brigade_assignment] Rehomed F_HRHB_0002 into truthful sector owner sector:hvo_tomislavgrad:0 (reserve)
[brigade_assignment] Rehomed hrhb_1st_brigade_mostar into truthful sector owner sector:hvo_southeast_herzegovina:0 (front)
[brigade_assignment] Rehomed hrhb_6th_brigade_ranko_boban into truthful sector owner sector:hvo_southeast_herzegovina:0 (front)
[brigade_assignment] Rehomed rs_19th_krajina_light_infantry into truthful sector owner sector:vrs_1st_krajina:2 (front)
[brigade_assignment] Rehomed rs_1st_prnjavor_light_infantry into truthful sector owner sector:vrs_1st_krajina:6 (reserve)
[brigade_assignment] Rehomed rs_1st_trebava_infantry into truthful sector owner sector:vrs_1st_krajina:6 (reserve)
[brigade_assignment] Rehomed rs_1st_vujak_light_infantry into truthful sector owner sector:vrs_1st_krajina:6 (reserve)
[brigade_assignment] Rehomed rs_22nd_krajina_infantry into truthful sector owner sector:vrs_1st_krajina:2 (front)
[brigade_assignment] Rehomed rs_27th_derventa_motorized into truthful sector owner sector:vrs_1st_krajina:6 (reserve)
[brigade_assignment] Rehomed arbih_109th_mountain into truthful sector owner sector:arbih_1st_corps:3 (reserve)
[brigade_assignment] Rehomed arbih_181st_mountain into truthful sector owner sector:arbih_1st_corps:3 (reserve)
[brigade_assignment] Rehomed arbih_185th_light into truthful sector owner sector:arbih_1st_corps:0 (reserve)
[brigade_assignment] Rehomed F_HRHB_0002 into truthful sector owner sector:hvo_tomislavgrad:0 (reserve)
[brigade_assignment] Rehomed rs_1st_prnjavor_light_infantry into truthful sector owner sector:vrs_1st_krajina:8 (reserve)
[brigade_assignment] Rehomed rs_1st_trebava_infantry into truthful sector owner sector:vrs_1st_krajina:8 (reserve)
[brigade_assignment] Rehomed rs_1st_vujak_light_infantry into truthful sector owner sector:vrs_1st_krajina:8 (reserve)
[brigade_assignment] Rehomed rs_27th_derventa_motorized into truthful sector owner sector:vrs_1st_krajina:8 (reserve)
[brigade_assignment] Rehomed rs_1st_prnjavor_light_infantry into truthful sector owner sector:vrs_1st_krajina:6 (reserve)
[brigade_assignment] Rehomed rs_1st_trebava_infantry into truthful sector owner sector:vrs_1st_krajina:6 (reserve)
[brigade_assignment] Rehomed rs_1st_vujak_light_infantry into truthful sector owner sector:vrs_1st_krajina:6 (reserve)
[brigade_assignment] Rehomed rs_27th_derventa_motorized into truthful sector owner sector:vrs_1st_krajina:6 (reserve)
[brigade_assignment] Rehomed arbih_109th_mountain into truthful sector owner sector:arbih_1st_corps:3 (reserve)
[brigade_assignment] Rehomed arbih_181st_mountain into truthful sector owner sector:arbih_1st_corps:3 (reserve)
[brigade_assignment] Rehomed arbih_185th_light into truthful sector owner sector:arbih_1st_corps:0 (reserve)
[brigade_assignment] Rehomed F_HRHB_0002 into truthful sector owner sector:hvo_tomislavgrad:0 (reserve)
[brigade_assignment] Rehomed hrhb_1st_brigade_mostar into truthful sector owner sector:hvo_southeast_herzegovina:0 (front)
[brigade_assignment] Rehomed hrhb_6th_brigade_ranko_boban into truthful sector owner sector:hvo_southeast_herzegovina:0 (front)
[brigade_assignment] Rehomed rs_19th_krajina_light_infantry into truthful sector owner sector:vrs_1st_krajina:2 (front)
[brigade_assignment] Rehomed rs_1st_prnjavor_light_infantry into truthful sector owner sector:vrs_1st_krajina:6 (reserve)
[brigade_assignment] Rehomed rs_1st_trebava_infantry into truthful sector owner sector:vrs_1st_krajina:6 (reserve)
[brigade_assignment] Rehomed rs_1st_vujak_light_infantry into truthful sector owner sector:vrs_1st_krajina:6 (reserve)
[brigade_assignment] Rehomed rs_22nd_krajina_infantry into truthful sector owner sector:vrs_1st_krajina:2 (front)
[brigade_assignment] Rehomed rs_27th_derventa_motorized into truthful sector owner sector:vrs_1st_krajina:6 (reserve)
[brigade_assignment] Rehomed arbih_109th_mountain into truthful sector owner sector:arbih_1st_corps:3 (reserve)
[brigade_assignment] Rehomed arbih_181st_mountain into truthful sector owner sector:arbih_1st_corps:3 (reserve)
[brigade_assignment] Rehomed arbih_185th_light into truthful sector owner sector:arbih_1st_corps:0 (reserve)
[brigade_assignment] Rehomed F_HRHB_0002 into truthful sector owner sector:hvo_tomislavgrad:0 (reserve)
[brigade_assignment] Rehomed rs_1st_prnjavor_light_infantry into truthful sector owner sector:vrs_1st_krajina:8 (reserve)
[brigade_assignment] Rehomed rs_1st_trebava_infantry into truthful sector owner sector:vrs_1st_krajina:8 (reserve)
[brigade_assignment] Rehomed rs_1st_vujak_light_infantry into truthful sector owner sector:vrs_1st_krajina:8 (reserve)
[brigade_assignment] Rehomed rs_27th_derventa_motorized into truthful sector owner sector:vrs_1st_krajina:8 (reserve)
[brigade_assignment] FINAL_SEAL kind=turn turn=110 unresolved=0
[brigade_assignment] Rehomed rs_1st_prnjavor_light_infantry into truthful sector owner sector:vrs_1st_krajina:4 (reserve)
[brigade_assignment] Rehomed rs_1st_trebava_infantry into truthful sector owner sector:vrs_1st_krajina:4 (reserve)
[brigade_assignment] Rehomed rs_1st_vujak_light_infantry into truthful sector owner sector:vrs_1st_krajina:4 (reserve)
[brigade_assignment] Rehomed rs_27th_derventa_motorized into truthful sector owner sector:vrs_1st_krajina:4 (reserve)
[brigade_assignment] Rehomed arbih_109th_mountain into truthful sector owner sector:arbih_1st_corps:3 (reserve)
[brigade_assignment] Rehomed arbih_181st_mountain into truthful sector owner sector:arbih_1st_corps:3 (reserve)
[brigade_assignment] Rehomed arbih_185th_light into truthful sector owner sector:arbih_1st_corps:0 (reserve)
[brigade_assignment] Rehomed F_HRHB_0002 into truthful sector owner sector:hvo_tomislavgrad:0 (reserve)
[brigade_assignment] Rehomed hrhb_1st_brigade_mostar into truthful sector owner sector:hvo_southeast_herzegovina:0 (front)
[brigade_assignment] Rehomed hrhb_6th_brigade_ranko_boban into truthful sector owner sector:hvo_southeast_herzegovina:0 (front)
[brigade_assignment] Rehomed rs_11th_dubica_infantry into truthful sector owner sector:vrs_1st_krajina:1 (reserve)
[brigade_assignment] Rehomed rs_1st_prnjavor_light_infantry into truthful sector owner sector:vrs_1st_krajina:4 (reserve)
[brigade_assignment] Rehomed rs_1st_sipovo_light_infantry into truthful sector owner sector:vrs_1st_krajina:1 (reserve)
[brigade_assignment] Rehomed rs_1st_trebava_infantry into truthful sector owner sector:vrs_1st_krajina:4 (reserve)
[brigade_assignment] Rehomed rs_1st_vujak_light_infantry into truthful sector owner sector:vrs_1st_krajina:4 (reserve)
[brigade_assignment] Rehomed rs_27th_derventa_motorized into truthful sector owner sector:vrs_1st_krajina:4 (reserve)
[brigade_assignment] Rehomed arbih_109th_mountain into truthful sector owner sector:arbih_1st_corps:3 (reserve)
[brigade_assignment] Rehomed arbih_181st_mountain into truthful sector owner sector:arbih_1st_corps:3 (reserve)
[brigade_assignment] Rehomed arbih_185th_light into truthful sector owner sector:arbih_1st_corps:0 (reserve)
[brigade_assignment] Rehomed F_HRHB_0002 into truthful sector owner sector:hvo_tomislavgrad:0 (reserve)
[brigade_assignment] Rehomed rs_11th_dubica_infantry into truthful sector owner sector:vrs_1st_krajina:3 (reserve)
[brigade_assignment] Rehomed rs_1st_prnjavor_light_infantry into truthful sector owner sector:vrs_1st_krajina:6 (reserve)
[brigade_assignment] Rehomed rs_1st_sipovo_light_infantry into truthful sector owner sector:vrs_1st_krajina:3 (reserve)
[brigade_assignment] Rehomed rs_1st_trebava_infantry into truthful sector owner sector:vrs_1st_krajina:6 (reserve)
[brigade_assignment] Rehomed rs_1st_vujak_light_infantry into truthful sector owner sector:vrs_1st_krajina:6 (reserve)
[brigade_assignment] Rehomed rs_27th_derventa_motorized into truthful sector owner sector:vrs_1st_krajina:6 (reserve)
[brigade_assignment] Rehomed rs_1st_prnjavor_light_infantry into truthful sector owner sector:vrs_1st_krajina:5 (reserve)
[brigade_assignment] Rehomed rs_1st_trebava_infantry into truthful sector owner sector:vrs_1st_krajina:5 (reserve)
[brigade_assignment] Rehomed rs_1st_vujak_light_infantry into truthful sector owner sector:vrs_1st_krajina:5 (reserve)
[brigade_assignment] Rehomed rs_27th_derventa_motorized into truthful sector owner sector:vrs_1st_krajina:5 (reserve)
[brigade_assignment] Rehomed arbih_109th_mountain into truthful sector owner sector:arbih_1st_corps:3 (reserve)
[brigade_assignment] Rehomed arbih_181st_mountain into truthful sector owner sector:arbih_1st_corps:3 (reserve)
[brigade_assignment] Rehomed arbih_185th_light into truthful sector owner sector:arbih_1st_corps:0 (reserve)
[brigade_assignment] Rehomed F_HRHB_0002 into truthful sector owner sector:hvo_tomislavgrad:0 (reserve)
[brigade_assignment] Rehomed hrhb_1st_brigade_mostar into truthful sector owner sector:hvo_southeast_herzegovina:0 (front)
[brigade_assignment] Rehomed hrhb_6th_brigade_ranko_boban into truthful sector owner sector:hvo_southeast_herzegovina:0 (front)
[brigade_assignment] Rehomed rs_1st_prnjavor_light_infantry into truthful sector owner sector:vrs_1st_krajina:5 (reserve)
[brigade_assignment] Rehomed rs_1st_sipovo_light_infantry into truthful sector owner sector:vrs_1st_krajina:1 (reserve)
[brigade_assignment] Rehomed rs_1st_trebava_infantry into truthful sector owner sector:vrs_1st_krajina:5 (reserve)
[brigade_assignment] Rehomed rs_1st_vujak_light_infantry into truthful sector owner sector:vrs_1st_krajina:5 (reserve)
[brigade_assignment] Rehomed rs_27th_derventa_motorized into truthful sector owner sector:vrs_1st_krajina:5 (reserve)
[brigade_assignment] Rehomed arbih_109th_mountain into truthful sector owner sector:arbih_1st_corps:3 (reserve)
[brigade_assignment] Rehomed arbih_181st_mountain into truthful sector owner sector:arbih_1st_corps:3 (reserve)
[brigade_assignment] Rehomed arbih_185th_light into truthful sector owner sector:arbih_1st_corps:0 (reserve)
[brigade_assignment] Rehomed F_HRHB_0002 into truthful sector owner sector:hvo_tomislavgrad:0 (reserve)
[brigade_assignment] Rehomed rs_1st_prnjavor_light_infantry into truthful sector owner sector:vrs_1st_krajina:7 (reserve)
[brigade_assignment] Rehomed rs_1st_sipovo_light_infantry into truthful sector owner sector:vrs_1st_krajina:3 (reserve)
[brigade_assignment] Rehomed rs_1st_trebava_infantry into truthful sector owner sector:vrs_1st_krajina:7 (reserve)
[brigade_assignment] Rehomed rs_1st_vujak_light_infantry into truthful sector owner sector:vrs_1st_krajina:7 (reserve)
[brigade_assignment] Rehomed rs_27th_derventa_motorized into truthful sector owner sector:vrs_1st_krajina:7 (reserve)
[brigade_assignment] FINAL_SEAL kind=turn turn=111 unresolved=0
[brigade_assignment] Rehomed rs_1st_prnjavor_light_infantry into truthful sector owner sector:vrs_1st_krajina:6 (reserve)
[brigade_assignment] Rehomed rs_1st_trebava_infantry into truthful sector owner sector:vrs_1st_krajina:6 (reserve)
[brigade_assignment] Rehomed rs_1st_vujak_light_infantry into truthful sector owner sector:vrs_1st_krajina:6 (reserve)
[brigade_assignment] Rehomed rs_27th_derventa_motorized into truthful sector owner sector:vrs_1st_krajina:6 (reserve)
[brigade_assignment] Rehomed arbih_109th_mountain into truthful sector owner sector:arbih_1st_corps:3 (reserve)
[brigade_assignment] Rehomed arbih_181st_mountain into truthful sector owner sector:arbih_1st_corps:3 (reserve)
[brigade_assignment] Rehomed arbih_185th_light into truthful sector owner sector:arbih_1st_corps:0 (reserve)
[brigade_assignment] Rehomed F_HRHB_0002 into truthful sector owner sector:hvo_tomislavgrad:0 (reserve)
[brigade_assignment] Rehomed hrhb_1st_brigade_mostar into truthful sector owner sector:hvo_southeast_herzegovina:0 (front)
[brigade_assignment] Rehomed hrhb_6th_brigade_ranko_boban into truthful sector owner sector:hvo_southeast_herzegovina:0 (front)
[brigade_assignment] Rehomed rs_19th_krajina_light_infantry into truthful sector owner sector:vrs_1st_krajina:3 (front)
[brigade_assignment] Rehomed rs_1st_prnjavor_light_infantry into truthful sector owner sector:vrs_1st_krajina:6 (reserve)
[brigade_assignment] Rehomed rs_1st_trebava_infantry into truthful sector owner sector:vrs_1st_krajina:6 (reserve)
[brigade_assignment] Rehomed rs_1st_vujak_light_infantry into truthful sector owner sector:vrs_1st_krajina:6 (reserve)
[brigade_assignment] Rehomed rs_22nd_krajina_infantry into truthful sector owner sector:vrs_1st_krajina:3 (front)
[brigade_assignment] Rehomed rs_27th_derventa_motorized into truthful sector owner sector:vrs_1st_krajina:6 (reserve)
[brigade_assignment] Rehomed arbih_109th_mountain into truthful sector owner sector:arbih_1st_corps:3 (reserve)
[brigade_assignment] Rehomed arbih_181st_mountain into truthful sector owner sector:arbih_1st_corps:3 (reserve)
[brigade_assignment] Rehomed arbih_185th_light into truthful sector owner sector:arbih_1st_corps:0 (reserve)
[brigade_assignment] Rehomed F_HRHB_0002 into truthful sector owner sector:hvo_tomislavgrad:0 (reserve)
[brigade_assignment] Rehomed rs_1st_prnjavor_light_infantry into truthful sector owner sector:vrs_1st_krajina:8 (reserve)
[brigade_assignment] Rehomed rs_1st_trebava_infantry into truthful sector owner sector:vrs_1st_krajina:8 (reserve)
[brigade_assignment] Rehomed rs_1st_vujak_light_infantry into truthful sector owner sector:vrs_1st_krajina:8 (reserve)
[brigade_assignment] Rehomed rs_27th_derventa_motorized into truthful sector owner sector:vrs_1st_krajina:8 (reserve)
[brigade_assignment] Rehomed rs_1st_prnjavor_light_infantry into truthful sector owner sector:vrs_1st_krajina:6 (reserve)
[brigade_assignment] Rehomed rs_1st_trebava_infantry into truthful sector owner sector:vrs_1st_krajina:6 (reserve)
[brigade_assignment] Rehomed rs_1st_vujak_light_infantry into truthful sector owner sector:vrs_1st_krajina:6 (reserve)
[brigade_assignment] Rehomed rs_27th_derventa_motorized into truthful sector owner sector:vrs_1st_krajina:6 (reserve)
[brigade_assignment] Rehomed arbih_109th_mountain into truthful sector owner sector:arbih_1st_corps:3 (reserve)
[brigade_assignment] Rehomed arbih_181st_mountain into truthful sector owner sector:arbih_1st_corps:3 (reserve)
[brigade_assignment] Rehomed arbih_185th_light into truthful sector owner sector:arbih_1st_corps:0 (reserve)
[brigade_assignment] Rehomed F_HRHB_0002 into truthful sector owner sector:hvo_tomislavgrad:0 (reserve)
[brigade_assignment] Rehomed hrhb_1st_brigade_mostar into truthful sector owner sector:hvo_southeast_herzegovina:0 (front)
[brigade_assignment] Rehomed hrhb_6th_brigade_ranko_boban into truthful sector owner sector:hvo_southeast_herzegovina:0 (front)
[brigade_assignment] Rehomed rs_19th_krajina_light_infantry into truthful sector owner sector:vrs_1st_krajina:3 (front)
[brigade_assignment] Rehomed rs_1st_prnjavor_light_infantry into truthful sector owner sector:vrs_1st_krajina:6 (reserve)
[brigade_assignment] Rehomed rs_1st_trebava_infantry into truthful sector owner sector:vrs_1st_krajina:6 (reserve)
[brigade_assignment] Rehomed rs_1st_vujak_light_infantry into truthful sector owner sector:vrs_1st_krajina:6 (reserve)
[brigade_assignment] Rehomed rs_22nd_krajina_infantry into truthful sector owner sector:vrs_1st_krajina:3 (front)
[brigade_assignment] Rehomed rs_27th_derventa_motorized into truthful sector owner sector:vrs_1st_krajina:6 (reserve)
[brigade_assignment] Rehomed arbih_109th_mountain into truthful sector owner sector:arbih_1st_corps:3 (reserve)
[brigade_assignment] Rehomed arbih_181st_mountain into truthful sector owner sector:arbih_1st_corps:3 (reserve)
[brigade_assignment] Rehomed arbih_185th_light into truthful sector owner sector:arbih_1st_corps:0 (reserve)
[brigade_assignment] Rehomed F_HRHB_0002 into truthful sector owner sector:hvo_tomislavgrad:0 (reserve)
[brigade_assignment] Rehomed rs_1st_prnjavor_light_infantry into truthful sector owner sector:vrs_1st_krajina:8 (reserve)
[brigade_assignment] Rehomed rs_1st_trebava_infantry into truthful sector owner sector:vrs_1st_krajina:8 (reserve)
[brigade_assignment] Rehomed rs_1st_vujak_light_infantry into truthful sector owner sector:vrs_1st_krajina:8 (reserve)
[brigade_assignment] Rehomed rs_27th_derventa_motorized into truthful sector owner sector:vrs_1st_krajina:8 (reserve)
[brigade_assignment] FINAL_SEAL kind=turn turn=112 unresolved=0
[brigade_assignment] Rehomed rs_1st_prnjavor_light_infantry into truthful sector owner sector:vrs_1st_krajina:6 (reserve)
[brigade_assignment] Rehomed rs_1st_trebava_infantry into truthful sector owner sector:vrs_1st_krajina:6 (reserve)
[brigade_assignment] Rehomed rs_1st_vujak_light_infantry into truthful sector owner sector:vrs_1st_krajina:6 (reserve)
[brigade_assignment] Rehomed rs_27th_derventa_motorized into truthful sector owner sector:vrs_1st_krajina:6 (reserve)
[brigade_assignment] Rehomed arbih_109th_mountain into truthful sector owner sector:arbih_1st_corps:3 (reserve)
[brigade_assignment] Rehomed arbih_181st_mountain into truthful sector owner sector:arbih_1st_corps:3 (reserve)
[brigade_assignment] Rehomed arbih_185th_light into truthful sector owner sector:arbih_1st_corps:0 (reserve)
[brigade_assignment] Rehomed F_HRHB_0002 into truthful sector owner sector:hvo_tomislavgrad:0 (reserve)
[brigade_assignment] Rehomed hrhb_1st_herzegovina_brigade_knez_domagoj into truthful sector owner sector:hvo_southeast_herzegovina:0 (front)
[brigade_assignment] Rehomed hrhb_6th_brigade_ranko_boban into truthful sector owner sector:hvo_southeast_herzegovina:0 (front)
[brigade_assignment] Rehomed rs_19th_krajina_light_infantry into truthful sector owner sector:vrs_1st_krajina:3 (front)
[brigade_assignment] Rehomed rs_1st_prnjavor_light_infantry into truthful sector owner sector:vrs_1st_krajina:6 (reserve)
[brigade_assignment] Rehomed rs_1st_trebava_infantry into truthful sector owner sector:vrs_1st_krajina:6 (reserve)
[brigade_assignment] Rehomed rs_1st_vujak_light_infantry into truthful sector owner sector:vrs_1st_krajina:6 (reserve)
[brigade_assignment] Rehomed rs_22nd_krajina_infantry into truthful sector owner sector:vrs_1st_krajina:3 (front)
[brigade_assignment] Rehomed rs_27th_derventa_motorized into truthful sector owner sector:vrs_1st_krajina:6 (reserve)
[brigade_assignment] Rehomed arbih_109th_mountain into truthful sector owner sector:arbih_1st_corps:3 (reserve)
[brigade_assignment] Rehomed arbih_181st_mountain into truthful sector owner sector:arbih_1st_corps:3 (reserve)
[brigade_assignment] Rehomed arbih_185th_light into truthful sector owner sector:arbih_1st_corps:0 (reserve)
[brigade_assignment] Rehomed F_HRHB_0002 into truthful sector owner sector:hvo_tomislavgrad:0 (reserve)
[brigade_assignment] Rehomed rs_1st_prnjavor_light_infantry into truthful sector owner sector:vrs_1st_krajina:8 (reserve)
[brigade_assignment] Rehomed rs_1st_trebava_infantry into truthful sector owner sector:vrs_1st_krajina:8 (reserve)
[brigade_assignment] Rehomed rs_1st_vujak_light_infantry into truthful sector owner sector:vrs_1st_krajina:8 (reserve)
[brigade_assignment] Rehomed rs_27th_derventa_motorized into truthful sector owner sector:vrs_1st_krajina:8 (reserve)
[brigade_assignment] Rehomed rs_1st_prnjavor_light_infantry into truthful sector owner sector:vrs_1st_krajina:6 (reserve)
[brigade_assignment] Rehomed rs_1st_trebava_infantry into truthful sector owner sector:vrs_1st_krajina:6 (reserve)
[brigade_assignment] Rehomed rs_1st_vujak_light_infantry into truthful sector owner sector:vrs_1st_krajina:6 (reserve)
[brigade_assignment] Rehomed rs_27th_derventa_motorized into truthful sector owner sector:vrs_1st_krajina:6 (reserve)
[brigade_assignment] Rehomed arbih_109th_mountain into truthful sector owner sector:arbih_1st_corps:3 (reserve)
[brigade_assignment] Rehomed arbih_181st_mountain into truthful sector owner sector:arbih_1st_corps:3 (reserve)
[brigade_assignment] Rehomed arbih_185th_light into truthful sector owner sector:arbih_1st_corps:0 (reserve)
[brigade_assignment] Rehomed F_HRHB_0002 into truthful sector owner sector:hvo_tomislavgrad:0 (reserve)
[brigade_assignment] Rehomed hrhb_1st_herzegovina_brigade_knez_domagoj into truthful sector owner sector:hvo_southeast_herzegovina:0 (front)
[brigade_assignment] Rehomed hrhb_6th_brigade_ranko_boban into truthful sector owner sector:hvo_southeast_herzegovina:0 (front)
[brigade_assignment] Rehomed rs_19th_krajina_light_infantry into truthful sector owner sector:vrs_1st_krajina:3 (front)
[brigade_assignment] Rehomed rs_1st_prnjavor_light_infantry into truthful sector owner sector:vrs_1st_krajina:6 (reserve)
[brigade_assignment] Rehomed rs_1st_trebava_infantry into truthful sector owner sector:vrs_1st_krajina:6 (reserve)
[brigade_assignment] Rehomed rs_1st_vujak_light_infantry into truthful sector owner sector:vrs_1st_krajina:6 (reserve)
[brigade_assignment] Rehomed rs_22nd_krajina_infantry into truthful sector owner sector:vrs_1st_krajina:3 (front)
[brigade_assignment] Rehomed rs_27th_derventa_motorized into truthful sector owner sector:vrs_1st_krajina:6 (reserve)
[brigade_assignment] Rehomed arbih_109th_mountain into truthful sector owner sector:arbih_1st_corps:3 (reserve)
[brigade_assignment] Rehomed arbih_181st_mountain into truthful sector owner sector:arbih_1st_corps:3 (reserve)
[brigade_assignment] Rehomed arbih_185th_light into truthful sector owner sector:arbih_1st_corps:0 (reserve)
[brigade_assignment] Rehomed F_HRHB_0002 into truthful sector owner sector:hvo_tomislavgrad:0 (reserve)
[brigade_assignment] Rehomed rs_1st_prnjavor_light_infantry into truthful sector owner sector:vrs_1st_krajina:8 (reserve)
[brigade_assignment] Rehomed rs_1st_trebava_infantry into truthful sector owner sector:vrs_1st_krajina:8 (reserve)
[brigade_assignment] Rehomed rs_1st_vujak_light_infantry into truthful sector owner sector:vrs_1st_krajina:8 (reserve)
[brigade_assignment] Rehomed rs_27th_derventa_motorized into truthful sector owner sector:vrs_1st_krajina:8 (reserve)
[brigade_assignment] FINAL_SEAL kind=turn turn=113 unresolved=0
[brigade_assignment] Rehomed rs_1st_prnjavor_light_infantry into truthful sector owner sector:vrs_1st_krajina:6 (reserve)
[brigade_assignment] Rehomed rs_1st_trebava_infantry into truthful sector owner sector:vrs_1st_krajina:6 (reserve)
[brigade_assignment] Rehomed rs_1st_vujak_light_infantry into truthful sector owner sector:vrs_1st_krajina:6 (reserve)
[brigade_assignment] Rehomed rs_27th_derventa_motorized into truthful sector owner sector:vrs_1st_krajina:6 (reserve)
[brigade_assignment] Rehomed arbih_109th_mountain into truthful sector owner sector:arbih_1st_corps:3 (reserve)
[brigade_assignment] Rehomed arbih_181st_mountain into truthful sector owner sector:arbih_1st_corps:3 (reserve)
[brigade_assignment] Rehomed arbih_185th_light into truthful sector owner sector:arbih_1st_corps:0 (reserve)
[brigade_assignment] Rehomed F_HRHB_0002 into truthful sector owner sector:hvo_tomislavgrad:0 (reserve)
[brigade_assignment] Rehomed hrhb_6th_brigade_ranko_boban into truthful sector owner sector:hvo_southeast_herzegovina:0 (front)
[brigade_assignment] Rehomed rs_19th_krajina_light_infantry into truthful sector owner sector:vrs_1st_krajina:2 (front)
[brigade_assignment] Rehomed rs_1st_prnjavor_light_infantry into truthful sector owner sector:vrs_1st_krajina:6 (reserve)
[brigade_assignment] Rehomed rs_1st_trebava_infantry into truthful sector owner sector:vrs_1st_krajina:6 (reserve)
[brigade_assignment] Rehomed rs_1st_vujak_light_infantry into truthful sector owner sector:vrs_1st_krajina:6 (reserve)
[brigade_assignment] Rehomed rs_22nd_krajina_infantry into truthful sector owner sector:vrs_1st_krajina:2 (front)
[brigade_assignment] Rehomed rs_27th_derventa_motorized into truthful sector owner sector:vrs_1st_krajina:6 (reserve)
[brigade_assignment] Rehomed arbih_109th_mountain into truthful sector owner sector:arbih_1st_corps:3 (reserve)
[brigade_assignment] Rehomed arbih_181st_mountain into truthful sector owner sector:arbih_1st_corps:3 (reserve)
[brigade_assignment] Rehomed arbih_185th_light into truthful sector owner sector:arbih_1st_corps:0 (reserve)
[brigade_assignment] Rehomed F_HRHB_0002 into truthful sector owner sector:hvo_tomislavgrad:0 (reserve)
[brigade_assignment] Rehomed rs_1st_prnjavor_light_infantry into truthful sector owner sector:vrs_1st_krajina:8 (reserve)
[brigade_assignment] Rehomed rs_1st_trebava_infantry into truthful sector owner sector:vrs_1st_krajina:8 (reserve)
[brigade_assignment] Rehomed rs_1st_vujak_light_infantry into truthful sector owner sector:vrs_1st_krajina:8 (reserve)
[brigade_assignment] Rehomed rs_27th_derventa_motorized into truthful sector owner sector:vrs_1st_krajina:8 (reserve)
[brigade_assignment] Rehomed rs_1st_prnjavor_light_infantry into truthful sector owner sector:vrs_1st_krajina:6 (reserve)
[brigade_assignment] Rehomed rs_1st_trebava_infantry into truthful sector owner sector:vrs_1st_krajina:6 (reserve)
[brigade_assignment] Rehomed rs_1st_vujak_light_infantry into truthful sector owner sector:vrs_1st_krajina:6 (reserve)
[brigade_assignment] Rehomed rs_27th_derventa_motorized into truthful sector owner sector:vrs_1st_krajina:6 (reserve)
[brigade_assignment] Rehomed arbih_109th_mountain into truthful sector owner sector:arbih_1st_corps:3 (reserve)
[brigade_assignment] Rehomed arbih_181st_mountain into truthful sector owner sector:arbih_1st_corps:3 (reserve)
[brigade_assignment] Rehomed arbih_185th_light into truthful sector owner sector:arbih_1st_corps:0 (reserve)
[brigade_assignment] Rehomed F_HRHB_0002 into truthful sector owner sector:hvo_tomislavgrad:0 (reserve)
[brigade_assignment] Rehomed hrhb_6th_brigade_ranko_boban into truthful sector owner sector:hvo_southeast_herzegovina:0 (front)
[brigade_assignment] Rehomed rs_19th_krajina_light_infantry into truthful sector owner sector:vrs_1st_krajina:2 (front)
[brigade_assignment] Rehomed rs_1st_prnjavor_light_infantry into truthful sector owner sector:vrs_1st_krajina:6 (reserve)
[brigade_assignment] Rehomed rs_1st_trebava_infantry into truthful sector owner sector:vrs_1st_krajina:6 (reserve)
[brigade_assignment] Rehomed rs_1st_vujak_light_infantry into truthful sector owner sector:vrs_1st_krajina:6 (reserve)
[brigade_assignment] Rehomed rs_22nd_krajina_infantry into truthful sector owner sector:vrs_1st_krajina:2 (front)
[brigade_assignment] Rehomed rs_27th_derventa_motorized into truthful sector owner sector:vrs_1st_krajina:6 (reserve)
[brigade_assignment] Rehomed arbih_109th_mountain into truthful sector owner sector:arbih_1st_corps:3 (reserve)
[brigade_assignment] Rehomed arbih_181st_mountain into truthful sector owner sector:arbih_1st_corps:3 (reserve)
[brigade_assignment] Rehomed arbih_185th_light into truthful sector owner sector:arbih_1st_corps:0 (reserve)
[brigade_assignment] Rehomed F_HRHB_0002 into truthful sector owner sector:hvo_tomislavgrad:0 (reserve)
[brigade_assignment] Rehomed rs_1st_prnjavor_light_infantry into truthful sector owner sector:vrs_1st_krajina:8 (reserve)
[brigade_assignment] Rehomed rs_1st_trebava_infantry into truthful sector owner sector:vrs_1st_krajina:8 (reserve)
[brigade_assignment] Rehomed rs_1st_vujak_light_infantry into truthful sector owner sector:vrs_1st_krajina:8 (reserve)
[brigade_assignment] Rehomed rs_27th_derventa_motorized into truthful sector owner sector:vrs_1st_krajina:8 (reserve)
[brigade_assignment] FINAL_SEAL kind=turn turn=114 unresolved=0
[brigade_assignment] Rehomed rs_1st_prnjavor_light_infantry into truthful sector owner sector:vrs_1st_krajina:6 (reserve)
[brigade_assignment] Rehomed rs_1st_trebava_infantry into truthful sector owner sector:vrs_1st_krajina:6 (reserve)
[brigade_assignment] Rehomed rs_1st_vujak_light_infantry into truthful sector owner sector:vrs_1st_krajina:6 (reserve)
[brigade_assignment] Rehomed rs_27th_derventa_motorized into truthful sector owner sector:vrs_1st_krajina:6 (reserve)
[brigade_assignment] Rehomed arbih_109th_mountain into truthful sector owner sector:arbih_1st_corps:3 (reserve)
[brigade_assignment] Rehomed arbih_181st_mountain into truthful sector owner sector:arbih_1st_corps:3 (reserve)
[brigade_assignment] Rehomed arbih_185th_light into truthful sector owner sector:arbih_1st_corps:0 (reserve)
[brigade_assignment] Rehomed F_HRHB_0002 into truthful sector owner sector:hvo_tomislavgrad:0 (reserve)
[brigade_assignment] Rehomed hrhb_6th_brigade_ranko_boban into truthful sector owner sector:hvo_southeast_herzegovina:0 (front)
[brigade_assignment] Rehomed rs_19th_krajina_light_infantry into truthful sector owner sector:vrs_1st_krajina:2 (front)
[brigade_assignment] Rehomed rs_1st_prnjavor_light_infantry into truthful sector owner sector:vrs_1st_krajina:6 (reserve)
[brigade_assignment] Rehomed rs_1st_trebava_infantry into truthful sector owner sector:vrs_1st_krajina:6 (reserve)
[brigade_assignment] Rehomed rs_1st_vujak_light_infantry into truthful sector owner sector:vrs_1st_krajina:6 (reserve)
[brigade_assignment] Rehomed rs_22nd_krajina_infantry into truthful sector owner sector:vrs_1st_krajina:2 (front)
[brigade_assignment] Rehomed rs_27th_derventa_motorized into truthful sector owner sector:vrs_1st_krajina:6 (reserve)
[brigade_assignment] Rehomed arbih_109th_mountain into truthful sector owner sector:arbih_1st_corps:3 (reserve)
[brigade_assignment] Rehomed arbih_181st_mountain into truthful sector owner sector:arbih_1st_corps:3 (reserve)
[brigade_assignment] Rehomed arbih_185th_light into truthful sector owner sector:arbih_1st_corps:0 (reserve)
[brigade_assignment] Rehomed F_HRHB_0002 into truthful sector owner sector:hvo_tomislavgrad:0 (reserve)
[brigade_assignment] Rehomed rs_1st_prnjavor_light_infantry into truthful sector owner sector:vrs_1st_krajina:8 (reserve)
[brigade_assignment] Rehomed rs_1st_trebava_infantry into truthful sector owner sector:vrs_1st_krajina:8 (reserve)
[brigade_assignment] Rehomed rs_1st_vujak_light_infantry into truthful sector owner sector:vrs_1st_krajina:8 (reserve)
[brigade_assignment] Rehomed rs_27th_derventa_motorized into truthful sector owner sector:vrs_1st_krajina:8 (reserve)
[brigade_assignment] Rehomed rs_1st_prnjavor_light_infantry into truthful sector owner sector:vrs_1st_krajina:6 (reserve)
[brigade_assignment] Rehomed rs_1st_trebava_infantry into truthful sector owner sector:vrs_1st_krajina:6 (reserve)
[brigade_assignment] Rehomed rs_1st_vujak_light_infantry into truthful sector owner sector:vrs_1st_krajina:6 (reserve)
[brigade_assignment] Rehomed rs_27th_derventa_motorized into truthful sector owner sector:vrs_1st_krajina:6 (reserve)
[brigade_assignment] Rehomed arbih_109th_mountain into truthful sector owner sector:arbih_1st_corps:3 (reserve)
[brigade_assignment] Rehomed arbih_181st_mountain into truthful sector owner sector:arbih_1st_corps:3 (reserve)
[brigade_assignment] Rehomed arbih_185th_light into truthful sector owner sector:arbih_1st_corps:0 (reserve)
[brigade_assignment] Rehomed F_HRHB_0002 into truthful sector owner sector:hvo_tomislavgrad:0 (reserve)
[brigade_assignment] Rehomed hrhb_6th_brigade_ranko_boban into truthful sector owner sector:hvo_southeast_herzegovina:0 (front)
[brigade_assignment] Rehomed rs_19th_krajina_light_infantry into truthful sector owner sector:vrs_1st_krajina:2 (front)
[brigade_assignment] Rehomed rs_1st_prnjavor_light_infantry into truthful sector owner sector:vrs_1st_krajina:6 (reserve)
[brigade_assignment] Rehomed rs_1st_trebava_infantry into truthful sector owner sector:vrs_1st_krajina:6 (reserve)
[brigade_assignment] Rehomed rs_1st_vujak_light_infantry into truthful sector owner sector:vrs_1st_krajina:6 (reserve)
[brigade_assignment] Rehomed rs_22nd_krajina_infantry into truthful sector owner sector:vrs_1st_krajina:2 (front)
[brigade_assignment] Rehomed rs_27th_derventa_motorized into truthful sector owner sector:vrs_1st_krajina:6 (reserve)
[brigade_assignment] Rehomed arbih_109th_mountain into truthful sector owner sector:arbih_1st_corps:3 (reserve)
[brigade_assignment] Rehomed arbih_181st_mountain into truthful sector owner sector:arbih_1st_corps:3 (reserve)
[brigade_assignment] Rehomed arbih_185th_light into truthful sector owner sector:arbih_1st_corps:0 (reserve)
[brigade_assignment] Rehomed F_HRHB_0002 into truthful sector owner sector:hvo_tomislavgrad:0 (reserve)
[brigade_assignment] Rehomed rs_1st_prnjavor_light_infantry into truthful sector owner sector:vrs_1st_krajina:8 (reserve)
[brigade_assignment] Rehomed rs_1st_trebava_infantry into truthful sector owner sector:vrs_1st_krajina:8 (reserve)
[brigade_assignment] Rehomed rs_1st_vujak_light_infantry into truthful sector owner sector:vrs_1st_krajina:8 (reserve)
[brigade_assignment] Rehomed rs_27th_derventa_motorized into truthful sector owner sector:vrs_1st_krajina:8 (reserve)
[brigade_assignment] FINAL_SEAL kind=turn turn=115 unresolved=0
[brigade_assignment] Rehomed rs_1st_prnjavor_light_infantry into truthful sector owner sector:vrs_1st_krajina:6 (reserve)
[brigade_assignment] Rehomed rs_1st_trebava_infantry into truthful sector owner sector:vrs_1st_krajina:6 (reserve)
[brigade_assignment] Rehomed rs_1st_vujak_light_infantry into truthful sector owner sector:vrs_1st_krajina:6 (reserve)
[brigade_assignment] Rehomed rs_27th_derventa_motorized into truthful sector owner sector:vrs_1st_krajina:6 (reserve)
[brigade_assignment] Rehomed arbih_109th_mountain into truthful sector owner sector:arbih_1st_corps:3 (reserve)
[brigade_assignment] Rehomed arbih_181st_mountain into truthful sector owner sector:arbih_1st_corps:3 (reserve)
[brigade_assignment] Rehomed arbih_185th_light into truthful sector owner sector:arbih_1st_corps:0 (reserve)
[brigade_assignment] Rehomed F_HRHB_0002 into truthful sector owner sector:hvo_tomislavgrad:0 (reserve)
[brigade_assignment] Rehomed hrhb_1st_brigade_mostar into truthful sector owner sector:hvo_southeast_herzegovina:0 (front)
[brigade_assignment] Rehomed hrhb_6th_brigade_ranko_boban into truthful sector owner sector:hvo_southeast_herzegovina:0 (front)
[brigade_assignment] Rehomed rs_19th_krajina_light_infantry into truthful sector owner sector:vrs_1st_krajina:2 (front)
[brigade_assignment] Rehomed rs_1st_prnjavor_light_infantry into truthful sector owner sector:vrs_1st_krajina:6 (reserve)
[brigade_assignment] Rehomed rs_1st_trebava_infantry into truthful sector owner sector:vrs_1st_krajina:6 (reserve)
[brigade_assignment] Rehomed rs_1st_vujak_light_infantry into truthful sector owner sector:vrs_1st_krajina:6 (reserve)
[brigade_assignment] Rehomed rs_22nd_krajina_infantry into truthful sector owner sector:vrs_1st_krajina:2 (front)
[brigade_assignment] Rehomed rs_27th_derventa_motorized into truthful sector owner sector:vrs_1st_krajina:6 (reserve)
[brigade_assignment] Rehomed arbih_109th_mountain into truthful sector owner sector:arbih_1st_corps:3 (reserve)
[brigade_assignment] Rehomed arbih_181st_mountain into truthful sector owner sector:arbih_1st_corps:3 (reserve)
[brigade_assignment] Rehomed arbih_185th_light into truthful sector owner sector:arbih_1st_corps:0 (reserve)
[brigade_assignment] Rehomed F_HRHB_0002 into truthful sector owner sector:hvo_tomislavgrad:0 (reserve)
[brigade_assignment] Rehomed rs_1st_prnjavor_light_infantry into truthful sector owner sector:vrs_1st_krajina:8 (reserve)
[brigade_assignment] Rehomed rs_1st_trebava_infantry into truthful sector owner sector:vrs_1st_krajina:8 (reserve)
[brigade_assignment] Rehomed rs_1st_vujak_light_infantry into truthful sector owner sector:vrs_1st_krajina:8 (reserve)
[brigade_assignment] Rehomed rs_27th_derventa_motorized into truthful sector owner sector:vrs_1st_krajina:8 (reserve)
[brigade_assignment] Rehomed rs_1st_prnjavor_light_infantry into truthful sector owner sector:vrs_1st_krajina:6 (reserve)
[brigade_assignment] Rehomed rs_1st_trebava_infantry into truthful sector owner sector:vrs_1st_krajina:6 (reserve)
[brigade_assignment] Rehomed rs_1st_vujak_light_infantry into truthful sector owner sector:vrs_1st_krajina:6 (reserve)
[brigade_assignment] Rehomed rs_27th_derventa_motorized into truthful sector owner sector:vrs_1st_krajina:6 (reserve)
[brigade_assignment] Rehomed arbih_109th_mountain into truthful sector owner sector:arbih_1st_corps:3 (reserve)
[brigade_assignment] Rehomed arbih_181st_mountain into truthful sector owner sector:arbih_1st_corps:3 (reserve)
[brigade_assignment] Rehomed arbih_185th_light into truthful sector owner sector:arbih_1st_corps:0 (reserve)
[brigade_assignment] Rehomed F_HRHB_0002 into truthful sector owner sector:hvo_tomislavgrad:0 (reserve)
[brigade_assignment] Rehomed hrhb_1st_brigade_mostar into truthful sector owner sector:hvo_southeast_herzegovina:0 (front)
[brigade_assignment] Rehomed hrhb_6th_brigade_ranko_boban into truthful sector owner sector:hvo_southeast_herzegovina:0 (front)
[brigade_assignment] Rehomed rs_19th_krajina_light_infantry into truthful sector owner sector:vrs_1st_krajina:2 (front)
[brigade_assignment] Rehomed rs_1st_prnjavor_light_infantry into truthful sector owner sector:vrs_1st_krajina:6 (reserve)
[brigade_assignment] Rehomed rs_1st_trebava_infantry into truthful sector owner sector:vrs_1st_krajina:6 (reserve)
[brigade_assignment] Rehomed rs_1st_vujak_light_infantry into truthful sector owner sector:vrs_1st_krajina:6 (reserve)
[brigade_assignment] Rehomed rs_22nd_krajina_infantry into truthful sector owner sector:vrs_1st_krajina:2 (front)
[brigade_assignment] Rehomed rs_27th_derventa_motorized into truthful sector owner sector:vrs_1st_krajina:6 (reserve)
[brigade_assignment] Rehomed arbih_109th_mountain into truthful sector owner sector:arbih_1st_corps:3 (reserve)
[brigade_assignment] Rehomed arbih_181st_mountain into truthful sector owner sector:arbih_1st_corps:3 (reserve)
[brigade_assignment] Rehomed arbih_185th_light into truthful sector owner sector:arbih_1st_corps:0 (reserve)
[brigade_assignment] Rehomed F_HRHB_0002 into truthful sector owner sector:hvo_tomislavgrad:0 (reserve)
[brigade_assignment] Rehomed rs_1st_prnjavor_light_infantry into truthful sector owner sector:vrs_1st_krajina:8 (reserve)
[brigade_assignment] Rehomed rs_1st_trebava_infantry into truthful sector owner sector:vrs_1st_krajina:8 (reserve)
[brigade_assignment] Rehomed rs_1st_vujak_light_infantry into truthful sector owner sector:vrs_1st_krajina:8 (reserve)
[brigade_assignment] Rehomed rs_27th_derventa_motorized into truthful sector owner sector:vrs_1st_krajina:8 (reserve)
[brigade_assignment] FINAL_SEAL kind=turn turn=116 unresolved=0
[brigade_assignment] Rehomed rs_1st_prnjavor_light_infantry into truthful sector owner sector:vrs_1st_krajina:6 (reserve)
[brigade_assignment] Rehomed rs_1st_trebava_infantry into truthful sector owner sector:vrs_1st_krajina:6 (reserve)
[brigade_assignment] Rehomed rs_1st_vujak_light_infantry into truthful sector owner sector:vrs_1st_krajina:6 (reserve)
[brigade_assignment] Rehomed rs_27th_derventa_motorized into truthful sector owner sector:vrs_1st_krajina:6 (reserve)
[brigade_assignment] Rehomed arbih_109th_mountain into truthful sector owner sector:arbih_1st_corps:3 (reserve)
[brigade_assignment] Rehomed arbih_181st_mountain into truthful sector owner sector:arbih_1st_corps:3 (reserve)
[brigade_assignment] Rehomed arbih_185th_light into truthful sector owner sector:arbih_1st_corps:0 (reserve)
[brigade_assignment] Rehomed F_HRHB_0002 into truthful sector owner sector:hvo_tomislavgrad:0 (reserve)
[brigade_assignment] Rehomed hrhb_1st_brigade_mostar into truthful sector owner sector:hvo_southeast_herzegovina:0 (front)
[brigade_assignment] Rehomed hrhb_6th_brigade_ranko_boban into truthful sector owner sector:hvo_southeast_herzegovina:0 (front)
[brigade_assignment] Rehomed rs_19th_krajina_light_infantry into truthful sector owner sector:vrs_1st_krajina:2 (front)
[brigade_assignment] Rehomed rs_1st_prnjavor_light_infantry into truthful sector owner sector:vrs_1st_krajina:6 (reserve)
[brigade_assignment] Rehomed rs_1st_trebava_infantry into truthful sector owner sector:vrs_1st_krajina:6 (reserve)
[brigade_assignment] Rehomed rs_1st_vujak_light_infantry into truthful sector owner sector:vrs_1st_krajina:6 (reserve)
[brigade_assignment] Rehomed rs_22nd_krajina_infantry into truthful sector owner sector:vrs_1st_krajina:2 (front)
[brigade_assignment] Rehomed rs_27th_derventa_motorized into truthful sector owner sector:vrs_1st_krajina:6 (reserve)
[brigade_assignment] Rehomed arbih_109th_mountain into truthful sector owner sector:arbih_1st_corps:3 (reserve)
[brigade_assignment] Rehomed arbih_181st_mountain into truthful sector owner sector:arbih_1st_corps:3 (reserve)
[brigade_assignment] Rehomed arbih_185th_light into truthful sector owner sector:arbih_1st_corps:0 (reserve)
[brigade_assignment] Rehomed F_HRHB_0002 into truthful sector owner sector:hvo_tomislavgrad:0 (reserve)
[brigade_assignment] Rehomed rs_1st_prnjavor_light_infantry into truthful sector owner sector:vrs_1st_krajina:8 (reserve)
[brigade_assignment] Rehomed rs_1st_trebava_infantry into truthful sector owner sector:vrs_1st_krajina:8 (reserve)
[brigade_assignment] Rehomed rs_1st_vujak_light_infantry into truthful sector owner sector:vrs_1st_krajina:8 (reserve)
[brigade_assignment] Rehomed rs_27th_derventa_motorized into truthful sector owner sector:vrs_1st_krajina:8 (reserve)
[brigade_assignment] Rehomed rs_1st_prnjavor_light_infantry into truthful sector owner sector:vrs_1st_krajina:6 (reserve)
[brigade_assignment] Rehomed rs_1st_trebava_infantry into truthful sector owner sector:vrs_1st_krajina:6 (reserve)
[brigade_assignment] Rehomed rs_1st_vujak_light_infantry into truthful sector owner sector:vrs_1st_krajina:6 (reserve)
[brigade_assignment] Rehomed rs_27th_derventa_motorized into truthful sector owner sector:vrs_1st_krajina:6 (reserve)
[brigade_assignment] Rehomed arbih_109th_mountain into truthful sector owner sector:arbih_1st_corps:3 (reserve)
[brigade_assignment] Rehomed arbih_181st_mountain into truthful sector owner sector:arbih_1st_corps:3 (reserve)
[brigade_assignment] Rehomed arbih_185th_light into truthful sector owner sector:arbih_1st_corps:0 (reserve)
[brigade_assignment] Rehomed F_HRHB_0002 into truthful sector owner sector:hvo_tomislavgrad:0 (reserve)
[brigade_assignment] Rehomed hrhb_1st_brigade_mostar into truthful sector owner sector:hvo_southeast_herzegovina:0 (front)
[brigade_assignment] Rehomed hrhb_6th_brigade_ranko_boban into truthful sector owner sector:hvo_southeast_herzegovina:0 (front)
[brigade_assignment] Rehomed rs_19th_krajina_light_infantry into truthful sector owner sector:vrs_1st_krajina:2 (front)
[brigade_assignment] Rehomed rs_1st_prnjavor_light_infantry into truthful sector owner sector:vrs_1st_krajina:6 (reserve)
[brigade_assignment] Rehomed rs_1st_trebava_infantry into truthful sector owner sector:vrs_1st_krajina:6 (reserve)
[brigade_assignment] Rehomed rs_1st_vujak_light_infantry into truthful sector owner sector:vrs_1st_krajina:6 (reserve)
[brigade_assignment] Rehomed rs_22nd_krajina_infantry into truthful sector owner sector:vrs_1st_krajina:2 (front)
[brigade_assignment] Rehomed rs_27th_derventa_motorized into truthful sector owner sector:vrs_1st_krajina:6 (reserve)
[brigade_assignment] Rehomed arbih_109th_mountain into truthful sector owner sector:arbih_1st_corps:3 (reserve)
[brigade_assignment] Rehomed arbih_181st_mountain into truthful sector owner sector:arbih_1st_corps:3 (reserve)
[brigade_assignment] Rehomed arbih_185th_light into truthful sector owner sector:arbih_1st_corps:0 (reserve)
[brigade_assignment] Rehomed F_HRHB_0002 into truthful sector owner sector:hvo_tomislavgrad:0 (reserve)
[brigade_assignment] Rehomed rs_1st_prnjavor_light_infantry into truthful sector owner sector:vrs_1st_krajina:8 (reserve)
[brigade_assignment] Rehomed rs_1st_trebava_infantry into truthful sector owner sector:vrs_1st_krajina:8 (reserve)
[brigade_assignment] Rehomed rs_1st_vujak_light_infantry into truthful sector owner sector:vrs_1st_krajina:8 (reserve)
[brigade_assignment] Rehomed rs_27th_derventa_motorized into truthful sector owner sector:vrs_1st_krajina:8 (reserve)
[brigade_assignment] FINAL_SEAL kind=turn turn=117 unresolved=0
[brigade_assignment] Rehomed rs_1st_prnjavor_light_infantry into truthful sector owner sector:vrs_1st_krajina:6 (reserve)
[brigade_assignment] Rehomed rs_1st_trebava_infantry into truthful sector owner sector:vrs_1st_krajina:6 (reserve)
[brigade_assignment] Rehomed rs_1st_vujak_light_infantry into truthful sector owner sector:vrs_1st_krajina:6 (reserve)
[brigade_assignment] Rehomed rs_27th_derventa_motorized into truthful sector owner sector:vrs_1st_krajina:6 (reserve)
[brigade_assignment] Rehomed arbih_109th_mountain into truthful sector owner sector:arbih_1st_corps:3 (reserve)
[brigade_assignment] Rehomed arbih_181st_mountain into truthful sector owner sector:arbih_1st_corps:3 (reserve)
[brigade_assignment] Rehomed arbih_185th_light into truthful sector owner sector:arbih_1st_corps:0 (reserve)
[brigade_assignment] Rehomed F_HRHB_0002 into truthful sector owner sector:hvo_tomislavgrad:0 (reserve)
[brigade_assignment] Rehomed hrhb_1st_brigade_mostar into truthful sector owner sector:hvo_southeast_herzegovina:0 (front)
[brigade_assignment] Rehomed hrhb_6th_brigade_ranko_boban into truthful sector owner sector:hvo_southeast_herzegovina:0 (front)
[brigade_assignment] Rehomed rs_19th_krajina_light_infantry into truthful sector owner sector:vrs_1st_krajina:3 (front)
[brigade_assignment] Rehomed rs_1st_prnjavor_light_infantry into truthful sector owner sector:vrs_1st_krajina:6 (reserve)
[brigade_assignment] Rehomed rs_1st_trebava_infantry into truthful sector owner sector:vrs_1st_krajina:6 (reserve)
[brigade_assignment] Rehomed rs_1st_vujak_light_infantry into truthful sector owner sector:vrs_1st_krajina:6 (reserve)
[brigade_assignment] Rehomed rs_22nd_krajina_infantry into truthful sector owner sector:vrs_1st_krajina:3 (front)
[brigade_assignment] Rehomed rs_27th_derventa_motorized into truthful sector owner sector:vrs_1st_krajina:6 (reserve)
[brigade_assignment] Rehomed arbih_109th_mountain into truthful sector owner sector:arbih_1st_corps:3 (reserve)
[brigade_assignment] Rehomed arbih_181st_mountain into truthful sector owner sector:arbih_1st_corps:3 (reserve)
[brigade_assignment] Rehomed arbih_185th_light into truthful sector owner sector:arbih_1st_corps:0 (reserve)
[brigade_assignment] Rehomed F_HRHB_0002 into truthful sector owner sector:hvo_tomislavgrad:0 (reserve)
[brigade_assignment] Rehomed rs_1st_prnjavor_light_infantry into truthful sector owner sector:vrs_1st_krajina:8 (reserve)
[brigade_assignment] Rehomed rs_1st_trebava_infantry into truthful sector owner sector:vrs_1st_krajina:8 (reserve)
[brigade_assignment] Rehomed rs_1st_vujak_light_infantry into truthful sector owner sector:vrs_1st_krajina:8 (reserve)
[brigade_assignment] Rehomed rs_27th_derventa_motorized into truthful sector owner sector:vrs_1st_krajina:8 (reserve)
[brigade_assignment] Rehomed rs_1st_prnjavor_light_infantry into truthful sector owner sector:vrs_1st_krajina:6 (reserve)
[brigade_assignment] Rehomed rs_1st_trebava_infantry into truthful sector owner sector:vrs_1st_krajina:6 (reserve)
[brigade_assignment] Rehomed rs_1st_vujak_light_infantry into truthful sector owner sector:vrs_1st_krajina:6 (reserve)
[brigade_assignment] Rehomed rs_27th_derventa_motorized into truthful sector owner sector:vrs_1st_krajina:6 (reserve)
[brigade_assignment] Rehomed arbih_109th_mountain into truthful sector owner sector:arbih_1st_corps:3 (reserve)
[brigade_assignment] Rehomed arbih_181st_mountain into truthful sector owner sector:arbih_1st_corps:3 (reserve)
[brigade_assignment] Rehomed arbih_185th_light into truthful sector owner sector:arbih_1st_corps:0 (reserve)
[brigade_assignment] Rehomed F_HRHB_0002 into truthful sector owner sector:hvo_tomislavgrad:0 (reserve)
[brigade_assignment] Rehomed hrhb_1st_brigade_mostar into truthful sector owner sector:hvo_southeast_herzegovina:0 (front)
[brigade_assignment] Rehomed hrhb_6th_brigade_ranko_boban into truthful sector owner sector:hvo_southeast_herzegovina:0 (front)
[brigade_assignment] Rehomed rs_19th_krajina_light_infantry into truthful sector owner sector:vrs_1st_krajina:3 (front)
[brigade_assignment] Rehomed rs_1st_prnjavor_light_infantry into truthful sector owner sector:vrs_1st_krajina:6 (reserve)
[brigade_assignment] Rehomed rs_1st_trebava_infantry into truthful sector owner sector:vrs_1st_krajina:6 (reserve)
[brigade_assignment] Rehomed rs_1st_vujak_light_infantry into truthful sector owner sector:vrs_1st_krajina:6 (reserve)
[brigade_assignment] Rehomed rs_22nd_krajina_infantry into truthful sector owner sector:vrs_1st_krajina:3 (front)
[brigade_assignment] Rehomed rs_27th_derventa_motorized into truthful sector owner sector:vrs_1st_krajina:6 (reserve)
[brigade_assignment] Rehomed arbih_109th_mountain into truthful sector owner sector:arbih_1st_corps:3 (reserve)
[brigade_assignment] Rehomed arbih_181st_mountain into truthful sector owner sector:arbih_1st_corps:3 (reserve)
[brigade_assignment] Rehomed arbih_185th_light into truthful sector owner sector:arbih_1st_corps:0 (reserve)
[brigade_assignment] Rehomed F_HRHB_0002 into truthful sector owner sector:hvo_tomislavgrad:0 (reserve)
[brigade_assignment] Rehomed rs_1st_prnjavor_light_infantry into truthful sector owner sector:vrs_1st_krajina:8 (reserve)
[brigade_assignment] Rehomed rs_1st_trebava_infantry into truthful sector owner sector:vrs_1st_krajina:8 (reserve)
[brigade_assignment] Rehomed rs_1st_vujak_light_infantry into truthful sector owner sector:vrs_1st_krajina:8 (reserve)
[brigade_assignment] Rehomed rs_27th_derventa_motorized into truthful sector owner sector:vrs_1st_krajina:8 (reserve)
[brigade_assignment] FINAL_SEAL kind=turn turn=118 unresolved=0
[brigade_assignment] Rehomed rs_1st_prnjavor_light_infantry into truthful sector owner sector:vrs_1st_krajina:6 (reserve)
[brigade_assignment] Rehomed rs_1st_trebava_infantry into truthful sector owner sector:vrs_1st_krajina:6 (reserve)
[brigade_assignment] Rehomed rs_1st_vujak_light_infantry into truthful sector owner sector:vrs_1st_krajina:6 (reserve)
[brigade_assignment] Rehomed rs_27th_derventa_motorized into truthful sector owner sector:vrs_1st_krajina:6 (reserve)
[brigade_assignment] Rehomed arbih_109th_mountain into truthful sector owner sector:arbih_1st_corps:3 (reserve)
[brigade_assignment] Rehomed arbih_181st_mountain into truthful sector owner sector:arbih_1st_corps:3 (reserve)
[brigade_assignment] Rehomed arbih_185th_light into truthful sector owner sector:arbih_1st_corps:0 (reserve)
[brigade_assignment] Rehomed F_HRHB_0002 into truthful sector owner sector:hvo_tomislavgrad:0 (reserve)
[brigade_assignment] Rehomed hrhb_1st_herzegovina_brigade_knez_domagoj into truthful sector owner sector:hvo_southeast_herzegovina:0 (front)
[brigade_assignment] Rehomed hrhb_6th_brigade_ranko_boban into truthful sector owner sector:hvo_southeast_herzegovina:0 (front)
[brigade_assignment] Rehomed rs_19th_krajina_light_infantry into truthful sector owner sector:vrs_1st_krajina:3 (front)
[brigade_assignment] Rehomed rs_1st_prnjavor_light_infantry into truthful sector owner sector:vrs_1st_krajina:6 (reserve)
[brigade_assignment] Rehomed rs_1st_trebava_infantry into truthful sector owner sector:vrs_1st_krajina:6 (reserve)
[brigade_assignment] Rehomed rs_1st_vujak_light_infantry into truthful sector owner sector:vrs_1st_krajina:6 (reserve)
[brigade_assignment] Rehomed rs_22nd_krajina_infantry into truthful sector owner sector:vrs_1st_krajina:3 (front)
[brigade_assignment] Rehomed rs_27th_derventa_motorized into truthful sector owner sector:vrs_1st_krajina:6 (reserve)
[brigade_assignment] Rehomed arbih_109th_mountain into truthful sector owner sector:arbih_1st_corps:3 (reserve)
[brigade_assignment] Rehomed arbih_181st_mountain into truthful sector owner sector:arbih_1st_corps:3 (reserve)
[brigade_assignment] Rehomed arbih_185th_light into truthful sector owner sector:arbih_1st_corps:0 (reserve)
[brigade_assignment] Rehomed F_HRHB_0002 into truthful sector owner sector:hvo_tomislavgrad:0 (reserve)
[brigade_assignment] Rehomed rs_1st_prnjavor_light_infantry into truthful sector owner sector:vrs_1st_krajina:8 (reserve)
[brigade_assignment] Rehomed rs_1st_trebava_infantry into truthful sector owner sector:vrs_1st_krajina:8 (reserve)
[brigade_assignment] Rehomed rs_1st_vujak_light_infantry into truthful sector owner sector:vrs_1st_krajina:8 (reserve)
[brigade_assignment] Rehomed rs_27th_derventa_motorized into truthful sector owner sector:vrs_1st_krajina:8 (reserve)
[brigade_assignment] Rehomed rs_1st_prnjavor_light_infantry into truthful sector owner sector:vrs_1st_krajina:6 (reserve)
[brigade_assignment] Rehomed rs_1st_trebava_infantry into truthful sector owner sector:vrs_1st_krajina:6 (reserve)
[brigade_assignment] Rehomed rs_1st_vujak_light_infantry into truthful sector owner sector:vrs_1st_krajina:6 (reserve)
[brigade_assignment] Rehomed rs_27th_derventa_motorized into truthful sector owner sector:vrs_1st_krajina:6 (reserve)
[brigade_assignment] Rehomed arbih_109th_mountain into truthful sector owner sector:arbih_1st_corps:3 (reserve)
[brigade_assignment] Rehomed arbih_181st_mountain into truthful sector owner sector:arbih_1st_corps:3 (reserve)
[brigade_assignment] Rehomed arbih_185th_light into truthful sector owner sector:arbih_1st_corps:0 (reserve)
[brigade_assignment] Rehomed F_HRHB_0002 into truthful sector owner sector:hvo_tomislavgrad:0 (reserve)
[brigade_assignment] Rehomed hrhb_1st_herzegovina_brigade_knez_domagoj into truthful sector owner sector:hvo_southeast_herzegovina:0 (front)
[brigade_assignment] Rehomed hrhb_6th_brigade_ranko_boban into truthful sector owner sector:hvo_southeast_herzegovina:0 (front)
[brigade_assignment] Rehomed rs_19th_krajina_light_infantry into truthful sector owner sector:vrs_1st_krajina:3 (front)
[brigade_assignment] Rehomed rs_1st_prnjavor_light_infantry into truthful sector owner sector:vrs_1st_krajina:6 (reserve)
[brigade_assignment] Rehomed rs_1st_trebava_infantry into truthful sector owner sector:vrs_1st_krajina:6 (reserve)
[brigade_assignment] Rehomed rs_1st_vujak_light_infantry into truthful sector owner sector:vrs_1st_krajina:6 (reserve)
[brigade_assignment] Rehomed rs_22nd_krajina_infantry into truthful sector owner sector:vrs_1st_krajina:3 (front)
[brigade_assignment] Rehomed rs_27th_derventa_motorized into truthful sector owner sector:vrs_1st_krajina:6 (reserve)
[brigade_assignment] Rehomed arbih_109th_mountain into truthful sector owner sector:arbih_1st_corps:3 (reserve)
[brigade_assignment] Rehomed arbih_181st_mountain into truthful sector owner sector:arbih_1st_corps:3 (reserve)
[brigade_assignment] Rehomed arbih_185th_light into truthful sector owner sector:arbih_1st_corps:0 (reserve)
[brigade_assignment] Rehomed F_HRHB_0002 into truthful sector owner sector:hvo_tomislavgrad:0 (reserve)
[brigade_assignment] Rehomed rs_1st_prnjavor_light_infantry into truthful sector owner sector:vrs_1st_krajina:8 (reserve)
[brigade_assignment] Rehomed rs_1st_trebava_infantry into truthful sector owner sector:vrs_1st_krajina:8 (reserve)
[brigade_assignment] Rehomed rs_1st_vujak_light_infantry into truthful sector owner sector:vrs_1st_krajina:8 (reserve)
[brigade_assignment] Rehomed rs_27th_derventa_motorized into truthful sector owner sector:vrs_1st_krajina:8 (reserve)
[brigade_assignment] FINAL_SEAL kind=turn turn=119 unresolved=0
[brigade_assignment] Rehomed rs_1st_prnjavor_light_infantry into truthful sector owner sector:vrs_1st_krajina:6 (reserve)
[brigade_assignment] Rehomed rs_1st_trebava_infantry into truthful sector owner sector:vrs_1st_krajina:6 (reserve)
[brigade_assignment] Rehomed rs_1st_vujak_light_infantry into truthful sector owner sector:vrs_1st_krajina:6 (reserve)
[brigade_assignment] Rehomed rs_27th_derventa_motorized into truthful sector owner sector:vrs_1st_krajina:6 (reserve)
[brigade_assignment] Rehomed arbih_109th_mountain into truthful sector owner sector:arbih_1st_corps:3 (reserve)
[brigade_assignment] Rehomed arbih_181st_mountain into truthful sector owner sector:arbih_1st_corps:3 (reserve)
[brigade_assignment] Rehomed arbih_185th_light into truthful sector owner sector:arbih_1st_corps:0 (reserve)
[brigade_assignment] Rehomed F_HRHB_0002 into truthful sector owner sector:hvo_tomislavgrad:0 (reserve)
[brigade_assignment] Rehomed hrhb_6th_brigade_ranko_boban into truthful sector owner sector:hvo_southeast_herzegovina:0 (front)
[brigade_assignment] Rehomed rs_19th_krajina_light_infantry into truthful sector owner sector:vrs_1st_krajina:2 (front)
[brigade_assignment] Rehomed rs_1st_prnjavor_light_infantry into truthful sector owner sector:vrs_1st_krajina:6 (reserve)
[brigade_assignment] Rehomed rs_1st_trebava_infantry into truthful sector owner sector:vrs_1st_krajina:6 (reserve)
[brigade_assignment] Rehomed rs_1st_vujak_light_infantry into truthful sector owner sector:vrs_1st_krajina:6 (reserve)
[brigade_assignment] Rehomed rs_22nd_krajina_infantry into truthful sector owner sector:vrs_1st_krajina:2 (front)
[brigade_assignment] Rehomed rs_27th_derventa_motorized into truthful sector owner sector:vrs_1st_krajina:6 (reserve)
[brigade_assignment] Rehomed arbih_109th_mountain into truthful sector owner sector:arbih_1st_corps:3 (reserve)
[brigade_assignment] Rehomed arbih_181st_mountain into truthful sector owner sector:arbih_1st_corps:3 (reserve)
[brigade_assignment] Rehomed arbih_185th_light into truthful sector owner sector:arbih_1st_corps:0 (reserve)
[brigade_assignment] Rehomed F_HRHB_0002 into truthful sector owner sector:hvo_tomislavgrad:0 (reserve)
[brigade_assignment] Rehomed rs_1st_prnjavor_light_infantry into truthful sector owner sector:vrs_1st_krajina:8 (reserve)
[brigade_assignment] Rehomed rs_1st_trebava_infantry into truthful sector owner sector:vrs_1st_krajina:8 (reserve)
[brigade_assignment] Rehomed rs_1st_vujak_light_infantry into truthful sector owner sector:vrs_1st_krajina:8 (reserve)
[brigade_assignment] Rehomed rs_27th_derventa_motorized into truthful sector owner sector:vrs_1st_krajina:8 (reserve)
[brigade_assignment] Rehomed rs_1st_prnjavor_light_infantry into truthful sector owner sector:vrs_1st_krajina:6 (reserve)
[brigade_assignment] Rehomed rs_1st_trebava_infantry into truthful sector owner sector:vrs_1st_krajina:6 (reserve)
[brigade_assignment] Rehomed rs_1st_vujak_light_infantry into truthful sector owner sector:vrs_1st_krajina:6 (reserve)
[brigade_assignment] Rehomed rs_27th_derventa_motorized into truthful sector owner sector:vrs_1st_krajina:6 (reserve)
[brigade_assignment] Rehomed arbih_109th_mountain into truthful sector owner sector:arbih_1st_corps:3 (reserve)
[brigade_assignment] Rehomed arbih_181st_mountain into truthful sector owner sector:arbih_1st_corps:3 (reserve)
[brigade_assignment] Rehomed arbih_185th_light into truthful sector owner sector:arbih_1st_corps:0 (reserve)
[brigade_assignment] Rehomed F_HRHB_0002 into truthful sector owner sector:hvo_tomislavgrad:0 (reserve)
[brigade_assignment] Rehomed hrhb_6th_brigade_ranko_boban into truthful sector owner sector:hvo_southeast_herzegovina:0 (front)
[brigade_assignment] Rehomed rs_19th_krajina_light_infantry into truthful sector owner sector:vrs_1st_krajina:2 (front)
[brigade_assignment] Rehomed rs_1st_prnjavor_light_infantry into truthful sector owner sector:vrs_1st_krajina:6 (reserve)
[brigade_assignment] Rehomed rs_1st_trebava_infantry into truthful sector owner sector:vrs_1st_krajina:6 (reserve)
[brigade_assignment] Rehomed rs_1st_vujak_light_infantry into truthful sector owner sector:vrs_1st_krajina:6 (reserve)
[brigade_assignment] Rehomed rs_22nd_krajina_infantry into truthful sector owner sector:vrs_1st_krajina:2 (front)
[brigade_assignment] Rehomed rs_27th_derventa_motorized into truthful sector owner sector:vrs_1st_krajina:6 (reserve)
[brigade_assignment] Rehomed arbih_109th_mountain into truthful sector owner sector:arbih_1st_corps:3 (reserve)
[brigade_assignment] Rehomed arbih_181st_mountain into truthful sector owner sector:arbih_1st_corps:3 (reserve)
[brigade_assignment] Rehomed arbih_185th_light into truthful sector owner sector:arbih_1st_corps:0 (reserve)
[brigade_assignment] Rehomed F_HRHB_0002 into truthful sector owner sector:hvo_tomislavgrad:0 (reserve)
[brigade_assignment] Rehomed rs_1st_prnjavor_light_infantry into truthful sector owner sector:vrs_1st_krajina:8 (reserve)
[brigade_assignment] Rehomed rs_1st_trebava_infantry into truthful sector owner sector:vrs_1st_krajina:8 (reserve)
[brigade_assignment] Rehomed rs_1st_vujak_light_infantry into truthful sector owner sector:vrs_1st_krajina:8 (reserve)
[brigade_assignment] Rehomed rs_27th_derventa_motorized into truthful sector owner sector:vrs_1st_krajina:8 (reserve)
[brigade_assignment] FINAL_SEAL kind=turn turn=120 unresolved=0
[brigade_assignment] Rehomed rs_1st_prnjavor_light_infantry into truthful sector owner sector:vrs_1st_krajina:6 (reserve)
[brigade_assignment] Rehomed rs_1st_trebava_infantry into truthful sector owner sector:vrs_1st_krajina:6 (reserve)
[brigade_assignment] Rehomed rs_1st_vujak_light_infantry into truthful sector owner sector:vrs_1st_krajina:6 (reserve)
[brigade_assignment] Rehomed rs_27th_derventa_motorized into truthful sector owner sector:vrs_1st_krajina:6 (reserve)
[brigade_assignment] Rehomed arbih_109th_mountain into truthful sector owner sector:arbih_1st_corps:3 (reserve)
[brigade_assignment] Rehomed arbih_181st_mountain into truthful sector owner sector:arbih_1st_corps:3 (reserve)
[brigade_assignment] Rehomed arbih_185th_light into truthful sector owner sector:arbih_1st_corps:0 (reserve)
[brigade_assignment] Rehomed F_HRHB_0002 into truthful sector owner sector:hvo_tomislavgrad:0 (reserve)
[brigade_assignment] Rehomed hrhb_6th_brigade_ranko_boban into truthful sector owner sector:hvo_southeast_herzegovina:0 (front)
[brigade_assignment] Rehomed rs_19th_krajina_light_infantry into truthful sector owner sector:vrs_1st_krajina:2 (front)
[brigade_assignment] Rehomed rs_1st_prnjavor_light_infantry into truthful sector owner sector:vrs_1st_krajina:6 (reserve)
[brigade_assignment] Rehomed rs_1st_trebava_infantry into truthful sector owner sector:vrs_1st_krajina:6 (reserve)
[brigade_assignment] Rehomed rs_1st_vujak_light_infantry into truthful sector owner sector:vrs_1st_krajina:6 (reserve)
[brigade_assignment] Rehomed rs_22nd_krajina_infantry into truthful sector owner sector:vrs_1st_krajina:2 (front)
[brigade_assignment] Rehomed rs_27th_derventa_motorized into truthful sector owner sector:vrs_1st_krajina:6 (reserve)
[brigade_assignment] Rehomed arbih_109th_mountain into truthful sector owner sector:arbih_1st_corps:3 (reserve)
[brigade_assignment] Rehomed arbih_181st_mountain into truthful sector owner sector:arbih_1st_corps:3 (reserve)
[brigade_assignment] Rehomed arbih_185th_light into truthful sector owner sector:arbih_1st_corps:0 (reserve)
[brigade_assignment] Rehomed F_HRHB_0002 into truthful sector owner sector:hvo_tomislavgrad:0 (reserve)
[brigade_assignment] Rehomed rs_1st_prnjavor_light_infantry into truthful sector owner sector:vrs_1st_krajina:8 (reserve)
[brigade_assignment] Rehomed rs_1st_trebava_infantry into truthful sector owner sector:vrs_1st_krajina:8 (reserve)
[brigade_assignment] Rehomed rs_1st_vujak_light_infantry into truthful sector owner sector:vrs_1st_krajina:8 (reserve)
[brigade_assignment] Rehomed rs_27th_derventa_motorized into truthful sector owner sector:vrs_1st_krajina:8 (reserve)
[brigade_assignment] Rehomed rs_1st_prnjavor_light_infantry into truthful sector owner sector:vrs_1st_krajina:6 (reserve)
[brigade_assignment] Rehomed rs_1st_trebava_infantry into truthful sector owner sector:vrs_1st_krajina:6 (reserve)
[brigade_assignment] Rehomed rs_1st_vujak_light_infantry into truthful sector owner sector:vrs_1st_krajina:6 (reserve)
[brigade_assignment] Rehomed rs_27th_derventa_motorized into truthful sector owner sector:vrs_1st_krajina:6 (reserve)
[brigade_assignment] Rehomed arbih_109th_mountain into truthful sector owner sector:arbih_1st_corps:3 (reserve)
[brigade_assignment] Rehomed arbih_181st_mountain into truthful sector owner sector:arbih_1st_corps:3 (reserve)
[brigade_assignment] Rehomed arbih_185th_light into truthful sector owner sector:arbih_1st_corps:0 (reserve)
[brigade_assignment] Rehomed F_HRHB_0002 into truthful sector owner sector:hvo_tomislavgrad:0 (reserve)
[brigade_assignment] Rehomed hrhb_6th_brigade_ranko_boban into truthful sector owner sector:hvo_southeast_herzegovina:0 (front)
[brigade_assignment] Rehomed rs_19th_krajina_light_infantry into truthful sector owner sector:vrs_1st_krajina:2 (front)
[brigade_assignment] Rehomed rs_1st_prnjavor_light_infantry into truthful sector owner sector:vrs_1st_krajina:6 (reserve)
[brigade_assignment] Rehomed rs_1st_trebava_infantry into truthful sector owner sector:vrs_1st_krajina:6 (reserve)
[brigade_assignment] Rehomed rs_1st_vujak_light_infantry into truthful sector owner sector:vrs_1st_krajina:6 (reserve)
[brigade_assignment] Rehomed rs_22nd_krajina_infantry into truthful sector owner sector:vrs_1st_krajina:2 (front)
[brigade_assignment] Rehomed rs_27th_derventa_motorized into truthful sector owner sector:vrs_1st_krajina:6 (reserve)
[brigade_assignment] Rehomed arbih_109th_mountain into truthful sector owner sector:arbih_1st_corps:3 (reserve)
[brigade_assignment] Rehomed arbih_181st_mountain into truthful sector owner sector:arbih_1st_corps:3 (reserve)
[brigade_assignment] Rehomed arbih_185th_light into truthful sector owner sector:arbih_1st_corps:0 (reserve)
[brigade_assignment] Rehomed F_HRHB_0002 into truthful sector owner sector:hvo_tomislavgrad:0 (reserve)
[brigade_assignment] Rehomed rs_1st_prnjavor_light_infantry into truthful sector owner sector:vrs_1st_krajina:8 (reserve)
[brigade_assignment] Rehomed rs_1st_trebava_infantry into truthful sector owner sector:vrs_1st_krajina:8 (reserve)
[brigade_assignment] Rehomed rs_1st_vujak_light_infantry into truthful sector owner sector:vrs_1st_krajina:8 (reserve)
[brigade_assignment] Rehomed rs_27th_derventa_motorized into truthful sector owner sector:vrs_1st_krajina:8 (reserve)
[brigade_assignment] FINAL_SEAL kind=turn turn=121 unresolved=0
[brigade_assignment] Rehomed rs_1st_prnjavor_light_infantry into truthful sector owner sector:vrs_1st_krajina:6 (reserve)
[brigade_assignment] Rehomed rs_1st_trebava_infantry into truthful sector owner sector:vrs_1st_krajina:6 (reserve)
[brigade_assignment] Rehomed rs_1st_vujak_light_infantry into truthful sector owner sector:vrs_1st_krajina:6 (reserve)
[brigade_assignment] Rehomed rs_27th_derventa_motorized into truthful sector owner sector:vrs_1st_krajina:6 (reserve)
[brigade_assignment] Rehomed arbih_109th_mountain into truthful sector owner sector:arbih_1st_corps:3 (reserve)
[brigade_assignment] Rehomed arbih_181st_mountain into truthful sector owner sector:arbih_1st_corps:3 (reserve)
[brigade_assignment] Rehomed arbih_185th_light into truthful sector owner sector:arbih_1st_corps:0 (reserve)
[brigade_assignment] Rehomed F_HRHB_0002 into truthful sector owner sector:hvo_tomislavgrad:0 (reserve)
[brigade_assignment] Rehomed hrhb_1st_brigade_mostar into truthful sector owner sector:hvo_southeast_herzegovina:0 (front)
[brigade_assignment] Rehomed hrhb_6th_brigade_ranko_boban into truthful sector owner sector:hvo_southeast_herzegovina:0 (front)
[brigade_assignment] Rehomed rs_19th_krajina_light_infantry into truthful sector owner sector:vrs_1st_krajina:2 (front)
[brigade_assignment] Rehomed rs_1st_prnjavor_light_infantry into truthful sector owner sector:vrs_1st_krajina:6 (reserve)
[brigade_assignment] Rehomed rs_1st_trebava_infantry into truthful sector owner sector:vrs_1st_krajina:6 (reserve)
[brigade_assignment] Rehomed rs_1st_vujak_light_infantry into truthful sector owner sector:vrs_1st_krajina:6 (reserve)
[brigade_assignment] Rehomed rs_22nd_krajina_infantry into truthful sector owner sector:vrs_1st_krajina:2 (front)
[brigade_assignment] Rehomed rs_27th_derventa_motorized into truthful sector owner sector:vrs_1st_krajina:6 (reserve)
[brigade_assignment] Rehomed arbih_109th_mountain into truthful sector owner sector:arbih_1st_corps:3 (reserve)
[brigade_assignment] Rehomed arbih_181st_mountain into truthful sector owner sector:arbih_1st_corps:3 (reserve)
[brigade_assignment] Rehomed arbih_185th_light into truthful sector owner sector:arbih_1st_corps:0 (reserve)
[brigade_assignment] Rehomed F_HRHB_0002 into truthful sector owner sector:hvo_tomislavgrad:0 (reserve)
[brigade_assignment] Rehomed rs_1st_prnjavor_light_infantry into truthful sector owner sector:vrs_1st_krajina:8 (reserve)
[brigade_assignment] Rehomed rs_1st_trebava_infantry into truthful sector owner sector:vrs_1st_krajina:8 (reserve)
[brigade_assignment] Rehomed rs_1st_vujak_light_infantry into truthful sector owner sector:vrs_1st_krajina:8 (reserve)
[brigade_assignment] Rehomed rs_27th_derventa_motorized into truthful sector owner sector:vrs_1st_krajina:8 (reserve)
[brigade_assignment] Rehomed rs_1st_prnjavor_light_infantry into truthful sector owner sector:vrs_1st_krajina:6 (reserve)
[brigade_assignment] Rehomed rs_1st_trebava_infantry into truthful sector owner sector:vrs_1st_krajina:6 (reserve)
[brigade_assignment] Rehomed rs_1st_vujak_light_infantry into truthful sector owner sector:vrs_1st_krajina:6 (reserve)
[brigade_assignment] Rehomed rs_27th_derventa_motorized into truthful sector owner sector:vrs_1st_krajina:6 (reserve)
[brigade_assignment] Rehomed arbih_109th_mountain into truthful sector owner sector:arbih_1st_corps:3 (reserve)
[brigade_assignment] Rehomed arbih_181st_mountain into truthful sector owner sector:arbih_1st_corps:3 (reserve)
[brigade_assignment] Rehomed arbih_185th_light into truthful sector owner sector:arbih_1st_corps:0 (reserve)
[brigade_assignment] Rehomed F_HRHB_0002 into truthful sector owner sector:hvo_tomislavgrad:0 (reserve)
[brigade_assignment] Rehomed hrhb_1st_brigade_mostar into truthful sector owner sector:hvo_southeast_herzegovina:0 (front)
[brigade_assignment] Rehomed hrhb_6th_brigade_ranko_boban into truthful sector owner sector:hvo_southeast_herzegovina:0 (front)
[brigade_assignment] Rehomed rs_19th_krajina_light_infantry into truthful sector owner sector:vrs_1st_krajina:2 (front)
[brigade_assignment] Rehomed rs_1st_prnjavor_light_infantry into truthful sector owner sector:vrs_1st_krajina:6 (reserve)
[brigade_assignment] Rehomed rs_1st_trebava_infantry into truthful sector owner sector:vrs_1st_krajina:6 (reserve)
[brigade_assignment] Rehomed rs_1st_vujak_light_infantry into truthful sector owner sector:vrs_1st_krajina:6 (reserve)
[brigade_assignment] Rehomed rs_22nd_krajina_infantry into truthful sector owner sector:vrs_1st_krajina:2 (front)
[brigade_assignment] Rehomed rs_27th_derventa_motorized into truthful sector owner sector:vrs_1st_krajina:6 (reserve)
[brigade_assignment] Rehomed arbih_109th_mountain into truthful sector owner sector:arbih_1st_corps:3 (reserve)
[brigade_assignment] Rehomed arbih_181st_mountain into truthful sector owner sector:arbih_1st_corps:3 (reserve)
[brigade_assignment] Rehomed arbih_185th_light into truthful sector owner sector:arbih_1st_corps:0 (reserve)
[brigade_assignment] Rehomed F_HRHB_0002 into truthful sector owner sector:hvo_tomislavgrad:0 (reserve)
[brigade_assignment] Rehomed rs_1st_prnjavor_light_infantry into truthful sector owner sector:vrs_1st_krajina:8 (reserve)
[brigade_assignment] Rehomed rs_1st_trebava_infantry into truthful sector owner sector:vrs_1st_krajina:8 (reserve)
[brigade_assignment] Rehomed rs_1st_vujak_light_infantry into truthful sector owner sector:vrs_1st_krajina:8 (reserve)
[brigade_assignment] Rehomed rs_27th_derventa_motorized into truthful sector owner sector:vrs_1st_krajina:8 (reserve)
[brigade_assignment] FINAL_SEAL kind=turn turn=122 unresolved=0
[brigade_assignment] Rehomed rs_1st_prnjavor_light_infantry into truthful sector owner sector:vrs_1st_krajina:6 (reserve)
[brigade_assignment] Rehomed rs_1st_trebava_infantry into truthful sector owner sector:vrs_1st_krajina:6 (reserve)
[brigade_assignment] Rehomed rs_1st_vujak_light_infantry into truthful sector owner sector:vrs_1st_krajina:6 (reserve)
[brigade_assignment] Rehomed rs_27th_derventa_motorized into truthful sector owner sector:vrs_1st_krajina:6 (reserve)
[brigade_assignment] Rehomed arbih_109th_mountain into truthful sector owner sector:arbih_1st_corps:3 (reserve)
[brigade_assignment] Rehomed arbih_181st_mountain into truthful sector owner sector:arbih_1st_corps:3 (reserve)
[brigade_assignment] Rehomed arbih_185th_light into truthful sector owner sector:arbih_1st_corps:0 (reserve)
[brigade_assignment] Rehomed F_HRHB_0002 into truthful sector owner sector:hvo_tomislavgrad:0 (reserve)
[brigade_assignment] Rehomed hrhb_1st_brigade_mostar into truthful sector owner sector:hvo_southeast_herzegovina:0 (front)
[brigade_assignment] Rehomed hrhb_6th_brigade_ranko_boban into truthful sector owner sector:hvo_southeast_herzegovina:0 (front)
[brigade_assignment] Rehomed rs_19th_krajina_light_infantry into truthful sector owner sector:vrs_1st_krajina:2 (front)
[brigade_assignment] Rehomed rs_1st_prnjavor_light_infantry into truthful sector owner sector:vrs_1st_krajina:6 (reserve)
[brigade_assignment] Rehomed rs_1st_trebava_infantry into truthful sector owner sector:vrs_1st_krajina:6 (reserve)
[brigade_assignment] Rehomed rs_1st_vujak_light_infantry into truthful sector owner sector:vrs_1st_krajina:6 (reserve)
[brigade_assignment] Rehomed rs_22nd_krajina_infantry into truthful sector owner sector:vrs_1st_krajina:2 (front)
[brigade_assignment] Rehomed rs_27th_derventa_motorized into truthful sector owner sector:vrs_1st_krajina:6 (reserve)
[brigade_assignment] Rehomed arbih_109th_mountain into truthful sector owner sector:arbih_1st_corps:3 (reserve)
[brigade_assignment] Rehomed arbih_181st_mountain into truthful sector owner sector:arbih_1st_corps:3 (reserve)
[brigade_assignment] Rehomed arbih_185th_light into truthful sector owner sector:arbih_1st_corps:0 (reserve)
[brigade_assignment] Rehomed F_HRHB_0002 into truthful sector owner sector:hvo_tomislavgrad:0 (reserve)
[brigade_assignment] Rehomed rs_1st_prnjavor_light_infantry into truthful sector owner sector:vrs_1st_krajina:8 (reserve)
[brigade_assignment] Rehomed rs_1st_trebava_infantry into truthful sector owner sector:vrs_1st_krajina:8 (reserve)
[brigade_assignment] Rehomed rs_1st_vujak_light_infantry into truthful sector owner sector:vrs_1st_krajina:8 (reserve)
[brigade_assignment] Rehomed rs_27th_derventa_motorized into truthful sector owner sector:vrs_1st_krajina:8 (reserve)
[brigade_assignment] Rehomed rs_1st_prnjavor_light_infantry into truthful sector owner sector:vrs_1st_krajina:6 (reserve)
[brigade_assignment] Rehomed rs_1st_trebava_infantry into truthful sector owner sector:vrs_1st_krajina:6 (reserve)
[brigade_assignment] Rehomed rs_1st_vujak_light_infantry into truthful sector owner sector:vrs_1st_krajina:6 (reserve)
[brigade_assignment] Rehomed rs_27th_derventa_motorized into truthful sector owner sector:vrs_1st_krajina:6 (reserve)
[brigade_assignment] Rehomed arbih_109th_mountain into truthful sector owner sector:arbih_1st_corps:3 (reserve)
[brigade_assignment] Rehomed arbih_181st_mountain into truthful sector owner sector:arbih_1st_corps:3 (reserve)
[brigade_assignment] Rehomed arbih_185th_light into truthful sector owner sector:arbih_1st_corps:0 (reserve)
[brigade_assignment] Rehomed F_HRHB_0002 into truthful sector owner sector:hvo_tomislavgrad:0 (reserve)
[brigade_assignment] Rehomed hrhb_1st_brigade_mostar into truthful sector owner sector:hvo_southeast_herzegovina:0 (front)
[brigade_assignment] Rehomed hrhb_6th_brigade_ranko_boban into truthful sector owner sector:hvo_southeast_herzegovina:0 (front)
[brigade_assignment] Rehomed rs_19th_krajina_light_infantry into truthful sector owner sector:vrs_1st_krajina:2 (front)
[brigade_assignment] Rehomed rs_1st_prnjavor_light_infantry into truthful sector owner sector:vrs_1st_krajina:6 (reserve)
[brigade_assignment] Rehomed rs_1st_trebava_infantry into truthful sector owner sector:vrs_1st_krajina:6 (reserve)
[brigade_assignment] Rehomed rs_1st_vujak_light_infantry into truthful sector owner sector:vrs_1st_krajina:6 (reserve)
[brigade_assignment] Rehomed rs_22nd_krajina_infantry into truthful sector owner sector:vrs_1st_krajina:2 (front)
[brigade_assignment] Rehomed rs_27th_derventa_motorized into truthful sector owner sector:vrs_1st_krajina:6 (reserve)
[brigade_assignment] Rehomed arbih_109th_mountain into truthful sector owner sector:arbih_1st_corps:3 (reserve)
[brigade_assignment] Rehomed arbih_181st_mountain into truthful sector owner sector:arbih_1st_corps:3 (reserve)
[brigade_assignment] Rehomed arbih_185th_light into truthful sector owner sector:arbih_1st_corps:0 (reserve)
[brigade_assignment] Rehomed F_HRHB_0002 into truthful sector owner sector:hvo_tomislavgrad:0 (reserve)
[brigade_assignment] Rehomed rs_1st_prnjavor_light_infantry into truthful sector owner sector:vrs_1st_krajina:8 (reserve)
[brigade_assignment] Rehomed rs_1st_trebava_infantry into truthful sector owner sector:vrs_1st_krajina:8 (reserve)
[brigade_assignment] Rehomed rs_1st_vujak_light_infantry into truthful sector owner sector:vrs_1st_krajina:8 (reserve)
[brigade_assignment] Rehomed rs_27th_derventa_motorized into truthful sector owner sector:vrs_1st_krajina:8 (reserve)
[brigade_assignment] FINAL_SEAL kind=turn turn=123 unresolved=0
[brigade_assignment] Rehomed rs_1st_prnjavor_light_infantry into truthful sector owner sector:vrs_1st_krajina:6 (reserve)
[brigade_assignment] Rehomed rs_1st_trebava_infantry into truthful sector owner sector:vrs_1st_krajina:6 (reserve)
[brigade_assignment] Rehomed rs_1st_vujak_light_infantry into truthful sector owner sector:vrs_1st_krajina:6 (reserve)
[brigade_assignment] Rehomed rs_27th_derventa_motorized into truthful sector owner sector:vrs_1st_krajina:6 (reserve)
[brigade_assignment] Rehomed arbih_109th_mountain into truthful sector owner sector:arbih_1st_corps:3 (reserve)
[brigade_assignment] Rehomed arbih_181st_mountain into truthful sector owner sector:arbih_1st_corps:3 (reserve)
[brigade_assignment] Rehomed arbih_185th_light into truthful sector owner sector:arbih_1st_corps:0 (reserve)
[brigade_assignment] Rehomed F_HRHB_0002 into truthful sector owner sector:hvo_tomislavgrad:0 (reserve)
[brigade_assignment] Rehomed hrhb_1st_brigade_mostar into truthful sector owner sector:hvo_southeast_herzegovina:0 (front)
[brigade_assignment] Rehomed hrhb_6th_brigade_ranko_boban into truthful sector owner sector:hvo_southeast_herzegovina:0 (front)
[brigade_assignment] Rehomed rs_19th_krajina_light_infantry into truthful sector owner sector:vrs_1st_krajina:3 (front)
[brigade_assignment] Rehomed rs_1st_prnjavor_light_infantry into truthful sector owner sector:vrs_1st_krajina:6 (reserve)
[brigade_assignment] Rehomed rs_1st_trebava_infantry into truthful sector owner sector:vrs_1st_krajina:6 (reserve)
[brigade_assignment] Rehomed rs_1st_vujak_light_infantry into truthful sector owner sector:vrs_1st_krajina:6 (reserve)
[brigade_assignment] Rehomed rs_22nd_krajina_infantry into truthful sector owner sector:vrs_1st_krajina:3 (front)
[brigade_assignment] Rehomed rs_27th_derventa_motorized into truthful sector owner sector:vrs_1st_krajina:6 (reserve)
[brigade_assignment] Rehomed arbih_109th_mountain into truthful sector owner sector:arbih_1st_corps:3 (reserve)
[brigade_assignment] Rehomed arbih_181st_mountain into truthful sector owner sector:arbih_1st_corps:3 (reserve)
[brigade_assignment] Rehomed arbih_185th_light into truthful sector owner sector:arbih_1st_corps:0 (reserve)
[brigade_assignment] Rehomed F_HRHB_0002 into truthful sector owner sector:hvo_tomislavgrad:0 (reserve)
[brigade_assignment] Rehomed rs_1st_prnjavor_light_infantry into truthful sector owner sector:vrs_1st_krajina:8 (reserve)
[brigade_assignment] Rehomed rs_1st_trebava_infantry into truthful sector owner sector:vrs_1st_krajina:8 (reserve)
[brigade_assignment] Rehomed rs_1st_vujak_light_infantry into truthful sector owner sector:vrs_1st_krajina:8 (reserve)
[brigade_assignment] Rehomed rs_27th_derventa_motorized into truthful sector owner sector:vrs_1st_krajina:8 (reserve)
[brigade_assignment] Rehomed rs_1st_prnjavor_light_infantry into truthful sector owner sector:vrs_1st_krajina:6 (reserve)
[brigade_assignment] Rehomed rs_1st_trebava_infantry into truthful sector owner sector:vrs_1st_krajina:6 (reserve)
[brigade_assignment] Rehomed rs_1st_vujak_light_infantry into truthful sector owner sector:vrs_1st_krajina:6 (reserve)
[brigade_assignment] Rehomed rs_27th_derventa_motorized into truthful sector owner sector:vrs_1st_krajina:6 (reserve)
[brigade_assignment] Rehomed arbih_109th_mountain into truthful sector owner sector:arbih_1st_corps:3 (reserve)
[brigade_assignment] Rehomed arbih_181st_mountain into truthful sector owner sector:arbih_1st_corps:3 (reserve)
[brigade_assignment] Rehomed arbih_185th_light into truthful sector owner sector:arbih_1st_corps:0 (reserve)
[brigade_assignment] Rehomed F_HRHB_0002 into truthful sector owner sector:hvo_tomislavgrad:0 (reserve)
[brigade_assignment] Rehomed hrhb_1st_brigade_mostar into truthful sector owner sector:hvo_southeast_herzegovina:0 (front)
[brigade_assignment] Rehomed hrhb_6th_brigade_ranko_boban into truthful sector owner sector:hvo_southeast_herzegovina:0 (front)
[brigade_assignment] Rehomed rs_19th_krajina_light_infantry into truthful sector owner sector:vrs_1st_krajina:3 (front)
[brigade_assignment] Rehomed rs_1st_prnjavor_light_infantry into truthful sector owner sector:vrs_1st_krajina:6 (reserve)
[brigade_assignment] Rehomed rs_1st_trebava_infantry into truthful sector owner sector:vrs_1st_krajina:6 (reserve)
[brigade_assignment] Rehomed rs_1st_vujak_light_infantry into truthful sector owner sector:vrs_1st_krajina:6 (reserve)
[brigade_assignment] Rehomed rs_22nd_krajina_infantry into truthful sector owner sector:vrs_1st_krajina:3 (front)
[brigade_assignment] Rehomed rs_27th_derventa_motorized into truthful sector owner sector:vrs_1st_krajina:6 (reserve)
[brigade_assignment] Rehomed arbih_109th_mountain into truthful sector owner sector:arbih_1st_corps:3 (reserve)
[brigade_assignment] Rehomed arbih_181st_mountain into truthful sector owner sector:arbih_1st_corps:3 (reserve)
[brigade_assignment] Rehomed arbih_185th_light into truthful sector owner sector:arbih_1st_corps:0 (reserve)
[brigade_assignment] Rehomed F_HRHB_0002 into truthful sector owner sector:hvo_tomislavgrad:0 (reserve)
[brigade_assignment] Rehomed rs_1st_prnjavor_light_infantry into truthful sector owner sector:vrs_1st_krajina:8 (reserve)
[brigade_assignment] Rehomed rs_1st_trebava_infantry into truthful sector owner sector:vrs_1st_krajina:8 (reserve)
[brigade_assignment] Rehomed rs_1st_vujak_light_infantry into truthful sector owner sector:vrs_1st_krajina:8 (reserve)
[brigade_assignment] Rehomed rs_27th_derventa_motorized into truthful sector owner sector:vrs_1st_krajina:8 (reserve)
[brigade_assignment] FINAL_SEAL kind=turn turn=124 unresolved=0
[brigade_assignment] Rehomed rs_1st_prnjavor_light_infantry into truthful sector owner sector:vrs_1st_krajina:6 (reserve)
[brigade_assignment] Rehomed rs_1st_trebava_infantry into truthful sector owner sector:vrs_1st_krajina:6 (reserve)
[brigade_assignment] Rehomed rs_1st_vujak_light_infantry into truthful sector owner sector:vrs_1st_krajina:6 (reserve)
[brigade_assignment] Rehomed rs_27th_derventa_motorized into truthful sector owner sector:vrs_1st_krajina:6 (reserve)
[brigade_assignment] Rehomed arbih_109th_mountain into truthful sector owner sector:arbih_1st_corps:3 (reserve)
[brigade_assignment] Rehomed arbih_181st_mountain into truthful sector owner sector:arbih_1st_corps:3 (reserve)
[brigade_assignment] Rehomed arbih_185th_light into truthful sector owner sector:arbih_1st_corps:0 (reserve)
[brigade_assignment] Rehomed F_HRHB_0002 into truthful sector owner sector:hvo_tomislavgrad:0 (reserve)
[brigade_assignment] Rehomed hrhb_1st_herzegovina_brigade_knez_domagoj into truthful sector owner sector:hvo_southeast_herzegovina:0 (front)
[brigade_assignment] Rehomed hrhb_6th_brigade_ranko_boban into truthful sector owner sector:hvo_southeast_herzegovina:0 (front)
[brigade_assignment] Rehomed rs_19th_krajina_light_infantry into truthful sector owner sector:vrs_1st_krajina:3 (front)
[brigade_assignment] Rehomed rs_1st_prnjavor_light_infantry into truthful sector owner sector:vrs_1st_krajina:6 (reserve)
[brigade_assignment] Rehomed rs_1st_trebava_infantry into truthful sector owner sector:vrs_1st_krajina:6 (reserve)
[brigade_assignment] Rehomed rs_1st_vujak_light_infantry into truthful sector owner sector:vrs_1st_krajina:6 (reserve)
[brigade_assignment] Rehomed rs_22nd_krajina_infantry into truthful sector owner sector:vrs_1st_krajina:3 (front)
[brigade_assignment] Rehomed rs_27th_derventa_motorized into truthful sector owner sector:vrs_1st_krajina:6 (reserve)
[brigade_assignment] Rehomed arbih_109th_mountain into truthful sector owner sector:arbih_1st_corps:3 (reserve)
[brigade_assignment] Rehomed arbih_181st_mountain into truthful sector owner sector:arbih_1st_corps:3 (reserve)
[brigade_assignment] Rehomed arbih_185th_light into truthful sector owner sector:arbih_1st_corps:0 (reserve)
[brigade_assignment] Rehomed F_HRHB_0002 into truthful sector owner sector:hvo_tomislavgrad:0 (reserve)
[brigade_assignment] Rehomed rs_1st_prnjavor_light_infantry into truthful sector owner sector:vrs_1st_krajina:8 (reserve)
[brigade_assignment] Rehomed rs_1st_trebava_infantry into truthful sector owner sector:vrs_1st_krajina:8 (reserve)
[brigade_assignment] Rehomed rs_1st_vujak_light_infantry into truthful sector owner sector:vrs_1st_krajina:8 (reserve)
[brigade_assignment] Rehomed rs_27th_derventa_motorized into truthful sector owner sector:vrs_1st_krajina:8 (reserve)
[brigade_assignment] Rehomed rs_1st_prnjavor_light_infantry into truthful sector owner sector:vrs_1st_krajina:6 (reserve)
[brigade_assignment] Rehomed rs_1st_trebava_infantry into truthful sector owner sector:vrs_1st_krajina:6 (reserve)
[brigade_assignment] Rehomed rs_1st_vujak_light_infantry into truthful sector owner sector:vrs_1st_krajina:6 (reserve)
[brigade_assignment] Rehomed rs_27th_derventa_motorized into truthful sector owner sector:vrs_1st_krajina:6 (reserve)
[brigade_assignment] Rehomed arbih_109th_mountain into truthful sector owner sector:arbih_1st_corps:3 (reserve)
[brigade_assignment] Rehomed arbih_181st_mountain into truthful sector owner sector:arbih_1st_corps:3 (reserve)
[brigade_assignment] Rehomed arbih_185th_light into truthful sector owner sector:arbih_1st_corps:0 (reserve)
[brigade_assignment] Rehomed F_HRHB_0002 into truthful sector owner sector:hvo_tomislavgrad:0 (reserve)
[brigade_assignment] Rehomed hrhb_1st_herzegovina_brigade_knez_domagoj into truthful sector owner sector:hvo_southeast_herzegovina:0 (front)
[brigade_assignment] Rehomed hrhb_6th_brigade_ranko_boban into truthful sector owner sector:hvo_southeast_herzegovina:0 (front)
[brigade_assignment] Rehomed rs_19th_krajina_light_infantry into truthful sector owner sector:vrs_1st_krajina:3 (front)
[brigade_assignment] Rehomed rs_1st_prnjavor_light_infantry into truthful sector owner sector:vrs_1st_krajina:6 (reserve)
[brigade_assignment] Rehomed rs_1st_trebava_infantry into truthful sector owner sector:vrs_1st_krajina:6 (reserve)
[brigade_assignment] Rehomed rs_1st_vujak_light_infantry into truthful sector owner sector:vrs_1st_krajina:6 (reserve)
[brigade_assignment] Rehomed rs_22nd_krajina_infantry into truthful sector owner sector:vrs_1st_krajina:3 (front)
[brigade_assignment] Rehomed rs_27th_derventa_motorized into truthful sector owner sector:vrs_1st_krajina:6 (reserve)
[brigade_assignment] Rehomed arbih_109th_mountain into truthful sector owner sector:arbih_1st_corps:3 (reserve)
[brigade_assignment] Rehomed arbih_181st_mountain into truthful sector owner sector:arbih_1st_corps:3 (reserve)
[brigade_assignment] Rehomed arbih_185th_light into truthful sector owner sector:arbih_1st_corps:0 (reserve)
[brigade_assignment] Rehomed F_HRHB_0002 into truthful sector owner sector:hvo_tomislavgrad:0 (reserve)
[brigade_assignment] Rehomed rs_1st_prnjavor_light_infantry into truthful sector owner sector:vrs_1st_krajina:8 (reserve)
[brigade_assignment] Rehomed rs_1st_trebava_infantry into truthful sector owner sector:vrs_1st_krajina:8 (reserve)
[brigade_assignment] Rehomed rs_1st_vujak_light_infantry into truthful sector owner sector:vrs_1st_krajina:8 (reserve)
[brigade_assignment] Rehomed rs_27th_derventa_motorized into truthful sector owner sector:vrs_1st_krajina:8 (reserve)
[brigade_assignment] FINAL_SEAL kind=turn turn=125 unresolved=0
[brigade_assignment] Rehomed rs_1st_prnjavor_light_infantry into truthful sector owner sector:vrs_1st_krajina:6 (reserve)
[brigade_assignment] Rehomed rs_1st_trebava_infantry into truthful sector owner sector:vrs_1st_krajina:6 (reserve)
[brigade_assignment] Rehomed rs_1st_vujak_light_infantry into truthful sector owner sector:vrs_1st_krajina:6 (reserve)
[brigade_assignment] Rehomed rs_27th_derventa_motorized into truthful sector owner sector:vrs_1st_krajina:6 (reserve)
[brigade_assignment] Rehomed arbih_109th_mountain into truthful sector owner sector:arbih_1st_corps:3 (reserve)
[brigade_assignment] Rehomed arbih_181st_mountain into truthful sector owner sector:arbih_1st_corps:3 (reserve)
[brigade_assignment] Rehomed arbih_185th_light into truthful sector owner sector:arbih_1st_corps:0 (reserve)
[brigade_assignment] Rehomed F_HRHB_0002 into truthful sector owner sector:hvo_tomislavgrad:0 (reserve)
[brigade_assignment] Rehomed hrhb_6th_brigade_ranko_boban into truthful sector owner sector:hvo_southeast_herzegovina:0 (front)
[brigade_assignment] Rehomed rs_19th_krajina_light_infantry into truthful sector owner sector:vrs_1st_krajina:2 (front)
[brigade_assignment] Rehomed rs_1st_prnjavor_light_infantry into truthful sector owner sector:vrs_1st_krajina:6 (reserve)
[brigade_assignment] Rehomed rs_1st_trebava_infantry into truthful sector owner sector:vrs_1st_krajina:6 (reserve)
[brigade_assignment] Rehomed rs_1st_vujak_light_infantry into truthful sector owner sector:vrs_1st_krajina:6 (reserve)
[brigade_assignment] Rehomed rs_22nd_krajina_infantry into truthful sector owner sector:vrs_1st_krajina:2 (front)
[brigade_assignment] Rehomed rs_27th_derventa_motorized into truthful sector owner sector:vrs_1st_krajina:6 (reserve)
[brigade_assignment] Rehomed arbih_109th_mountain into truthful sector owner sector:arbih_1st_corps:3 (reserve)
[brigade_assignment] Rehomed arbih_181st_mountain into truthful sector owner sector:arbih_1st_corps:3 (reserve)
[brigade_assignment] Rehomed arbih_185th_light into truthful sector owner sector:arbih_1st_corps:0 (reserve)
[brigade_assignment] Rehomed F_HRHB_0002 into truthful sector owner sector:hvo_tomislavgrad:0 (reserve)
[brigade_assignment] Rehomed rs_1st_prnjavor_light_infantry into truthful sector owner sector:vrs_1st_krajina:8 (reserve)
[brigade_assignment] Rehomed rs_1st_trebava_infantry into truthful sector owner sector:vrs_1st_krajina:8 (reserve)
[brigade_assignment] Rehomed rs_1st_vujak_light_infantry into truthful sector owner sector:vrs_1st_krajina:8 (reserve)
[brigade_assignment] Rehomed rs_27th_derventa_motorized into truthful sector owner sector:vrs_1st_krajina:8 (reserve)
[brigade_assignment] Rehomed rs_1st_prnjavor_light_infantry into truthful sector owner sector:vrs_1st_krajina:6 (reserve)
[brigade_assignment] Rehomed rs_1st_trebava_infantry into truthful sector owner sector:vrs_1st_krajina:6 (reserve)
[brigade_assignment] Rehomed rs_1st_vujak_light_infantry into truthful sector owner sector:vrs_1st_krajina:6 (reserve)
[brigade_assignment] Rehomed rs_27th_derventa_motorized into truthful sector owner sector:vrs_1st_krajina:6 (reserve)
[brigade_assignment] Rehomed arbih_109th_mountain into truthful sector owner sector:arbih_1st_corps:3 (reserve)
[brigade_assignment] Rehomed arbih_181st_mountain into truthful sector owner sector:arbih_1st_corps:3 (reserve)
[brigade_assignment] Rehomed arbih_185th_light into truthful sector owner sector:arbih_1st_corps:0 (reserve)
[brigade_assignment] Rehomed F_HRHB_0002 into truthful sector owner sector:hvo_tomislavgrad:0 (reserve)
[brigade_assignment] Rehomed hrhb_6th_brigade_ranko_boban into truthful sector owner sector:hvo_southeast_herzegovina:0 (front)
[brigade_assignment] Rehomed rs_19th_krajina_light_infantry into truthful sector owner sector:vrs_1st_krajina:2 (front)
[brigade_assignment] Rehomed rs_1st_prnjavor_light_infantry into truthful sector owner sector:vrs_1st_krajina:6 (reserve)
[brigade_assignment] Rehomed rs_1st_trebava_infantry into truthful sector owner sector:vrs_1st_krajina:6 (reserve)
[brigade_assignment] Rehomed rs_1st_vujak_light_infantry into truthful sector owner sector:vrs_1st_krajina:6 (reserve)
[brigade_assignment] Rehomed rs_22nd_krajina_infantry into truthful sector owner sector:vrs_1st_krajina:2 (front)
[brigade_assignment] Rehomed rs_27th_derventa_motorized into truthful sector owner sector:vrs_1st_krajina:6 (reserve)
[brigade_assignment] Rehomed arbih_109th_mountain into truthful sector owner sector:arbih_1st_corps:3 (reserve)
[brigade_assignment] Rehomed arbih_181st_mountain into truthful sector owner sector:arbih_1st_corps:3 (reserve)
[brigade_assignment] Rehomed arbih_185th_light into truthful sector owner sector:arbih_1st_corps:0 (reserve)
[brigade_assignment] Rehomed F_HRHB_0002 into truthful sector owner sector:hvo_tomislavgrad:0 (reserve)
[brigade_assignment] Rehomed rs_1st_prnjavor_light_infantry into truthful sector owner sector:vrs_1st_krajina:8 (reserve)
[brigade_assignment] Rehomed rs_1st_trebava_infantry into truthful sector owner sector:vrs_1st_krajina:8 (reserve)
[brigade_assignment] Rehomed rs_1st_vujak_light_infantry into truthful sector owner sector:vrs_1st_krajina:8 (reserve)
[brigade_assignment] Rehomed rs_27th_derventa_motorized into truthful sector owner sector:vrs_1st_krajina:8 (reserve)
[brigade_assignment] FINAL_SEAL kind=turn turn=126 unresolved=0
[brigade_assignment] Rehomed rs_1st_prnjavor_light_infantry into truthful sector owner sector:vrs_1st_krajina:6 (reserve)
[brigade_assignment] Rehomed rs_1st_trebava_infantry into truthful sector owner sector:vrs_1st_krajina:6 (reserve)
[brigade_assignment] Rehomed rs_1st_vujak_light_infantry into truthful sector owner sector:vrs_1st_krajina:6 (reserve)
[brigade_assignment] Rehomed rs_27th_derventa_motorized into truthful sector owner sector:vrs_1st_krajina:6 (reserve)
[brigade_assignment] Rehomed arbih_109th_mountain into truthful sector owner sector:arbih_1st_corps:3 (reserve)
[brigade_assignment] Rehomed arbih_181st_mountain into truthful sector owner sector:arbih_1st_corps:3 (reserve)
[brigade_assignment] Rehomed arbih_185th_light into truthful sector owner sector:arbih_1st_corps:0 (reserve)
[brigade_assignment] Rehomed F_HRHB_0002 into truthful sector owner sector:hvo_tomislavgrad:0 (reserve)
[brigade_assignment] Rehomed hrhb_6th_brigade_ranko_boban into truthful sector owner sector:hvo_southeast_herzegovina:0 (front)
[brigade_assignment] Rehomed rs_19th_krajina_light_infantry into truthful sector owner sector:vrs_1st_krajina:2 (front)
[brigade_assignment] Rehomed rs_1st_prnjavor_light_infantry into truthful sector owner sector:vrs_1st_krajina:6 (reserve)
[brigade_assignment] Rehomed rs_1st_trebava_infantry into truthful sector owner sector:vrs_1st_krajina:6 (reserve)
[brigade_assignment] Rehomed rs_1st_vujak_light_infantry into truthful sector owner sector:vrs_1st_krajina:6 (reserve)
[brigade_assignment] Rehomed rs_22nd_krajina_infantry into truthful sector owner sector:vrs_1st_krajina:2 (front)
[brigade_assignment] Rehomed rs_27th_derventa_motorized into truthful sector owner sector:vrs_1st_krajina:6 (reserve)
[brigade_assignment] Rehomed arbih_109th_mountain into truthful sector owner sector:arbih_1st_corps:3 (reserve)
[brigade_assignment] Rehomed arbih_181st_mountain into truthful sector owner sector:arbih_1st_corps:3 (reserve)
[brigade_assignment] Rehomed arbih_185th_light into truthful sector owner sector:arbih_1st_corps:0 (reserve)
[brigade_assignment] Rehomed F_HRHB_0002 into truthful sector owner sector:hvo_tomislavgrad:0 (reserve)
[brigade_assignment] Rehomed rs_1st_prnjavor_light_infantry into truthful sector owner sector:vrs_1st_krajina:8 (reserve)
[brigade_assignment] Rehomed rs_1st_trebava_infantry into truthful sector owner sector:vrs_1st_krajina:8 (reserve)
[brigade_assignment] Rehomed rs_1st_vujak_light_infantry into truthful sector owner sector:vrs_1st_krajina:8 (reserve)
[brigade_assignment] Rehomed rs_27th_derventa_motorized into truthful sector owner sector:vrs_1st_krajina:8 (reserve)
[brigade_assignment] Rehomed rs_1st_prnjavor_light_infantry into truthful sector owner sector:vrs_1st_krajina:6 (reserve)
[brigade_assignment] Rehomed rs_1st_trebava_infantry into truthful sector owner sector:vrs_1st_krajina:6 (reserve)
[brigade_assignment] Rehomed rs_1st_vujak_light_infantry into truthful sector owner sector:vrs_1st_krajina:6 (reserve)
[brigade_assignment] Rehomed rs_27th_derventa_motorized into truthful sector owner sector:vrs_1st_krajina:6 (reserve)
[brigade_assignment] Rehomed arbih_109th_mountain into truthful sector owner sector:arbih_1st_corps:3 (reserve)
[brigade_assignment] Rehomed arbih_181st_mountain into truthful sector owner sector:arbih_1st_corps:3 (reserve)
[brigade_assignment] Rehomed arbih_185th_light into truthful sector owner sector:arbih_1st_corps:0 (reserve)
[brigade_assignment] Rehomed F_HRHB_0002 into truthful sector owner sector:hvo_tomislavgrad:0 (reserve)
[brigade_assignment] Rehomed hrhb_6th_brigade_ranko_boban into truthful sector owner sector:hvo_southeast_herzegovina:0 (front)
[brigade_assignment] Rehomed rs_19th_krajina_light_infantry into truthful sector owner sector:vrs_1st_krajina:2 (front)
[brigade_assignment] Rehomed rs_1st_prnjavor_light_infantry into truthful sector owner sector:vrs_1st_krajina:6 (reserve)
[brigade_assignment] Rehomed rs_1st_trebava_infantry into truthful sector owner sector:vrs_1st_krajina:6 (reserve)
[brigade_assignment] Rehomed rs_1st_vujak_light_infantry into truthful sector owner sector:vrs_1st_krajina:6 (reserve)
[brigade_assignment] Rehomed rs_22nd_krajina_infantry into truthful sector owner sector:vrs_1st_krajina:2 (front)
[brigade_assignment] Rehomed rs_27th_derventa_motorized into truthful sector owner sector:vrs_1st_krajina:6 (reserve)
[brigade_assignment] Rehomed arbih_109th_mountain into truthful sector owner sector:arbih_1st_corps:3 (reserve)
[brigade_assignment] Rehomed arbih_181st_mountain into truthful sector owner sector:arbih_1st_corps:3 (reserve)
[brigade_assignment] Rehomed arbih_185th_light into truthful sector owner sector:arbih_1st_corps:0 (reserve)
[brigade_assignment] Rehomed F_HRHB_0002 into truthful sector owner sector:hvo_tomislavgrad:0 (reserve)
[brigade_assignment] Rehomed rs_1st_prnjavor_light_infantry into truthful sector owner sector:vrs_1st_krajina:8 (reserve)
[brigade_assignment] Rehomed rs_1st_trebava_infantry into truthful sector owner sector:vrs_1st_krajina:8 (reserve)
[brigade_assignment] Rehomed rs_1st_vujak_light_infantry into truthful sector owner sector:vrs_1st_krajina:8 (reserve)
[brigade_assignment] Rehomed rs_27th_derventa_motorized into truthful sector owner sector:vrs_1st_krajina:8 (reserve)
[brigade_assignment] FINAL_SEAL kind=turn turn=127 unresolved=0
[brigade_assignment] Rehomed rs_1st_prnjavor_light_infantry into truthful sector owner sector:vrs_1st_krajina:6 (reserve)
[brigade_assignment] Rehomed rs_1st_trebava_infantry into truthful sector owner sector:vrs_1st_krajina:6 (reserve)
[brigade_assignment] Rehomed rs_1st_vujak_light_infantry into truthful sector owner sector:vrs_1st_krajina:6 (reserve)
[brigade_assignment] Rehomed rs_27th_derventa_motorized into truthful sector owner sector:vrs_1st_krajina:6 (reserve)
[brigade_assignment] Rehomed arbih_109th_mountain into truthful sector owner sector:arbih_1st_corps:3 (reserve)
[brigade_assignment] Rehomed arbih_181st_mountain into truthful sector owner sector:arbih_1st_corps:3 (reserve)
[brigade_assignment] Rehomed arbih_185th_light into truthful sector owner sector:arbih_1st_corps:0 (reserve)
[brigade_assignment] Rehomed F_HRHB_0002 into truthful sector owner sector:hvo_tomislavgrad:0 (reserve)
[brigade_assignment] Rehomed hrhb_1st_brigade_mostar into truthful sector owner sector:hvo_southeast_herzegovina:0 (front)
[brigade_assignment] Rehomed hrhb_6th_brigade_ranko_boban into truthful sector owner sector:hvo_southeast_herzegovina:0 (front)
[brigade_assignment] Rehomed rs_19th_krajina_light_infantry into truthful sector owner sector:vrs_1st_krajina:2 (front)
[brigade_assignment] Rehomed rs_1st_prnjavor_light_infantry into truthful sector owner sector:vrs_1st_krajina:6 (reserve)
[brigade_assignment] Rehomed rs_1st_trebava_infantry into truthful sector owner sector:vrs_1st_krajina:6 (reserve)
[brigade_assignment] Rehomed rs_1st_vujak_light_infantry into truthful sector owner sector:vrs_1st_krajina:6 (reserve)
[brigade_assignment] Rehomed rs_22nd_krajina_infantry into truthful sector owner sector:vrs_1st_krajina:2 (front)
[brigade_assignment] Rehomed rs_27th_derventa_motorized into truthful sector owner sector:vrs_1st_krajina:6 (reserve)
[brigade_assignment] Rehomed arbih_109th_mountain into truthful sector owner sector:arbih_1st_corps:3 (reserve)
[brigade_assignment] Rehomed arbih_181st_mountain into truthful sector owner sector:arbih_1st_corps:3 (reserve)
[brigade_assignment] Rehomed arbih_185th_light into truthful sector owner sector:arbih_1st_corps:0 (reserve)
[brigade_assignment] Rehomed F_HRHB_0002 into truthful sector owner sector:hvo_tomislavgrad:0 (reserve)
[brigade_assignment] Rehomed rs_1st_prnjavor_light_infantry into truthful sector owner sector:vrs_1st_krajina:8 (reserve)
[brigade_assignment] Rehomed rs_1st_trebava_infantry into truthful sector owner sector:vrs_1st_krajina:8 (reserve)
[brigade_assignment] Rehomed rs_1st_vujak_light_infantry into truthful sector owner sector:vrs_1st_krajina:8 (reserve)
[brigade_assignment] Rehomed rs_27th_derventa_motorized into truthful sector owner sector:vrs_1st_krajina:8 (reserve)
[brigade_assignment] Rehomed rs_1st_prnjavor_light_infantry into truthful sector owner sector:vrs_1st_krajina:6 (reserve)
[brigade_assignment] Rehomed rs_1st_trebava_infantry into truthful sector owner sector:vrs_1st_krajina:6 (reserve)
[brigade_assignment] Rehomed rs_1st_vujak_light_infantry into truthful sector owner sector:vrs_1st_krajina:6 (reserve)
[brigade_assignment] Rehomed rs_27th_derventa_motorized into truthful sector owner sector:vrs_1st_krajina:6 (reserve)
[brigade_assignment] Rehomed arbih_109th_mountain into truthful sector owner sector:arbih_1st_corps:3 (reserve)
[brigade_assignment] Rehomed arbih_181st_mountain into truthful sector owner sector:arbih_1st_corps:3 (reserve)
[brigade_assignment] Rehomed arbih_185th_light into truthful sector owner sector:arbih_1st_corps:0 (reserve)
[brigade_assignment] Rehomed F_HRHB_0002 into truthful sector owner sector:hvo_tomislavgrad:0 (reserve)
[brigade_assignment] Rehomed hrhb_1st_brigade_mostar into truthful sector owner sector:hvo_southeast_herzegovina:0 (front)
[brigade_assignment] Rehomed hrhb_6th_brigade_ranko_boban into truthful sector owner sector:hvo_southeast_herzegovina:0 (front)
[brigade_assignment] Rehomed rs_19th_krajina_light_infantry into truthful sector owner sector:vrs_1st_krajina:2 (front)
[brigade_assignment] Rehomed rs_1st_prnjavor_light_infantry into truthful sector owner sector:vrs_1st_krajina:6 (reserve)
[brigade_assignment] Rehomed rs_1st_trebava_infantry into truthful sector owner sector:vrs_1st_krajina:6 (reserve)
[brigade_assignment] Rehomed rs_1st_vujak_light_infantry into truthful sector owner sector:vrs_1st_krajina:6 (reserve)
[brigade_assignment] Rehomed rs_22nd_krajina_infantry into truthful sector owner sector:vrs_1st_krajina:2 (front)
[brigade_assignment] Rehomed rs_27th_derventa_motorized into truthful sector owner sector:vrs_1st_krajina:6 (reserve)
[brigade_assignment] Rehomed arbih_109th_mountain into truthful sector owner sector:arbih_1st_corps:3 (reserve)
[brigade_assignment] Rehomed arbih_181st_mountain into truthful sector owner sector:arbih_1st_corps:3 (reserve)
[brigade_assignment] Rehomed arbih_185th_light into truthful sector owner sector:arbih_1st_corps:0 (reserve)
[brigade_assignment] Rehomed F_HRHB_0002 into truthful sector owner sector:hvo_tomislavgrad:0 (reserve)
[brigade_assignment] Rehomed rs_1st_prnjavor_light_infantry into truthful sector owner sector:vrs_1st_krajina:8 (reserve)
[brigade_assignment] Rehomed rs_1st_trebava_infantry into truthful sector owner sector:vrs_1st_krajina:8 (reserve)
[brigade_assignment] Rehomed rs_1st_vujak_light_infantry into truthful sector owner sector:vrs_1st_krajina:8 (reserve)
[brigade_assignment] Rehomed rs_27th_derventa_motorized into truthful sector owner sector:vrs_1st_krajina:8 (reserve)
[brigade_assignment] FINAL_SEAL kind=turn turn=128 unresolved=0
[brigade_assignment] Rehomed rs_1st_prnjavor_light_infantry into truthful sector owner sector:vrs_1st_krajina:6 (reserve)
[brigade_assignment] Rehomed rs_1st_trebava_infantry into truthful sector owner sector:vrs_1st_krajina:6 (reserve)
[brigade_assignment] Rehomed rs_1st_vujak_light_infantry into truthful sector owner sector:vrs_1st_krajina:6 (reserve)
[brigade_assignment] Rehomed rs_27th_derventa_motorized into truthful sector owner sector:vrs_1st_krajina:6 (reserve)
[brigade_assignment] Rehomed arbih_109th_mountain into truthful sector owner sector:arbih_1st_corps:3 (reserve)
[brigade_assignment] Rehomed arbih_181st_mountain into truthful sector owner sector:arbih_1st_corps:3 (reserve)
[brigade_assignment] Rehomed arbih_185th_light into truthful sector owner sector:arbih_1st_corps:0 (reserve)
[brigade_assignment] Rehomed F_HRHB_0002 into truthful sector owner sector:hvo_tomislavgrad:0 (reserve)
[brigade_assignment] Rehomed hrhb_1st_brigade_mostar into truthful sector owner sector:hvo_southeast_herzegovina:0 (front)
[brigade_assignment] Rehomed hrhb_6th_brigade_ranko_boban into truthful sector owner sector:hvo_southeast_herzegovina:0 (front)
[brigade_assignment] Rehomed rs_19th_krajina_light_infantry into truthful sector owner sector:vrs_1st_krajina:2 (front)
[brigade_assignment] Rehomed rs_1st_prnjavor_light_infantry into truthful sector owner sector:vrs_1st_krajina:6 (reserve)
[brigade_assignment] Rehomed rs_1st_trebava_infantry into truthful sector owner sector:vrs_1st_krajina:6 (reserve)
[brigade_assignment] Rehomed rs_1st_vujak_light_infantry into truthful sector owner sector:vrs_1st_krajina:6 (reserve)
[brigade_assignment] Rehomed rs_22nd_krajina_infantry into truthful sector owner sector:vrs_1st_krajina:2 (front)
[brigade_assignment] Rehomed rs_27th_derventa_motorized into truthful sector owner sector:vrs_1st_krajina:6 (reserve)
[brigade_assignment] Rehomed arbih_109th_mountain into truthful sector owner sector:arbih_1st_corps:3 (reserve)
[brigade_assignment] Rehomed arbih_181st_mountain into truthful sector owner sector:arbih_1st_corps:3 (reserve)
[brigade_assignment] Rehomed arbih_185th_light into truthful sector owner sector:arbih_1st_corps:0 (reserve)
[brigade_assignment] Rehomed F_HRHB_0002 into truthful sector owner sector:hvo_tomislavgrad:0 (reserve)
[brigade_assignment] Rehomed rs_1st_prnjavor_light_infantry into truthful sector owner sector:vrs_1st_krajina:8 (reserve)
[brigade_assignment] Rehomed rs_1st_trebava_infantry into truthful sector owner sector:vrs_1st_krajina:8 (reserve)
[brigade_assignment] Rehomed rs_1st_vujak_light_infantry into truthful sector owner sector:vrs_1st_krajina:8 (reserve)
[brigade_assignment] Rehomed rs_27th_derventa_motorized into truthful sector owner sector:vrs_1st_krajina:8 (reserve)
[brigade_assignment] Rehomed rs_1st_prnjavor_light_infantry into truthful sector owner sector:vrs_1st_krajina:6 (reserve)
[brigade_assignment] Rehomed rs_1st_trebava_infantry into truthful sector owner sector:vrs_1st_krajina:6 (reserve)
[brigade_assignment] Rehomed rs_1st_vujak_light_infantry into truthful sector owner sector:vrs_1st_krajina:6 (reserve)
[brigade_assignment] Rehomed rs_27th_derventa_motorized into truthful sector owner sector:vrs_1st_krajina:6 (reserve)
[brigade_assignment] Rehomed arbih_109th_mountain into truthful sector owner sector:arbih_1st_corps:3 (reserve)
[brigade_assignment] Rehomed arbih_181st_mountain into truthful sector owner sector:arbih_1st_corps:3 (reserve)
[brigade_assignment] Rehomed arbih_185th_light into truthful sector owner sector:arbih_1st_corps:0 (reserve)
[brigade_assignment] Rehomed F_HRHB_0002 into truthful sector owner sector:hvo_tomislavgrad:0 (reserve)
[brigade_assignment] Rehomed hrhb_1st_brigade_mostar into truthful sector owner sector:hvo_southeast_herzegovina:0 (front)
[brigade_assignment] Rehomed hrhb_6th_brigade_ranko_boban into truthful sector owner sector:hvo_southeast_herzegovina:0 (front)
[brigade_assignment] Rehomed rs_19th_krajina_light_infantry into truthful sector owner sector:vrs_1st_krajina:2 (front)
[brigade_assignment] Rehomed rs_1st_prnjavor_light_infantry into truthful sector owner sector:vrs_1st_krajina:6 (reserve)
[brigade_assignment] Rehomed rs_1st_trebava_infantry into truthful sector owner sector:vrs_1st_krajina:6 (reserve)
[brigade_assignment] Rehomed rs_1st_vujak_light_infantry into truthful sector owner sector:vrs_1st_krajina:6 (reserve)
[brigade_assignment] Rehomed rs_22nd_krajina_infantry into truthful sector owner sector:vrs_1st_krajina:2 (front)
[brigade_assignment] Rehomed rs_27th_derventa_motorized into truthful sector owner sector:vrs_1st_krajina:6 (reserve)
[brigade_assignment] Rehomed arbih_109th_mountain into truthful sector owner sector:arbih_1st_corps:3 (reserve)
[brigade_assignment] Rehomed arbih_181st_mountain into truthful sector owner sector:arbih_1st_corps:3 (reserve)
[brigade_assignment] Rehomed arbih_185th_light into truthful sector owner sector:arbih_1st_corps:0 (reserve)
[brigade_assignment] Rehomed F_HRHB_0002 into truthful sector owner sector:hvo_tomislavgrad:0 (reserve)
[brigade_assignment] Rehomed rs_1st_prnjavor_light_infantry into truthful sector owner sector:vrs_1st_krajina:8 (reserve)
[brigade_assignment] Rehomed rs_1st_trebava_infantry into truthful sector owner sector:vrs_1st_krajina:8 (reserve)
[brigade_assignment] Rehomed rs_1st_vujak_light_infantry into truthful sector owner sector:vrs_1st_krajina:8 (reserve)
[brigade_assignment] Rehomed rs_27th_derventa_motorized into truthful sector owner sector:vrs_1st_krajina:8 (reserve)
[brigade_assignment] FINAL_SEAL kind=turn turn=129 unresolved=0
[brigade_assignment] Rehomed rs_1st_prnjavor_light_infantry into truthful sector owner sector:vrs_1st_krajina:6 (reserve)
[brigade_assignment] Rehomed rs_1st_trebava_infantry into truthful sector owner sector:vrs_1st_krajina:6 (reserve)
[brigade_assignment] Rehomed rs_1st_vujak_light_infantry into truthful sector owner sector:vrs_1st_krajina:6 (reserve)
[brigade_assignment] Rehomed rs_27th_derventa_motorized into truthful sector owner sector:vrs_1st_krajina:6 (reserve)
[brigade_assignment] Rehomed arbih_109th_mountain into truthful sector owner sector:arbih_1st_corps:3 (reserve)
[brigade_assignment] Rehomed arbih_181st_mountain into truthful sector owner sector:arbih_1st_corps:3 (reserve)
[brigade_assignment] Rehomed arbih_185th_light into truthful sector owner sector:arbih_1st_corps:0 (reserve)
[brigade_assignment] Rehomed F_HRHB_0002 into truthful sector owner sector:hvo_tomislavgrad:0 (reserve)
[brigade_assignment] Rehomed hrhb_1st_brigade_mostar into truthful sector owner sector:hvo_southeast_herzegovina:0 (front)
[brigade_assignment] Rehomed hrhb_6th_brigade_ranko_boban into truthful sector owner sector:hvo_southeast_herzegovina:0 (front)
[brigade_assignment] Rehomed rs_19th_krajina_light_infantry into truthful sector owner sector:vrs_1st_krajina:3 (front)
[brigade_assignment] Rehomed rs_1st_prnjavor_light_infantry into truthful sector owner sector:vrs_1st_krajina:6 (reserve)
[brigade_assignment] Rehomed rs_1st_trebava_infantry into truthful sector owner sector:vrs_1st_krajina:6 (reserve)
[brigade_assignment] Rehomed rs_1st_vujak_light_infantry into truthful sector owner sector:vrs_1st_krajina:6 (reserve)
[brigade_assignment] Rehomed rs_22nd_krajina_infantry into truthful sector owner sector:vrs_1st_krajina:3 (front)
[brigade_assignment] Rehomed rs_27th_derventa_motorized into truthful sector owner sector:vrs_1st_krajina:6 (reserve)
[brigade_assignment] Rehomed arbih_109th_mountain into truthful sector owner sector:arbih_1st_corps:3 (reserve)
[brigade_assignment] Rehomed arbih_181st_mountain into truthful sector owner sector:arbih_1st_corps:3 (reserve)
[brigade_assignment] Rehomed arbih_185th_light into truthful sector owner sector:arbih_1st_corps:0 (reserve)
[brigade_assignment] Rehomed F_HRHB_0002 into truthful sector owner sector:hvo_tomislavgrad:0 (reserve)
[brigade_assignment] Rehomed rs_1st_prnjavor_light_infantry into truthful sector owner sector:vrs_1st_krajina:8 (reserve)
[brigade_assignment] Rehomed rs_1st_trebava_infantry into truthful sector owner sector:vrs_1st_krajina:8 (reserve)
[brigade_assignment] Rehomed rs_1st_vujak_light_infantry into truthful sector owner sector:vrs_1st_krajina:8 (reserve)
[brigade_assignment] Rehomed rs_27th_derventa_motorized into truthful sector owner sector:vrs_1st_krajina:8 (reserve)
[brigade_assignment] Rehomed rs_1st_prnjavor_light_infantry into truthful sector owner sector:vrs_1st_krajina:6 (reserve)
[brigade_assignment] Rehomed rs_1st_trebava_infantry into truthful sector owner sector:vrs_1st_krajina:6 (reserve)
[brigade_assignment] Rehomed rs_1st_vujak_light_infantry into truthful sector owner sector:vrs_1st_krajina:6 (reserve)
[brigade_assignment] Rehomed rs_27th_derventa_motorized into truthful sector owner sector:vrs_1st_krajina:6 (reserve)
[brigade_assignment] Rehomed arbih_109th_mountain into truthful sector owner sector:arbih_1st_corps:3 (reserve)
[brigade_assignment] Rehomed arbih_181st_mountain into truthful sector owner sector:arbih_1st_corps:3 (reserve)
[brigade_assignment] Rehomed arbih_185th_light into truthful sector owner sector:arbih_1st_corps:0 (reserve)
[brigade_assignment] Rehomed F_HRHB_0002 into truthful sector owner sector:hvo_tomislavgrad:0 (reserve)
[brigade_assignment] Rehomed hrhb_1st_brigade_mostar into truthful sector owner sector:hvo_southeast_herzegovina:0 (front)
[brigade_assignment] Rehomed hrhb_6th_brigade_ranko_boban into truthful sector owner sector:hvo_southeast_herzegovina:0 (front)
[brigade_assignment] Rehomed rs_19th_krajina_light_infantry into truthful sector owner sector:vrs_1st_krajina:3 (front)
[brigade_assignment] Rehomed rs_1st_prnjavor_light_infantry into truthful sector owner sector:vrs_1st_krajina:6 (reserve)
[brigade_assignment] Rehomed rs_1st_trebava_infantry into truthful sector owner sector:vrs_1st_krajina:6 (reserve)
[brigade_assignment] Rehomed rs_1st_vujak_light_infantry into truthful sector owner sector:vrs_1st_krajina:6 (reserve)
[brigade_assignment] Rehomed rs_22nd_krajina_infantry into truthful sector owner sector:vrs_1st_krajina:3 (front)
[brigade_assignment] Rehomed rs_27th_derventa_motorized into truthful sector owner sector:vrs_1st_krajina:6 (reserve)
[brigade_assignment] Rehomed arbih_109th_mountain into truthful sector owner sector:arbih_1st_corps:3 (reserve)
[brigade_assignment] Rehomed arbih_181st_mountain into truthful sector owner sector:arbih_1st_corps:3 (reserve)
[brigade_assignment] Rehomed arbih_185th_light into truthful sector owner sector:arbih_1st_corps:0 (reserve)
[brigade_assignment] Rehomed F_HRHB_0002 into truthful sector owner sector:hvo_tomislavgrad:0 (reserve)
[brigade_assignment] Rehomed rs_1st_prnjavor_light_infantry into truthful sector owner sector:vrs_1st_krajina:8 (reserve)
[brigade_assignment] Rehomed rs_1st_trebava_infantry into truthful sector owner sector:vrs_1st_krajina:8 (reserve)
[brigade_assignment] Rehomed rs_1st_vujak_light_infantry into truthful sector owner sector:vrs_1st_krajina:8 (reserve)
[brigade_assignment] Rehomed rs_27th_derventa_motorized into truthful sector owner sector:vrs_1st_krajina:8 (reserve)
[brigade_assignment] FINAL_SEAL kind=turn turn=130 unresolved=0
[brigade_assignment] Rehomed rs_1st_prnjavor_light_infantry into truthful sector owner sector:vrs_1st_krajina:6 (reserve)
[brigade_assignment] Rehomed rs_1st_trebava_infantry into truthful sector owner sector:vrs_1st_krajina:6 (reserve)
[brigade_assignment] Rehomed rs_1st_vujak_light_infantry into truthful sector owner sector:vrs_1st_krajina:6 (reserve)
[brigade_assignment] Rehomed rs_27th_derventa_motorized into truthful sector owner sector:vrs_1st_krajina:6 (reserve)
[brigade_assignment] Rehomed arbih_109th_mountain into truthful sector owner sector:arbih_1st_corps:3 (reserve)
[brigade_assignment] Rehomed arbih_181st_mountain into truthful sector owner sector:arbih_1st_corps:3 (reserve)
[brigade_assignment] Rehomed arbih_185th_light into truthful sector owner sector:arbih_1st_corps:0 (reserve)
[brigade_assignment] Rehomed F_HRHB_0002 into truthful sector owner sector:hvo_tomislavgrad:0 (reserve)
[brigade_assignment] Rehomed hrhb_1st_herzegovina_brigade_knez_domagoj into truthful sector owner sector:hvo_southeast_herzegovina:0 (front)
[brigade_assignment] Rehomed hrhb_6th_brigade_ranko_boban into truthful sector owner sector:hvo_southeast_herzegovina:0 (front)
[brigade_assignment] Rehomed rs_19th_krajina_light_infantry into truthful sector owner sector:vrs_1st_krajina:3 (front)
[brigade_assignment] Rehomed rs_1st_prnjavor_light_infantry into truthful sector owner sector:vrs_1st_krajina:6 (reserve)
[brigade_assignment] Rehomed rs_1st_trebava_infantry into truthful sector owner sector:vrs_1st_krajina:6 (reserve)
[brigade_assignment] Rehomed rs_1st_vujak_light_infantry into truthful sector owner sector:vrs_1st_krajina:6 (reserve)
[brigade_assignment] Rehomed rs_22nd_krajina_infantry into truthful sector owner sector:vrs_1st_krajina:3 (front)
[brigade_assignment] Rehomed rs_27th_derventa_motorized into truthful sector owner sector:vrs_1st_krajina:6 (reserve)
[brigade_assignment] Rehomed arbih_109th_mountain into truthful sector owner sector:arbih_1st_corps:3 (reserve)
[brigade_assignment] Rehomed arbih_181st_mountain into truthful sector owner sector:arbih_1st_corps:3 (reserve)
[brigade_assignment] Rehomed arbih_185th_light into truthful sector owner sector:arbih_1st_corps:0 (reserve)
[brigade_assignment] Rehomed F_HRHB_0002 into truthful sector owner sector:hvo_tomislavgrad:0 (reserve)
[brigade_assignment] Rehomed rs_1st_prnjavor_light_infantry into truthful sector owner sector:vrs_1st_krajina:8 (reserve)
[brigade_assignment] Rehomed rs_1st_trebava_infantry into truthful sector owner sector:vrs_1st_krajina:8 (reserve)
[brigade_assignment] Rehomed rs_1st_vujak_light_infantry into truthful sector owner sector:vrs_1st_krajina:8 (reserve)
[brigade_assignment] Rehomed rs_27th_derventa_motorized into truthful sector owner sector:vrs_1st_krajina:8 (reserve)
[brigade_assignment] Rehomed rs_1st_prnjavor_light_infantry into truthful sector owner sector:vrs_1st_krajina:6 (reserve)
[brigade_assignment] Rehomed rs_1st_trebava_infantry into truthful sector owner sector:vrs_1st_krajina:6 (reserve)
[brigade_assignment] Rehomed rs_1st_vujak_light_infantry into truthful sector owner sector:vrs_1st_krajina:6 (reserve)
[brigade_assignment] Rehomed rs_27th_derventa_motorized into truthful sector owner sector:vrs_1st_krajina:6 (reserve)
[brigade_assignment] Rehomed arbih_109th_mountain into truthful sector owner sector:arbih_1st_corps:3 (reserve)
[brigade_assignment] Rehomed arbih_181st_mountain into truthful sector owner sector:arbih_1st_corps:3 (reserve)
[brigade_assignment] Rehomed arbih_185th_light into truthful sector owner sector:arbih_1st_corps:0 (reserve)
[brigade_assignment] Rehomed F_HRHB_0002 into truthful sector owner sector:hvo_tomislavgrad:0 (reserve)
[brigade_assignment] Rehomed hrhb_1st_herzegovina_brigade_knez_domagoj into truthful sector owner sector:hvo_southeast_herzegovina:0 (front)
[brigade_assignment] Rehomed hrhb_6th_brigade_ranko_boban into truthful sector owner sector:hvo_southeast_herzegovina:0 (front)
[brigade_assignment] Rehomed rs_19th_krajina_light_infantry into truthful sector owner sector:vrs_1st_krajina:3 (front)
[brigade_assignment] Rehomed rs_1st_prnjavor_light_infantry into truthful sector owner sector:vrs_1st_krajina:6 (reserve)
[brigade_assignment] Rehomed rs_1st_trebava_infantry into truthful sector owner sector:vrs_1st_krajina:6 (reserve)
[brigade_assignment] Rehomed rs_1st_vujak_light_infantry into truthful sector owner sector:vrs_1st_krajina:6 (reserve)
[brigade_assignment] Rehomed rs_22nd_krajina_infantry into truthful sector owner sector:vrs_1st_krajina:3 (front)
[brigade_assignment] Rehomed rs_27th_derventa_motorized into truthful sector owner sector:vrs_1st_krajina:6 (reserve)
[brigade_assignment] Rehomed arbih_109th_mountain into truthful sector owner sector:arbih_1st_corps:3 (reserve)
[brigade_assignment] Rehomed arbih_181st_mountain into truthful sector owner sector:arbih_1st_corps:3 (reserve)
[brigade_assignment] Rehomed arbih_185th_light into truthful sector owner sector:arbih_1st_corps:0 (reserve)
[brigade_assignment] Rehomed F_HRHB_0002 into truthful sector owner sector:hvo_tomislavgrad:0 (reserve)
[brigade_assignment] Rehomed rs_1st_prnjavor_light_infantry into truthful sector owner sector:vrs_1st_krajina:8 (reserve)
[brigade_assignment] Rehomed rs_1st_trebava_infantry into truthful sector owner sector:vrs_1st_krajina:8 (reserve)
[brigade_assignment] Rehomed rs_1st_vujak_light_infantry into truthful sector owner sector:vrs_1st_krajina:8 (reserve)
[brigade_assignment] Rehomed rs_27th_derventa_motorized into truthful sector owner sector:vrs_1st_krajina:8 (reserve)
[brigade_assignment] FINAL_SEAL kind=turn turn=131 unresolved=0
[brigade_assignment] Rehomed rs_1st_prnjavor_light_infantry into truthful sector owner sector:vrs_1st_krajina:5 (reserve)
[brigade_assignment] Rehomed rs_1st_trebava_infantry into truthful sector owner sector:vrs_1st_krajina:5 (reserve)
[brigade_assignment] Rehomed rs_1st_vujak_light_infantry into truthful sector owner sector:vrs_1st_krajina:5 (reserve)
[brigade_assignment] Rehomed rs_27th_derventa_motorized into truthful sector owner sector:vrs_1st_krajina:5 (reserve)
[brigade_assignment] Rehomed arbih_109th_mountain into truthful sector owner sector:arbih_1st_corps:3 (reserve)
[brigade_assignment] Rehomed arbih_181st_mountain into truthful sector owner sector:arbih_1st_corps:3 (reserve)
[brigade_assignment] Rehomed arbih_185th_light into truthful sector owner sector:arbih_1st_corps:0 (reserve)
[brigade_assignment] Rehomed F_HRHB_0002 into truthful sector owner sector:hvo_tomislavgrad:0 (reserve)
[brigade_assignment] Rehomed hrhb_6th_brigade_ranko_boban into truthful sector owner sector:hvo_southeast_herzegovina:0 (front)
[brigade_assignment] Rehomed rs_11th_dubica_infantry into truthful sector owner sector:vrs_1st_krajina:1 (reserve)
[brigade_assignment] Rehomed rs_1st_prnjavor_light_infantry into truthful sector owner sector:vrs_1st_krajina:5 (reserve)
[brigade_assignment] Rehomed rs_1st_sipovo_light_infantry into truthful sector owner sector:vrs_1st_krajina:1 (reserve)
[brigade_assignment] Rehomed rs_1st_trebava_infantry into truthful sector owner sector:vrs_1st_krajina:5 (reserve)
[brigade_assignment] Rehomed rs_1st_vujak_light_infantry into truthful sector owner sector:vrs_1st_krajina:5 (reserve)
[brigade_assignment] Rehomed rs_27th_derventa_motorized into truthful sector owner sector:vrs_1st_krajina:5 (reserve)
[brigade_assignment] Rehomed arbih_109th_mountain into truthful sector owner sector:arbih_1st_corps:3 (reserve)
[brigade_assignment] Rehomed arbih_181st_mountain into truthful sector owner sector:arbih_1st_corps:3 (reserve)
[brigade_assignment] Rehomed arbih_185th_light into truthful sector owner sector:arbih_1st_corps:0 (reserve)
[brigade_assignment] Rehomed F_HRHB_0002 into truthful sector owner sector:hvo_tomislavgrad:0 (reserve)
[brigade_assignment] Rehomed rs_11th_dubica_infantry into truthful sector owner sector:vrs_1st_krajina:3 (reserve)
[brigade_assignment] Rehomed rs_1st_prnjavor_light_infantry into truthful sector owner sector:vrs_1st_krajina:7 (reserve)
[brigade_assignment] Rehomed rs_1st_sipovo_light_infantry into truthful sector owner sector:vrs_1st_krajina:3 (reserve)
[brigade_assignment] Rehomed rs_1st_trebava_infantry into truthful sector owner sector:vrs_1st_krajina:7 (reserve)
[brigade_assignment] Rehomed rs_1st_vujak_light_infantry into truthful sector owner sector:vrs_1st_krajina:7 (reserve)
[brigade_assignment] Rehomed rs_27th_derventa_motorized into truthful sector owner sector:vrs_1st_krajina:7 (reserve)
[brigade_assignment] Rehomed rs_1st_prnjavor_light_infantry into truthful sector owner sector:vrs_1st_krajina:5 (reserve)
[brigade_assignment] Rehomed rs_1st_trebava_infantry into truthful sector owner sector:vrs_1st_krajina:5 (reserve)
[brigade_assignment] Rehomed rs_1st_vujak_light_infantry into truthful sector owner sector:vrs_1st_krajina:5 (reserve)
[brigade_assignment] Rehomed rs_27th_derventa_motorized into truthful sector owner sector:vrs_1st_krajina:5 (reserve)
[brigade_assignment] Rehomed arbih_109th_mountain into truthful sector owner sector:arbih_1st_corps:3 (reserve)
[brigade_assignment] Rehomed arbih_181st_mountain into truthful sector owner sector:arbih_1st_corps:3 (reserve)
[brigade_assignment] Rehomed arbih_185th_light into truthful sector owner sector:arbih_1st_corps:0 (reserve)
[brigade_assignment] Rehomed F_HRHB_0002 into truthful sector owner sector:hvo_tomislavgrad:0 (reserve)
[brigade_assignment] Rehomed hrhb_6th_brigade_ranko_boban into truthful sector owner sector:hvo_southeast_herzegovina:0 (front)
[brigade_assignment] Rehomed rs_1st_prnjavor_light_infantry into truthful sector owner sector:vrs_1st_krajina:5 (reserve)
[brigade_assignment] Rehomed rs_1st_sipovo_light_infantry into truthful sector owner sector:vrs_1st_krajina:1 (reserve)
[brigade_assignment] Rehomed rs_1st_trebava_infantry into truthful sector owner sector:vrs_1st_krajina:5 (reserve)
[brigade_assignment] Rehomed rs_1st_vujak_light_infantry into truthful sector owner sector:vrs_1st_krajina:5 (reserve)
[brigade_assignment] Rehomed rs_27th_derventa_motorized into truthful sector owner sector:vrs_1st_krajina:5 (reserve)
[brigade_assignment] Rehomed arbih_109th_mountain into truthful sector owner sector:arbih_1st_corps:3 (reserve)
[brigade_assignment] Rehomed arbih_181st_mountain into truthful sector owner sector:arbih_1st_corps:3 (reserve)
[brigade_assignment] Rehomed arbih_185th_light into truthful sector owner sector:arbih_1st_corps:0 (reserve)
[brigade_assignment] Rehomed F_HRHB_0002 into truthful sector owner sector:hvo_tomislavgrad:0 (reserve)
[brigade_assignment] Rehomed rs_1st_prnjavor_light_infantry into truthful sector owner sector:vrs_1st_krajina:7 (reserve)
[brigade_assignment] Rehomed rs_1st_sipovo_light_infantry into truthful sector owner sector:vrs_1st_krajina:3 (reserve)
[brigade_assignment] Rehomed rs_1st_trebava_infantry into truthful sector owner sector:vrs_1st_krajina:7 (reserve)
[brigade_assignment] Rehomed rs_1st_vujak_light_infantry into truthful sector owner sector:vrs_1st_krajina:7 (reserve)
[brigade_assignment] Rehomed rs_27th_derventa_motorized into truthful sector owner sector:vrs_1st_krajina:7 (reserve)
[brigade_assignment] FINAL_SEAL kind=turn turn=132 unresolved=0
[brigade_assignment] Rehomed rs_1st_prnjavor_light_infantry into truthful sector owner sector:vrs_1st_krajina:6 (reserve)
[brigade_assignment] Rehomed rs_1st_trebava_infantry into truthful sector owner sector:vrs_1st_krajina:6 (reserve)
[brigade_assignment] Rehomed rs_1st_vujak_light_infantry into truthful sector owner sector:vrs_1st_krajina:6 (reserve)
[brigade_assignment] Rehomed rs_27th_derventa_motorized into truthful sector owner sector:vrs_1st_krajina:6 (reserve)
[brigade_assignment] Rehomed arbih_109th_mountain into truthful sector owner sector:arbih_1st_corps:3 (reserve)
[brigade_assignment] Rehomed arbih_181st_mountain into truthful sector owner sector:arbih_1st_corps:3 (reserve)
[brigade_assignment] Rehomed arbih_185th_light into truthful sector owner sector:arbih_1st_corps:0 (reserve)
[brigade_assignment] Rehomed F_HRHB_0002 into truthful sector owner sector:hvo_tomislavgrad:0 (reserve)
[brigade_assignment] Rehomed hrhb_6th_brigade_ranko_boban into truthful sector owner sector:hvo_southeast_herzegovina:0 (front)
[brigade_assignment] Rehomed rs_19th_krajina_light_infantry into truthful sector owner sector:vrs_1st_krajina:2 (front)
[brigade_assignment] Rehomed rs_1st_prnjavor_light_infantry into truthful sector owner sector:vrs_1st_krajina:6 (reserve)
[brigade_assignment] Rehomed rs_1st_trebava_infantry into truthful sector owner sector:vrs_1st_krajina:6 (reserve)
[brigade_assignment] Rehomed rs_1st_vujak_light_infantry into truthful sector owner sector:vrs_1st_krajina:6 (reserve)
[brigade_assignment] Rehomed rs_22nd_krajina_infantry into truthful sector owner sector:vrs_1st_krajina:2 (front)
[brigade_assignment] Rehomed rs_27th_derventa_motorized into truthful sector owner sector:vrs_1st_krajina:6 (reserve)
[brigade_assignment] Rehomed arbih_109th_mountain into truthful sector owner sector:arbih_1st_corps:3 (reserve)
[brigade_assignment] Rehomed arbih_181st_mountain into truthful sector owner sector:arbih_1st_corps:3 (reserve)
[brigade_assignment] Rehomed arbih_185th_light into truthful sector owner sector:arbih_1st_corps:0 (reserve)
[brigade_assignment] Rehomed F_HRHB_0002 into truthful sector owner sector:hvo_tomislavgrad:0 (reserve)
[brigade_assignment] Rehomed rs_1st_prnjavor_light_infantry into truthful sector owner sector:vrs_1st_krajina:8 (reserve)
[brigade_assignment] Rehomed rs_1st_trebava_infantry into truthful sector owner sector:vrs_1st_krajina:8 (reserve)
[brigade_assignment] Rehomed rs_1st_vujak_light_infantry into truthful sector owner sector:vrs_1st_krajina:8 (reserve)
[brigade_assignment] Rehomed rs_27th_derventa_motorized into truthful sector owner sector:vrs_1st_krajina:8 (reserve)
[brigade_assignment] Rehomed rs_1st_prnjavor_light_infantry into truthful sector owner sector:vrs_1st_krajina:6 (reserve)
[brigade_assignment] Rehomed rs_1st_trebava_infantry into truthful sector owner sector:vrs_1st_krajina:6 (reserve)
[brigade_assignment] Rehomed rs_1st_vujak_light_infantry into truthful sector owner sector:vrs_1st_krajina:6 (reserve)
[brigade_assignment] Rehomed rs_27th_derventa_motorized into truthful sector owner sector:vrs_1st_krajina:6 (reserve)
[brigade_assignment] Rehomed arbih_109th_mountain into truthful sector owner sector:arbih_1st_corps:3 (reserve)
[brigade_assignment] Rehomed arbih_181st_mountain into truthful sector owner sector:arbih_1st_corps:3 (reserve)
[brigade_assignment] Rehomed arbih_185th_light into truthful sector owner sector:arbih_1st_corps:0 (reserve)
[brigade_assignment] Rehomed hrhb_6th_brigade_ranko_boban into truthful sector owner sector:hvo_southeast_herzegovina:0 (front)
[brigade_assignment] Rehomed rs_19th_krajina_light_infantry into truthful sector owner sector:vrs_1st_krajina:2 (front)
[brigade_assignment] Rehomed rs_1st_prnjavor_light_infantry into truthful sector owner sector:vrs_1st_krajina:6 (reserve)
[brigade_assignment] Rehomed rs_1st_trebava_infantry into truthful sector owner sector:vrs_1st_krajina:6 (reserve)
[brigade_assignment] Rehomed rs_1st_vujak_light_infantry into truthful sector owner sector:vrs_1st_krajina:6 (reserve)
[brigade_assignment] Rehomed rs_22nd_krajina_infantry into truthful sector owner sector:vrs_1st_krajina:2 (front)
[brigade_assignment] Rehomed rs_27th_derventa_motorized into truthful sector owner sector:vrs_1st_krajina:6 (reserve)
[brigade_assignment] Rehomed arbih_109th_mountain into truthful sector owner sector:arbih_1st_corps:3 (reserve)
[brigade_assignment] Rehomed arbih_181st_mountain into truthful sector owner sector:arbih_1st_corps:3 (reserve)
[brigade_assignment] Rehomed arbih_185th_light into truthful sector owner sector:arbih_1st_corps:0 (reserve)
[brigade_assignment] Rehomed rs_1st_prnjavor_light_infantry into truthful sector owner sector:vrs_1st_krajina:8 (reserve)
[brigade_assignment] Rehomed rs_1st_trebava_infantry into truthful sector owner sector:vrs_1st_krajina:8 (reserve)
[brigade_assignment] Rehomed rs_1st_vujak_light_infantry into truthful sector owner sector:vrs_1st_krajina:8 (reserve)
[brigade_assignment] Rehomed rs_27th_derventa_motorized into truthful sector owner sector:vrs_1st_krajina:8 (reserve)
[brigade_assignment] FINAL_SEAL kind=turn turn=133 unresolved=0
[brigade_assignment] Rehomed rs_1st_prnjavor_light_infantry into truthful sector owner sector:vrs_1st_krajina:6 (reserve)
[brigade_assignment] Rehomed rs_1st_trebava_infantry into truthful sector owner sector:vrs_1st_krajina:6 (reserve)
[brigade_assignment] Rehomed rs_1st_vujak_light_infantry into truthful sector owner sector:vrs_1st_krajina:6 (reserve)
[brigade_assignment] Rehomed rs_27th_derventa_motorized into truthful sector owner sector:vrs_1st_krajina:6 (reserve)
[brigade_assignment] Rehomed arbih_109th_mountain into truthful sector owner sector:arbih_1st_corps:3 (reserve)
[brigade_assignment] Rehomed arbih_181st_mountain into truthful sector owner sector:arbih_1st_corps:3 (reserve)
[brigade_assignment] Rehomed arbih_185th_light into truthful sector owner sector:arbih_1st_corps:0 (reserve)
[brigade_assignment] Rehomed hrhb_1st_brigade_mostar into truthful sector owner sector:hvo_southeast_herzegovina:0 (front)
[brigade_assignment] Rehomed hrhb_6th_brigade_ranko_boban into truthful sector owner sector:hvo_southeast_herzegovina:0 (front)
[brigade_assignment] Rehomed rs_19th_krajina_light_infantry into truthful sector owner sector:vrs_1st_krajina:2 (front)
[brigade_assignment] Rehomed rs_1st_prnjavor_light_infantry into truthful sector owner sector:vrs_1st_krajina:6 (reserve)
[brigade_assignment] Rehomed rs_1st_trebava_infantry into truthful sector owner sector:vrs_1st_krajina:6 (reserve)
[brigade_assignment] Rehomed rs_1st_vujak_light_infantry into truthful sector owner sector:vrs_1st_krajina:6 (reserve)
[brigade_assignment] Rehomed rs_22nd_krajina_infantry into truthful sector owner sector:vrs_1st_krajina:2 (front)
[brigade_assignment] Rehomed rs_27th_derventa_motorized into truthful sector owner sector:vrs_1st_krajina:6 (reserve)
[brigade_assignment] Rehomed arbih_109th_mountain into truthful sector owner sector:arbih_1st_corps:3 (reserve)
[brigade_assignment] Rehomed arbih_181st_mountain into truthful sector owner sector:arbih_1st_corps:3 (reserve)
[brigade_assignment] Rehomed arbih_185th_light into truthful sector owner sector:arbih_1st_corps:0 (reserve)
[brigade_assignment] Rehomed rs_1st_prnjavor_light_infantry into truthful sector owner sector:vrs_1st_krajina:8 (reserve)
[brigade_assignment] Rehomed rs_1st_trebava_infantry into truthful sector owner sector:vrs_1st_krajina:8 (reserve)
[brigade_assignment] Rehomed rs_1st_vujak_light_infantry into truthful sector owner sector:vrs_1st_krajina:8 (reserve)
[brigade_assignment] Rehomed rs_27th_derventa_motorized into truthful sector owner sector:vrs_1st_krajina:8 (reserve)
[brigade_assignment] Rehomed rs_1st_prnjavor_light_infantry into truthful sector owner sector:vrs_1st_krajina:6 (reserve)
[brigade_assignment] Rehomed rs_1st_trebava_infantry into truthful sector owner sector:vrs_1st_krajina:6 (reserve)
[brigade_assignment] Rehomed rs_1st_vujak_light_infantry into truthful sector owner sector:vrs_1st_krajina:6 (reserve)
[brigade_assignment] Rehomed rs_27th_derventa_motorized into truthful sector owner sector:vrs_1st_krajina:6 (reserve)
[brigade_assignment] Rehomed arbih_109th_mountain into truthful sector owner sector:arbih_1st_corps:3 (reserve)
[brigade_assignment] Rehomed arbih_181st_mountain into truthful sector owner sector:arbih_1st_corps:3 (reserve)
[brigade_assignment] Rehomed arbih_185th_light into truthful sector owner sector:arbih_1st_corps:0 (reserve)
[brigade_assignment] Rehomed hrhb_1st_brigade_mostar into truthful sector owner sector:hvo_southeast_herzegovina:0 (front)
[brigade_assignment] Rehomed hrhb_6th_brigade_ranko_boban into truthful sector owner sector:hvo_southeast_herzegovina:0 (front)
[brigade_assignment] Rehomed rs_19th_krajina_light_infantry into truthful sector owner sector:vrs_1st_krajina:2 (front)
[brigade_assignment] Rehomed rs_1st_prnjavor_light_infantry into truthful sector owner sector:vrs_1st_krajina:6 (reserve)
[brigade_assignment] Rehomed rs_1st_trebava_infantry into truthful sector owner sector:vrs_1st_krajina:6 (reserve)
[brigade_assignment] Rehomed rs_1st_vujak_light_infantry into truthful sector owner sector:vrs_1st_krajina:6 (reserve)
[brigade_assignment] Rehomed rs_22nd_krajina_infantry into truthful sector owner sector:vrs_1st_krajina:2 (front)
[brigade_assignment] Rehomed rs_27th_derventa_motorized into truthful sector owner sector:vrs_1st_krajina:6 (reserve)
[brigade_assignment] Rehomed arbih_109th_mountain into truthful sector owner sector:arbih_1st_corps:3 (reserve)
[brigade_assignment] Rehomed arbih_181st_mountain into truthful sector owner sector:arbih_1st_corps:3 (reserve)
[brigade_assignment] Rehomed arbih_185th_light into truthful sector owner sector:arbih_1st_corps:0 (reserve)
[brigade_assignment] Rehomed rs_1st_prnjavor_light_infantry into truthful sector owner sector:vrs_1st_krajina:8 (reserve)
[brigade_assignment] Rehomed rs_1st_trebava_infantry into truthful sector owner sector:vrs_1st_krajina:8 (reserve)
[brigade_assignment] Rehomed rs_1st_vujak_light_infantry into truthful sector owner sector:vrs_1st_krajina:8 (reserve)
[brigade_assignment] Rehomed rs_27th_derventa_motorized into truthful sector owner sector:vrs_1st_krajina:8 (reserve)
[brigade_assignment] FINAL_SEAL kind=turn turn=134 unresolved=0
[brigade_assignment] Rehomed rs_1st_prnjavor_light_infantry into truthful sector owner sector:vrs_1st_krajina:6 (reserve)
[brigade_assignment] Rehomed rs_1st_trebava_infantry into truthful sector owner sector:vrs_1st_krajina:6 (reserve)
[brigade_assignment] Rehomed rs_1st_vujak_light_infantry into truthful sector owner sector:vrs_1st_krajina:6 (reserve)
[brigade_assignment] Rehomed rs_27th_derventa_motorized into truthful sector owner sector:vrs_1st_krajina:6 (reserve)
[brigade_assignment] Rehomed arbih_109th_mountain into truthful sector owner sector:arbih_1st_corps:3 (reserve)
[brigade_assignment] Rehomed arbih_181st_mountain into truthful sector owner sector:arbih_1st_corps:3 (reserve)
[brigade_assignment] Rehomed arbih_185th_light into truthful sector owner sector:arbih_1st_corps:0 (reserve)
[brigade_assignment] Rehomed hrhb_1st_brigade_mostar into truthful sector owner sector:hvo_southeast_herzegovina:0 (front)
[brigade_assignment] Rehomed hrhb_6th_brigade_ranko_boban into truthful sector owner sector:hvo_southeast_herzegovina:0 (front)
[brigade_assignment] Rehomed rs_19th_krajina_light_infantry into truthful sector owner sector:vrs_1st_krajina:3 (front)
[brigade_assignment] Rehomed rs_1st_prnjavor_light_infantry into truthful sector owner sector:vrs_1st_krajina:6 (reserve)
[brigade_assignment] Rehomed rs_1st_trebava_infantry into truthful sector owner sector:vrs_1st_krajina:6 (reserve)
[brigade_assignment] Rehomed rs_1st_vujak_light_infantry into truthful sector owner sector:vrs_1st_krajina:6 (reserve)
[brigade_assignment] Rehomed rs_22nd_krajina_infantry into truthful sector owner sector:vrs_1st_krajina:3 (front)
[brigade_assignment] Rehomed rs_27th_derventa_motorized into truthful sector owner sector:vrs_1st_krajina:6 (reserve)
[brigade_assignment] Rehomed arbih_109th_mountain into truthful sector owner sector:arbih_1st_corps:3 (reserve)
[brigade_assignment] Rehomed arbih_181st_mountain into truthful sector owner sector:arbih_1st_corps:3 (reserve)
[brigade_assignment] Rehomed arbih_185th_light into truthful sector owner sector:arbih_1st_corps:0 (reserve)
[brigade_assignment] Rehomed rs_1st_prnjavor_light_infantry into truthful sector owner sector:vrs_1st_krajina:8 (reserve)
[brigade_assignment] Rehomed rs_1st_trebava_infantry into truthful sector owner sector:vrs_1st_krajina:8 (reserve)
[brigade_assignment] Rehomed rs_1st_vujak_light_infantry into truthful sector owner sector:vrs_1st_krajina:8 (reserve)
[brigade_assignment] Rehomed rs_27th_derventa_motorized into truthful sector owner sector:vrs_1st_krajina:8 (reserve)
[brigade_assignment] Rehomed rs_1st_prnjavor_light_infantry into truthful sector owner sector:vrs_1st_krajina:6 (reserve)
[brigade_assignment] Rehomed rs_1st_trebava_infantry into truthful sector owner sector:vrs_1st_krajina:6 (reserve)
[brigade_assignment] Rehomed rs_1st_vujak_light_infantry into truthful sector owner sector:vrs_1st_krajina:6 (reserve)
[brigade_assignment] Rehomed rs_27th_derventa_motorized into truthful sector owner sector:vrs_1st_krajina:6 (reserve)
[brigade_assignment] Rehomed arbih_109th_mountain into truthful sector owner sector:arbih_1st_corps:3 (reserve)
[brigade_assignment] Rehomed arbih_181st_mountain into truthful sector owner sector:arbih_1st_corps:3 (reserve)
[brigade_assignment] Rehomed arbih_185th_light into truthful sector owner sector:arbih_1st_corps:0 (reserve)
[brigade_assignment] Rehomed hrhb_1st_brigade_mostar into truthful sector owner sector:hvo_southeast_herzegovina:0 (front)
[brigade_assignment] Rehomed hrhb_6th_brigade_ranko_boban into truthful sector owner sector:hvo_southeast_herzegovina:0 (front)
[brigade_assignment] Rehomed rs_19th_krajina_light_infantry into truthful sector owner sector:vrs_1st_krajina:3 (front)
[brigade_assignment] Rehomed rs_1st_prnjavor_light_infantry into truthful sector owner sector:vrs_1st_krajina:6 (reserve)
[brigade_assignment] Rehomed rs_1st_trebava_infantry into truthful sector owner sector:vrs_1st_krajina:6 (reserve)
[brigade_assignment] Rehomed rs_1st_vujak_light_infantry into truthful sector owner sector:vrs_1st_krajina:6 (reserve)
[brigade_assignment] Rehomed rs_22nd_krajina_infantry into truthful sector owner sector:vrs_1st_krajina:3 (front)
[brigade_assignment] Rehomed rs_27th_derventa_motorized into truthful sector owner sector:vrs_1st_krajina:6 (reserve)
[brigade_assignment] Rehomed arbih_109th_mountain into truthful sector owner sector:arbih_1st_corps:3 (reserve)
[brigade_assignment] Rehomed arbih_181st_mountain into truthful sector owner sector:arbih_1st_corps:3 (reserve)
[brigade_assignment] Rehomed arbih_185th_light into truthful sector owner sector:arbih_1st_corps:0 (reserve)
[brigade_assignment] Rehomed rs_1st_prnjavor_light_infantry into truthful sector owner sector:vrs_1st_krajina:8 (reserve)
[brigade_assignment] Rehomed rs_1st_trebava_infantry into truthful sector owner sector:vrs_1st_krajina:8 (reserve)
[brigade_assignment] Rehomed rs_1st_vujak_light_infantry into truthful sector owner sector:vrs_1st_krajina:8 (reserve)
[brigade_assignment] Rehomed rs_27th_derventa_motorized into truthful sector owner sector:vrs_1st_krajina:8 (reserve)
[brigade_assignment] FINAL_SEAL kind=turn turn=135 unresolved=0
[brigade_assignment] Rehomed rs_1st_prnjavor_light_infantry into truthful sector owner sector:vrs_1st_krajina:6 (reserve)
[brigade_assignment] Rehomed rs_1st_trebava_infantry into truthful sector owner sector:vrs_1st_krajina:6 (reserve)
[brigade_assignment] Rehomed rs_1st_vujak_light_infantry into truthful sector owner sector:vrs_1st_krajina:6 (reserve)
[brigade_assignment] Rehomed rs_27th_derventa_motorized into truthful sector owner sector:vrs_1st_krajina:6 (reserve)
[brigade_assignment] Rehomed arbih_109th_mountain into truthful sector owner sector:arbih_1st_corps:3 (reserve)
[brigade_assignment] Rehomed arbih_181st_mountain into truthful sector owner sector:arbih_1st_corps:3 (reserve)
[brigade_assignment] Rehomed arbih_185th_light into truthful sector owner sector:arbih_1st_corps:0 (reserve)
[brigade_assignment] Rehomed hrhb_1st_brigade_mostar into truthful sector owner sector:hvo_southeast_herzegovina:0 (front)
[brigade_assignment] Rehomed hrhb_6th_brigade_ranko_boban into truthful sector owner sector:hvo_southeast_herzegovina:0 (front)
[brigade_assignment] Rehomed rs_19th_krajina_light_infantry into truthful sector owner sector:vrs_1st_krajina:3 (front)
[brigade_assignment] Rehomed rs_1st_prnjavor_light_infantry into truthful sector owner sector:vrs_1st_krajina:6 (reserve)
[brigade_assignment] Rehomed rs_1st_trebava_infantry into truthful sector owner sector:vrs_1st_krajina:6 (reserve)
[brigade_assignment] Rehomed rs_1st_vujak_light_infantry into truthful sector owner sector:vrs_1st_krajina:6 (reserve)
[brigade_assignment] Rehomed rs_22nd_krajina_infantry into truthful sector owner sector:vrs_1st_krajina:3 (front)
[brigade_assignment] Rehomed rs_27th_derventa_motorized into truthful sector owner sector:vrs_1st_krajina:6 (reserve)
[brigade_assignment] Rehomed arbih_109th_mountain into truthful sector owner sector:arbih_1st_corps:3 (reserve)
[brigade_assignment] Rehomed arbih_181st_mountain into truthful sector owner sector:arbih_1st_corps:3 (reserve)
[brigade_assignment] Rehomed arbih_185th_light into truthful sector owner sector:arbih_1st_corps:0 (reserve)
[brigade_assignment] Rehomed rs_1st_prnjavor_light_infantry into truthful sector owner sector:vrs_1st_krajina:8 (reserve)
[brigade_assignment] Rehomed rs_1st_trebava_infantry into truthful sector owner sector:vrs_1st_krajina:8 (reserve)
[brigade_assignment] Rehomed rs_1st_vujak_light_infantry into truthful sector owner sector:vrs_1st_krajina:8 (reserve)
[brigade_assignment] Rehomed rs_27th_derventa_motorized into truthful sector owner sector:vrs_1st_krajina:8 (reserve)
[brigade_assignment] Rehomed rs_1st_prnjavor_light_infantry into truthful sector owner sector:vrs_1st_krajina:6 (reserve)
[brigade_assignment] Rehomed rs_1st_trebava_infantry into truthful sector owner sector:vrs_1st_krajina:6 (reserve)
[brigade_assignment] Rehomed rs_1st_vujak_light_infantry into truthful sector owner sector:vrs_1st_krajina:6 (reserve)
[brigade_assignment] Rehomed rs_27th_derventa_motorized into truthful sector owner sector:vrs_1st_krajina:6 (reserve)
[brigade_assignment] Rehomed arbih_109th_mountain into truthful sector owner sector:arbih_1st_corps:3 (reserve)
[brigade_assignment] Rehomed arbih_181st_mountain into truthful sector owner sector:arbih_1st_corps:3 (reserve)
[brigade_assignment] Rehomed arbih_185th_light into truthful sector owner sector:arbih_1st_corps:0 (reserve)
[brigade_assignment] Rehomed hrhb_1st_brigade_mostar into truthful sector owner sector:hvo_southeast_herzegovina:0 (front)
[brigade_assignment] Rehomed hrhb_6th_brigade_ranko_boban into truthful sector owner sector:hvo_southeast_herzegovina:0 (front)
[brigade_assignment] Rehomed rs_19th_krajina_light_infantry into truthful sector owner sector:vrs_1st_krajina:3 (front)
[brigade_assignment] Rehomed rs_1st_prnjavor_light_infantry into truthful sector owner sector:vrs_1st_krajina:6 (reserve)
[brigade_assignment] Rehomed rs_1st_trebava_infantry into truthful sector owner sector:vrs_1st_krajina:6 (reserve)
[brigade_assignment] Rehomed rs_1st_vujak_light_infantry into truthful sector owner sector:vrs_1st_krajina:6 (reserve)
[brigade_assignment] Rehomed rs_22nd_krajina_infantry into truthful sector owner sector:vrs_1st_krajina:3 (front)
[brigade_assignment] Rehomed rs_27th_derventa_motorized into truthful sector owner sector:vrs_1st_krajina:6 (reserve)
[brigade_assignment] Rehomed arbih_109th_mountain into truthful sector owner sector:arbih_1st_corps:3 (reserve)
[brigade_assignment] Rehomed arbih_181st_mountain into truthful sector owner sector:arbih_1st_corps:3 (reserve)
[brigade_assignment] Rehomed arbih_185th_light into truthful sector owner sector:arbih_1st_corps:0 (reserve)
[brigade_assignment] Rehomed rs_1st_prnjavor_light_infantry into truthful sector owner sector:vrs_1st_krajina:8 (reserve)
[brigade_assignment] Rehomed rs_1st_trebava_infantry into truthful sector owner sector:vrs_1st_krajina:8 (reserve)
[brigade_assignment] Rehomed rs_1st_vujak_light_infantry into truthful sector owner sector:vrs_1st_krajina:8 (reserve)
[brigade_assignment] Rehomed rs_27th_derventa_motorized into truthful sector owner sector:vrs_1st_krajina:8 (reserve)
[brigade_assignment] FINAL_SEAL kind=turn turn=136 unresolved=0
[brigade_assignment] Rehomed rs_1st_prnjavor_light_infantry into truthful sector owner sector:vrs_1st_krajina:6 (reserve)
[brigade_assignment] Rehomed rs_1st_trebava_infantry into truthful sector owner sector:vrs_1st_krajina:6 (reserve)
[brigade_assignment] Rehomed rs_1st_vujak_light_infantry into truthful sector owner sector:vrs_1st_krajina:6 (reserve)
[brigade_assignment] Rehomed rs_27th_derventa_motorized into truthful sector owner sector:vrs_1st_krajina:6 (reserve)
[brigade_assignment] Rehomed arbih_109th_mountain into truthful sector owner sector:arbih_1st_corps:3 (reserve)
[brigade_assignment] Rehomed arbih_181st_mountain into truthful sector owner sector:arbih_1st_corps:3 (reserve)
[brigade_assignment] Rehomed arbih_185th_light into truthful sector owner sector:arbih_1st_corps:0 (reserve)
[brigade_assignment] Rehomed hrhb_1st_herzegovina_brigade_knez_domagoj into truthful sector owner sector:hvo_southeast_herzegovina:0 (front)
[brigade_assignment] Rehomed hrhb_6th_brigade_ranko_boban into truthful sector owner sector:hvo_southeast_herzegovina:0 (front)
[brigade_assignment] Rehomed rs_1st_prnjavor_light_infantry into truthful sector owner sector:vrs_1st_krajina:6 (reserve)
[brigade_assignment] Rehomed rs_1st_trebava_infantry into truthful sector owner sector:vrs_1st_krajina:6 (reserve)
[brigade_assignment] Rehomed rs_1st_vujak_light_infantry into truthful sector owner sector:vrs_1st_krajina:6 (reserve)
[brigade_assignment] Rehomed rs_22nd_krajina_infantry into truthful sector owner sector:vrs_1st_krajina:3 (front)
[brigade_assignment] Rehomed rs_27th_derventa_motorized into truthful sector owner sector:vrs_1st_krajina:6 (reserve)
[brigade_assignment] Rehomed rs_2nd_banja_luka_light_infantry into truthful sector owner sector:vrs_1st_krajina:3 (front)
[brigade_assignment] Rehomed arbih_109th_mountain into truthful sector owner sector:arbih_1st_corps:3 (reserve)
[brigade_assignment] Rehomed arbih_181st_mountain into truthful sector owner sector:arbih_1st_corps:3 (reserve)
[brigade_assignment] Rehomed arbih_185th_light into truthful sector owner sector:arbih_1st_corps:0 (reserve)
[brigade_assignment] Rehomed rs_1st_prnjavor_light_infantry into truthful sector owner sector:vrs_1st_krajina:8 (reserve)
[brigade_assignment] Rehomed rs_1st_trebava_infantry into truthful sector owner sector:vrs_1st_krajina:8 (reserve)
[brigade_assignment] Rehomed rs_1st_vujak_light_infantry into truthful sector owner sector:vrs_1st_krajina:8 (reserve)
[brigade_assignment] Rehomed rs_27th_derventa_motorized into truthful sector owner sector:vrs_1st_krajina:8 (reserve)
[brigade_assignment] Rehomed rs_1st_prnjavor_light_infantry into truthful sector owner sector:vrs_1st_krajina:6 (reserve)
[brigade_assignment] Rehomed rs_1st_trebava_infantry into truthful sector owner sector:vrs_1st_krajina:6 (reserve)
[brigade_assignment] Rehomed rs_1st_vujak_light_infantry into truthful sector owner sector:vrs_1st_krajina:6 (reserve)
[brigade_assignment] Rehomed rs_27th_derventa_motorized into truthful sector owner sector:vrs_1st_krajina:6 (reserve)
[brigade_assignment] Rehomed arbih_109th_mountain into truthful sector owner sector:arbih_1st_corps:3 (reserve)
[brigade_assignment] Rehomed arbih_181st_mountain into truthful sector owner sector:arbih_1st_corps:3 (reserve)
[brigade_assignment] Rehomed arbih_185th_light into truthful sector owner sector:arbih_1st_corps:0 (reserve)
[brigade_assignment] Rehomed hrhb_1st_herzegovina_brigade_knez_domagoj into truthful sector owner sector:hvo_southeast_herzegovina:0 (front)
[brigade_assignment] Rehomed hrhb_6th_brigade_ranko_boban into truthful sector owner sector:hvo_southeast_herzegovina:0 (front)
[brigade_assignment] Rehomed rs_19th_krajina_light_infantry into truthful sector owner sector:vrs_1st_krajina:1 (front)
[brigade_assignment] Rehomed rs_1st_prnjavor_light_infantry into truthful sector owner sector:vrs_1st_krajina:6 (reserve)
[brigade_assignment] Rehomed rs_1st_trebava_infantry into truthful sector owner sector:vrs_1st_krajina:6 (reserve)
[brigade_assignment] Rehomed rs_1st_vujak_light_infantry into truthful sector owner sector:vrs_1st_krajina:6 (reserve)
[brigade_assignment] Rehomed rs_27th_derventa_motorized into truthful sector owner sector:vrs_1st_krajina:6 (reserve)
[brigade_assignment] Rehomed rs_2nd_banja_luka_light_infantry into truthful sector owner sector:vrs_1st_krajina:1 (front)
[brigade_assignment] Rehomed arbih_109th_mountain into truthful sector owner sector:arbih_1st_corps:3 (reserve)
[brigade_assignment] Rehomed arbih_181st_mountain into truthful sector owner sector:arbih_1st_corps:3 (reserve)
[brigade_assignment] Rehomed arbih_185th_light into truthful sector owner sector:arbih_1st_corps:0 (reserve)
[brigade_assignment] Rehomed rs_1st_prnjavor_light_infantry into truthful sector owner sector:vrs_1st_krajina:8 (reserve)
[brigade_assignment] Rehomed rs_1st_trebava_infantry into truthful sector owner sector:vrs_1st_krajina:8 (reserve)
[brigade_assignment] Rehomed rs_1st_vujak_light_infantry into truthful sector owner sector:vrs_1st_krajina:8 (reserve)
[brigade_assignment] Rehomed rs_27th_derventa_motorized into truthful sector owner sector:vrs_1st_krajina:8 (reserve)
[brigade_assignment] FINAL_SEAL kind=turn turn=137 unresolved=0
[brigade_assignment] Rehomed rs_1st_prnjavor_light_infantry into truthful sector owner sector:vrs_1st_krajina:6 (reserve)
[brigade_assignment] Rehomed rs_1st_trebava_infantry into truthful sector owner sector:vrs_1st_krajina:6 (reserve)
[brigade_assignment] Rehomed rs_1st_vujak_light_infantry into truthful sector owner sector:vrs_1st_krajina:6 (reserve)
[brigade_assignment] Rehomed rs_27th_derventa_motorized into truthful sector owner sector:vrs_1st_krajina:6 (reserve)
[brigade_assignment] Rehomed arbih_109th_mountain into truthful sector owner sector:arbih_1st_corps:3 (reserve)
[brigade_assignment] Rehomed arbih_181st_mountain into truthful sector owner sector:arbih_1st_corps:3 (reserve)
[brigade_assignment] Rehomed arbih_185th_light into truthful sector owner sector:arbih_1st_corps:0 (reserve)
[brigade_assignment] Rehomed hrhb_6th_brigade_ranko_boban into truthful sector owner sector:hvo_southeast_herzegovina:0 (front)
[brigade_assignment] Rehomed rs_19th_krajina_light_infantry into truthful sector owner sector:vrs_1st_krajina:1 (front)
[brigade_assignment] Rehomed rs_1st_prnjavor_light_infantry into truthful sector owner sector:vrs_1st_krajina:6 (reserve)
[brigade_assignment] Rehomed rs_1st_trebava_infantry into truthful sector owner sector:vrs_1st_krajina:6 (reserve)
[brigade_assignment] Rehomed rs_1st_vujak_light_infantry into truthful sector owner sector:vrs_1st_krajina:6 (reserve)
[brigade_assignment] Rehomed rs_27th_derventa_motorized into truthful sector owner sector:vrs_1st_krajina:6 (reserve)
[brigade_assignment] Rehomed rs_2nd_banja_luka_light_infantry into truthful sector owner sector:vrs_1st_krajina:1 (front)
[brigade_assignment] Rehomed arbih_109th_mountain into truthful sector owner sector:arbih_1st_corps:3 (reserve)
[brigade_assignment] Rehomed arbih_181st_mountain into truthful sector owner sector:arbih_1st_corps:3 (reserve)
[brigade_assignment] Rehomed arbih_185th_light into truthful sector owner sector:arbih_1st_corps:0 (reserve)
[brigade_assignment] Rehomed rs_1st_prnjavor_light_infantry into truthful sector owner sector:vrs_1st_krajina:8 (reserve)
[brigade_assignment] Rehomed rs_1st_trebava_infantry into truthful sector owner sector:vrs_1st_krajina:8 (reserve)
[brigade_assignment] Rehomed rs_1st_vujak_light_infantry into truthful sector owner sector:vrs_1st_krajina:8 (reserve)
[brigade_assignment] Rehomed rs_27th_derventa_motorized into truthful sector owner sector:vrs_1st_krajina:8 (reserve)
[brigade_assignment] Rehomed rs_1st_prnjavor_light_infantry into truthful sector owner sector:vrs_1st_krajina:6 (reserve)
[brigade_assignment] Rehomed rs_1st_trebava_infantry into truthful sector owner sector:vrs_1st_krajina:6 (reserve)
[brigade_assignment] Rehomed rs_1st_vujak_light_infantry into truthful sector owner sector:vrs_1st_krajina:6 (reserve)
[brigade_assignment] Rehomed rs_27th_derventa_motorized into truthful sector owner sector:vrs_1st_krajina:6 (reserve)
[brigade_assignment] Rehomed arbih_109th_mountain into truthful sector owner sector:arbih_1st_corps:3 (reserve)
[brigade_assignment] Rehomed arbih_181st_mountain into truthful sector owner sector:arbih_1st_corps:3 (reserve)
[brigade_assignment] Rehomed arbih_185th_light into truthful sector owner sector:arbih_1st_corps:0 (reserve)
[brigade_assignment] Rehomed hrhb_6th_brigade_ranko_boban into truthful sector owner sector:hvo_southeast_herzegovina:0 (front)
[brigade_assignment] Rehomed rs_1st_prnjavor_light_infantry into truthful sector owner sector:vrs_1st_krajina:6 (reserve)
[brigade_assignment] Rehomed rs_1st_trebava_infantry into truthful sector owner sector:vrs_1st_krajina:6 (reserve)
[brigade_assignment] Rehomed rs_1st_vujak_light_infantry into truthful sector owner sector:vrs_1st_krajina:6 (reserve)
[brigade_assignment] Rehomed rs_27th_derventa_motorized into truthful sector owner sector:vrs_1st_krajina:6 (reserve)
[brigade_assignment] Rehomed arbih_109th_mountain into truthful sector owner sector:arbih_1st_corps:3 (reserve)
[brigade_assignment] Rehomed arbih_181st_mountain into truthful sector owner sector:arbih_1st_corps:3 (reserve)
[brigade_assignment] Rehomed arbih_185th_light into truthful sector owner sector:arbih_1st_corps:0 (reserve)
[brigade_assignment] Rehomed rs_1st_prnjavor_light_infantry into truthful sector owner sector:vrs_1st_krajina:8 (reserve)
[brigade_assignment] Rehomed rs_1st_trebava_infantry into truthful sector owner sector:vrs_1st_krajina:8 (reserve)
[brigade_assignment] Rehomed rs_1st_vujak_light_infantry into truthful sector owner sector:vrs_1st_krajina:8 (reserve)
[brigade_assignment] Rehomed rs_27th_derventa_motorized into truthful sector owner sector:vrs_1st_krajina:8 (reserve)
[brigade_assignment] FINAL_SEAL kind=turn turn=138 unresolved=0
[brigade_assignment] Rehomed rs_1st_prnjavor_light_infantry into truthful sector owner sector:vrs_1st_krajina:6 (reserve)
[brigade_assignment] Rehomed rs_1st_trebava_infantry into truthful sector owner sector:vrs_1st_krajina:6 (reserve)
[brigade_assignment] Rehomed rs_1st_vujak_light_infantry into truthful sector owner sector:vrs_1st_krajina:6 (reserve)
[brigade_assignment] Rehomed rs_27th_derventa_motorized into truthful sector owner sector:vrs_1st_krajina:6 (reserve)
[brigade_assignment] Rehomed arbih_109th_mountain into truthful sector owner sector:arbih_1st_corps:3 (reserve)
[brigade_assignment] Rehomed arbih_181st_mountain into truthful sector owner sector:arbih_1st_corps:3 (reserve)
[brigade_assignment] Rehomed arbih_185th_light into truthful sector owner sector:arbih_1st_corps:0 (reserve)
[brigade_assignment] Rehomed hrhb_6th_brigade_ranko_boban into truthful sector owner sector:hvo_southeast_herzegovina:0 (front)
[brigade_assignment] Rehomed rs_1st_prnjavor_light_infantry into truthful sector owner sector:vrs_1st_krajina:6 (reserve)
[brigade_assignment] Rehomed rs_1st_trebava_infantry into truthful sector owner sector:vrs_1st_krajina:6 (reserve)
[brigade_assignment] Rehomed rs_1st_vujak_light_infantry into truthful sector owner sector:vrs_1st_krajina:6 (reserve)
[brigade_assignment] Rehomed rs_27th_derventa_motorized into truthful sector owner sector:vrs_1st_krajina:6 (reserve)
[brigade_assignment] Rehomed arbih_109th_mountain into truthful sector owner sector:arbih_1st_corps:3 (reserve)
[brigade_assignment] Rehomed arbih_181st_mountain into truthful sector owner sector:arbih_1st_corps:3 (reserve)
[brigade_assignment] Rehomed arbih_185th_light into truthful sector owner sector:arbih_1st_corps:0 (reserve)
[brigade_assignment] Rehomed rs_1st_prnjavor_light_infantry into truthful sector owner sector:vrs_1st_krajina:8 (reserve)
[brigade_assignment] Rehomed rs_1st_trebava_infantry into truthful sector owner sector:vrs_1st_krajina:8 (reserve)
[brigade_assignment] Rehomed rs_1st_vujak_light_infantry into truthful sector owner sector:vrs_1st_krajina:8 (reserve)
[brigade_assignment] Rehomed rs_27th_derventa_motorized into truthful sector owner sector:vrs_1st_krajina:8 (reserve)
[brigade_assignment] Rehomed rs_1st_prnjavor_light_infantry into truthful sector owner sector:vrs_1st_krajina:6 (reserve)
[brigade_assignment] Rehomed rs_1st_trebava_infantry into truthful sector owner sector:vrs_1st_krajina:6 (reserve)
[brigade_assignment] Rehomed rs_1st_vujak_light_infantry into truthful sector owner sector:vrs_1st_krajina:6 (reserve)
[brigade_assignment] Rehomed rs_27th_derventa_motorized into truthful sector owner sector:vrs_1st_krajina:6 (reserve)
[brigade_assignment] Rehomed arbih_109th_mountain into truthful sector owner sector:arbih_1st_corps:3 (reserve)
[brigade_assignment] Rehomed arbih_181st_mountain into truthful sector owner sector:arbih_1st_corps:3 (reserve)
[brigade_assignment] Rehomed arbih_185th_light into truthful sector owner sector:arbih_1st_corps:0 (reserve)
[brigade_assignment] Rehomed hrhb_6th_brigade_ranko_boban into truthful sector owner sector:hvo_southeast_herzegovina:0 (front)
[brigade_assignment] Rehomed rs_1st_prnjavor_light_infantry into truthful sector owner sector:vrs_1st_krajina:6 (reserve)
[brigade_assignment] Rehomed rs_1st_trebava_infantry into truthful sector owner sector:vrs_1st_krajina:6 (reserve)
[brigade_assignment] Rehomed rs_1st_vujak_light_infantry into truthful sector owner sector:vrs_1st_krajina:6 (reserve)
[brigade_assignment] Rehomed rs_27th_derventa_motorized into truthful sector owner sector:vrs_1st_krajina:6 (reserve)
[brigade_assignment] Rehomed arbih_109th_mountain into truthful sector owner sector:arbih_1st_corps:3 (reserve)
[brigade_assignment] Rehomed arbih_181st_mountain into truthful sector owner sector:arbih_1st_corps:3 (reserve)
[brigade_assignment] Rehomed arbih_185th_light into truthful sector owner sector:arbih_1st_corps:0 (reserve)
[brigade_assignment] Rehomed rs_1st_prnjavor_light_infantry into truthful sector owner sector:vrs_1st_krajina:8 (reserve)
[brigade_assignment] Rehomed rs_1st_trebava_infantry into truthful sector owner sector:vrs_1st_krajina:8 (reserve)
[brigade_assignment] Rehomed rs_1st_vujak_light_infantry into truthful sector owner sector:vrs_1st_krajina:8 (reserve)
[brigade_assignment] Rehomed rs_27th_derventa_motorized into truthful sector owner sector:vrs_1st_krajina:8 (reserve)
[brigade_assignment] FINAL_SEAL kind=turn turn=139 unresolved=0
[brigade_assignment] Rehomed rs_1st_prnjavor_light_infantry into truthful sector owner sector:vrs_1st_krajina:6 (reserve)
[brigade_assignment] Rehomed rs_1st_trebava_infantry into truthful sector owner sector:vrs_1st_krajina:6 (reserve)
[brigade_assignment] Rehomed rs_1st_vujak_light_infantry into truthful sector owner sector:vrs_1st_krajina:6 (reserve)
[brigade_assignment] Rehomed rs_27th_derventa_motorized into truthful sector owner sector:vrs_1st_krajina:6 (reserve)
[brigade_assignment] Rehomed arbih_109th_mountain into truthful sector owner sector:arbih_1st_corps:3 (reserve)
[brigade_assignment] Rehomed arbih_181st_mountain into truthful sector owner sector:arbih_1st_corps:3 (reserve)
[brigade_assignment] Rehomed arbih_185th_light into truthful sector owner sector:arbih_1st_corps:0 (reserve)
[brigade_assignment] Rehomed hrhb_1st_brigade_mostar into truthful sector owner sector:hvo_southeast_herzegovina:0 (front)
[brigade_assignment] Rehomed hrhb_6th_brigade_ranko_boban into truthful sector owner sector:hvo_southeast_herzegovina:0 (front)
[brigade_assignment] Rehomed rs_1st_prnjavor_light_infantry into truthful sector owner sector:vrs_1st_krajina:6 (reserve)
[brigade_assignment] Rehomed rs_1st_trebava_infantry into truthful sector owner sector:vrs_1st_krajina:6 (reserve)
[brigade_assignment] Rehomed rs_1st_vujak_light_infantry into truthful sector owner sector:vrs_1st_krajina:6 (reserve)
[brigade_assignment] Rehomed rs_27th_derventa_motorized into truthful sector owner sector:vrs_1st_krajina:6 (reserve)
[brigade_assignment] Rehomed arbih_109th_mountain into truthful sector owner sector:arbih_1st_corps:3 (reserve)
[brigade_assignment] Rehomed arbih_181st_mountain into truthful sector owner sector:arbih_1st_corps:3 (reserve)
[brigade_assignment] Rehomed arbih_185th_light into truthful sector owner sector:arbih_1st_corps:0 (reserve)
[brigade_assignment] Rehomed rs_1st_prnjavor_light_infantry into truthful sector owner sector:vrs_1st_krajina:8 (reserve)
[brigade_assignment] Rehomed rs_1st_trebava_infantry into truthful sector owner sector:vrs_1st_krajina:8 (reserve)
[brigade_assignment] Rehomed rs_1st_vujak_light_infantry into truthful sector owner sector:vrs_1st_krajina:8 (reserve)
[brigade_assignment] Rehomed rs_27th_derventa_motorized into truthful sector owner sector:vrs_1st_krajina:8 (reserve)
[brigade_assignment] Rehomed rs_1st_prnjavor_light_infantry into truthful sector owner sector:vrs_1st_krajina:6 (reserve)
[brigade_assignment] Rehomed rs_1st_trebava_infantry into truthful sector owner sector:vrs_1st_krajina:6 (reserve)
[brigade_assignment] Rehomed rs_1st_vujak_light_infantry into truthful sector owner sector:vrs_1st_krajina:6 (reserve)
[brigade_assignment] Rehomed rs_27th_derventa_motorized into truthful sector owner sector:vrs_1st_krajina:6 (reserve)
[brigade_assignment] Rehomed arbih_109th_mountain into truthful sector owner sector:arbih_1st_corps:3 (reserve)
[brigade_assignment] Rehomed arbih_181st_mountain into truthful sector owner sector:arbih_1st_corps:3 (reserve)
[brigade_assignment] Rehomed arbih_185th_light into truthful sector owner sector:arbih_1st_corps:0 (reserve)
[brigade_assignment] Rehomed hrhb_1st_brigade_mostar into truthful sector owner sector:hvo_southeast_herzegovina:0 (front)
[brigade_assignment] Rehomed hrhb_6th_brigade_ranko_boban into truthful sector owner sector:hvo_southeast_herzegovina:0 (front)
[brigade_assignment] Rehomed rs_1st_prnjavor_light_infantry into truthful sector owner sector:vrs_1st_krajina:6 (reserve)
[brigade_assignment] Rehomed rs_1st_trebava_infantry into truthful sector owner sector:vrs_1st_krajina:6 (reserve)
[brigade_assignment] Rehomed rs_1st_vujak_light_infantry into truthful sector owner sector:vrs_1st_krajina:6 (reserve)
[brigade_assignment] Rehomed rs_27th_derventa_motorized into truthful sector owner sector:vrs_1st_krajina:6 (reserve)
[brigade_assignment] Rehomed arbih_109th_mountain into truthful sector owner sector:arbih_1st_corps:3 (reserve)
[brigade_assignment] Rehomed arbih_181st_mountain into truthful sector owner sector:arbih_1st_corps:3 (reserve)
[brigade_assignment] Rehomed arbih_185th_light into truthful sector owner sector:arbih_1st_corps:0 (reserve)
[brigade_assignment] Rehomed rs_1st_prnjavor_light_infantry into truthful sector owner sector:vrs_1st_krajina:8 (reserve)
[brigade_assignment] Rehomed rs_1st_trebava_infantry into truthful sector owner sector:vrs_1st_krajina:8 (reserve)
[brigade_assignment] Rehomed rs_1st_vujak_light_infantry into truthful sector owner sector:vrs_1st_krajina:8 (reserve)
[brigade_assignment] Rehomed rs_27th_derventa_motorized into truthful sector owner sector:vrs_1st_krajina:8 (reserve)
[brigade_assignment] FINAL_SEAL kind=turn turn=140 unresolved=0
[brigade_assignment] Rehomed rs_1st_prnjavor_light_infantry into truthful sector owner sector:vrs_1st_krajina:6 (reserve)
[brigade_assignment] Rehomed rs_1st_trebava_infantry into truthful sector owner sector:vrs_1st_krajina:6 (reserve)
[brigade_assignment] Rehomed rs_1st_vujak_light_infantry into truthful sector owner sector:vrs_1st_krajina:6 (reserve)
[brigade_assignment] Rehomed rs_27th_derventa_motorized into truthful sector owner sector:vrs_1st_krajina:6 (reserve)
[brigade_assignment] Rehomed arbih_109th_mountain into truthful sector owner sector:arbih_1st_corps:3 (reserve)
[brigade_assignment] Rehomed arbih_181st_mountain into truthful sector owner sector:arbih_1st_corps:3 (reserve)
[brigade_assignment] Rehomed arbih_185th_light into truthful sector owner sector:arbih_1st_corps:0 (reserve)
[brigade_assignment] Rehomed hrhb_1st_brigade_mostar into truthful sector owner sector:hvo_southeast_herzegovina:0 (front)
[brigade_assignment] Rehomed hrhb_6th_brigade_ranko_boban into truthful sector owner sector:hvo_southeast_herzegovina:0 (front)
[brigade_assignment] Rehomed rs_1st_prnjavor_light_infantry into truthful sector owner sector:vrs_1st_krajina:6 (reserve)
[brigade_assignment] Rehomed rs_1st_trebava_infantry into truthful sector owner sector:vrs_1st_krajina:6 (reserve)
[brigade_assignment] Rehomed rs_1st_vujak_light_infantry into truthful sector owner sector:vrs_1st_krajina:6 (reserve)
[brigade_assignment] Rehomed rs_27th_derventa_motorized into truthful sector owner sector:vrs_1st_krajina:6 (reserve)
[brigade_assignment] Rehomed arbih_109th_mountain into truthful sector owner sector:arbih_1st_corps:3 (reserve)
[brigade_assignment] Rehomed arbih_181st_mountain into truthful sector owner sector:arbih_1st_corps:3 (reserve)
[brigade_assignment] Rehomed arbih_185th_light into truthful sector owner sector:arbih_1st_corps:0 (reserve)
[brigade_assignment] Rehomed rs_1st_prnjavor_light_infantry into truthful sector owner sector:vrs_1st_krajina:8 (reserve)
[brigade_assignment] Rehomed rs_1st_trebava_infantry into truthful sector owner sector:vrs_1st_krajina:8 (reserve)
[brigade_assignment] Rehomed rs_1st_vujak_light_infantry into truthful sector owner sector:vrs_1st_krajina:8 (reserve)
[brigade_assignment] Rehomed rs_27th_derventa_motorized into truthful sector owner sector:vrs_1st_krajina:8 (reserve)
[brigade_assignment] Rehomed rs_1st_prnjavor_light_infantry into truthful sector owner sector:vrs_1st_krajina:6 (reserve)
[brigade_assignment] Rehomed rs_1st_trebava_infantry into truthful sector owner sector:vrs_1st_krajina:6 (reserve)
[brigade_assignment] Rehomed rs_1st_vujak_light_infantry into truthful sector owner sector:vrs_1st_krajina:6 (reserve)
[brigade_assignment] Rehomed rs_27th_derventa_motorized into truthful sector owner sector:vrs_1st_krajina:6 (reserve)
[brigade_assignment] Rehomed arbih_109th_mountain into truthful sector owner sector:arbih_1st_corps:3 (reserve)
[brigade_assignment] Rehomed arbih_181st_mountain into truthful sector owner sector:arbih_1st_corps:3 (reserve)
[brigade_assignment] Rehomed arbih_185th_light into truthful sector owner sector:arbih_1st_corps:0 (reserve)
[brigade_assignment] Rehomed hrhb_1st_brigade_mostar into truthful sector owner sector:hvo_southeast_herzegovina:0 (front)
[brigade_assignment] Rehomed hrhb_6th_brigade_ranko_boban into truthful sector owner sector:hvo_southeast_herzegovina:0 (front)
[brigade_assignment] Rehomed rs_1st_prnjavor_light_infantry into truthful sector owner sector:vrs_1st_krajina:6 (reserve)
[brigade_assignment] Rehomed rs_1st_trebava_infantry into truthful sector owner sector:vrs_1st_krajina:6 (reserve)
[brigade_assignment] Rehomed rs_1st_vujak_light_infantry into truthful sector owner sector:vrs_1st_krajina:6 (reserve)
[brigade_assignment] Rehomed rs_27th_derventa_motorized into truthful sector owner sector:vrs_1st_krajina:6 (reserve)
[brigade_assignment] Rehomed arbih_109th_mountain into truthful sector owner sector:arbih_1st_corps:3 (reserve)
[brigade_assignment] Rehomed arbih_181st_mountain into truthful sector owner sector:arbih_1st_corps:3 (reserve)
[brigade_assignment] Rehomed arbih_185th_light into truthful sector owner sector:arbih_1st_corps:0 (reserve)
[brigade_assignment] Rehomed rs_1st_prnjavor_light_infantry into truthful sector owner sector:vrs_1st_krajina:8 (reserve)
[brigade_assignment] Rehomed rs_1st_trebava_infantry into truthful sector owner sector:vrs_1st_krajina:8 (reserve)
[brigade_assignment] Rehomed rs_1st_vujak_light_infantry into truthful sector owner sector:vrs_1st_krajina:8 (reserve)
[brigade_assignment] Rehomed rs_27th_derventa_motorized into truthful sector owner sector:vrs_1st_krajina:8 (reserve)
[brigade_assignment] FINAL_SEAL kind=turn turn=141 unresolved=0
[brigade_assignment] Rehomed rs_1st_prnjavor_light_infantry into truthful sector owner sector:vrs_1st_krajina:6 (reserve)
[brigade_assignment] Rehomed rs_1st_trebava_infantry into truthful sector owner sector:vrs_1st_krajina:6 (reserve)
[brigade_assignment] Rehomed rs_1st_vujak_light_infantry into truthful sector owner sector:vrs_1st_krajina:6 (reserve)
[brigade_assignment] Rehomed rs_27th_derventa_motorized into truthful sector owner sector:vrs_1st_krajina:6 (reserve)
[brigade_assignment] Rehomed arbih_109th_mountain into truthful sector owner sector:arbih_1st_corps:3 (reserve)
[brigade_assignment] Rehomed arbih_181st_mountain into truthful sector owner sector:arbih_1st_corps:3 (reserve)
[brigade_assignment] Rehomed arbih_185th_light into truthful sector owner sector:arbih_1st_corps:0 (reserve)
[brigade_assignment] Rehomed hrhb_1st_brigade_mostar into truthful sector owner sector:hvo_southeast_herzegovina:0 (front)
[brigade_assignment] Rehomed hrhb_6th_brigade_ranko_boban into truthful sector owner sector:hvo_southeast_herzegovina:0 (front)
[brigade_assignment] Rehomed rs_1st_prnjavor_light_infantry into truthful sector owner sector:vrs_1st_krajina:6 (reserve)
[brigade_assignment] Rehomed rs_1st_trebava_infantry into truthful sector owner sector:vrs_1st_krajina:6 (reserve)
[brigade_assignment] Rehomed rs_1st_vujak_light_infantry into truthful sector owner sector:vrs_1st_krajina:6 (reserve)
[brigade_assignment] Rehomed rs_27th_derventa_motorized into truthful sector owner sector:vrs_1st_krajina:6 (reserve)
[brigade_assignment] Rehomed arbih_109th_mountain into truthful sector owner sector:arbih_1st_corps:3 (reserve)
[brigade_assignment] Rehomed arbih_181st_mountain into truthful sector owner sector:arbih_1st_corps:3 (reserve)
[brigade_assignment] Rehomed arbih_185th_light into truthful sector owner sector:arbih_1st_corps:0 (reserve)
[brigade_assignment] Rehomed rs_1st_prnjavor_light_infantry into truthful sector owner sector:vrs_1st_krajina:8 (reserve)
[brigade_assignment] Rehomed rs_1st_trebava_infantry into truthful sector owner sector:vrs_1st_krajina:8 (reserve)
[brigade_assignment] Rehomed rs_1st_vujak_light_infantry into truthful sector owner sector:vrs_1st_krajina:8 (reserve)
[brigade_assignment] Rehomed rs_27th_derventa_motorized into truthful sector owner sector:vrs_1st_krajina:8 (reserve)
[brigade_assignment] Rehomed rs_1st_prnjavor_light_infantry into truthful sector owner sector:vrs_1st_krajina:6 (reserve)
[brigade_assignment] Rehomed rs_1st_trebava_infantry into truthful sector owner sector:vrs_1st_krajina:6 (reserve)
[brigade_assignment] Rehomed rs_1st_vujak_light_infantry into truthful sector owner sector:vrs_1st_krajina:6 (reserve)
[brigade_assignment] Rehomed rs_27th_derventa_motorized into truthful sector owner sector:vrs_1st_krajina:6 (reserve)
[brigade_assignment] Rehomed arbih_109th_mountain into truthful sector owner sector:arbih_1st_corps:3 (reserve)
[brigade_assignment] Rehomed arbih_181st_mountain into truthful sector owner sector:arbih_1st_corps:3 (reserve)
[brigade_assignment] Rehomed arbih_185th_light into truthful sector owner sector:arbih_1st_corps:0 (reserve)
[brigade_assignment] Rehomed hrhb_1st_brigade_mostar into truthful sector owner sector:hvo_southeast_herzegovina:0 (front)
[brigade_assignment] Rehomed hrhb_6th_brigade_ranko_boban into truthful sector owner sector:hvo_southeast_herzegovina:0 (front)
[brigade_assignment] Rehomed rs_1st_prnjavor_light_infantry into truthful sector owner sector:vrs_1st_krajina:6 (reserve)
[brigade_assignment] Rehomed rs_1st_trebava_infantry into truthful sector owner sector:vrs_1st_krajina:6 (reserve)
[brigade_assignment] Rehomed rs_1st_vujak_light_infantry into truthful sector owner sector:vrs_1st_krajina:6 (reserve)
[brigade_assignment] Rehomed rs_27th_derventa_motorized into truthful sector owner sector:vrs_1st_krajina:6 (reserve)
[brigade_assignment] Rehomed arbih_109th_mountain into truthful sector owner sector:arbih_1st_corps:3 (reserve)
[brigade_assignment] Rehomed arbih_181st_mountain into truthful sector owner sector:arbih_1st_corps:3 (reserve)
[brigade_assignment] Rehomed arbih_185th_light into truthful sector owner sector:arbih_1st_corps:0 (reserve)
[brigade_assignment] Rehomed rs_1st_prnjavor_light_infantry into truthful sector owner sector:vrs_1st_krajina:8 (reserve)
[brigade_assignment] Rehomed rs_1st_trebava_infantry into truthful sector owner sector:vrs_1st_krajina:8 (reserve)
[brigade_assignment] Rehomed rs_1st_vujak_light_infantry into truthful sector owner sector:vrs_1st_krajina:8 (reserve)
[brigade_assignment] Rehomed rs_27th_derventa_motorized into truthful sector owner sector:vrs_1st_krajina:8 (reserve)
[brigade_assignment] FINAL_SEAL kind=turn turn=142 unresolved=0
[brigade_assignment] Rehomed rs_1st_prnjavor_light_infantry into truthful sector owner sector:vrs_1st_krajina:6 (reserve)
[brigade_assignment] Rehomed rs_1st_trebava_infantry into truthful sector owner sector:vrs_1st_krajina:6 (reserve)
[brigade_assignment] Rehomed rs_1st_vujak_light_infantry into truthful sector owner sector:vrs_1st_krajina:6 (reserve)
[brigade_assignment] Rehomed rs_27th_derventa_motorized into truthful sector owner sector:vrs_1st_krajina:6 (reserve)
[brigade_assignment] Rehomed arbih_109th_mountain into truthful sector owner sector:arbih_1st_corps:3 (reserve)
[brigade_assignment] Rehomed arbih_181st_mountain into truthful sector owner sector:arbih_1st_corps:3 (reserve)
[brigade_assignment] Rehomed arbih_185th_light into truthful sector owner sector:arbih_1st_corps:0 (reserve)
[brigade_assignment] Rehomed hrhb_1st_herzegovina_brigade_knez_domagoj into truthful sector owner sector:hvo_southeast_herzegovina:0 (front)
[brigade_assignment] Rehomed hrhb_6th_brigade_ranko_boban into truthful sector owner sector:hvo_southeast_herzegovina:0 (front)
[brigade_assignment] Rehomed rs_1st_prnjavor_light_infantry into truthful sector owner sector:vrs_1st_krajina:6 (reserve)
[brigade_assignment] Rehomed rs_1st_trebava_infantry into truthful sector owner sector:vrs_1st_krajina:6 (reserve)
[brigade_assignment] Rehomed rs_1st_vujak_light_infantry into truthful sector owner sector:vrs_1st_krajina:6 (reserve)
[brigade_assignment] Rehomed rs_27th_derventa_motorized into truthful sector owner sector:vrs_1st_krajina:6 (reserve)
[brigade_assignment] Rehomed arbih_109th_mountain into truthful sector owner sector:arbih_1st_corps:3 (reserve)
[brigade_assignment] Rehomed arbih_181st_mountain into truthful sector owner sector:arbih_1st_corps:3 (reserve)
[brigade_assignment] Rehomed arbih_185th_light into truthful sector owner sector:arbih_1st_corps:0 (reserve)
[brigade_assignment] Rehomed rs_1st_prnjavor_light_infantry into truthful sector owner sector:vrs_1st_krajina:8 (reserve)
[brigade_assignment] Rehomed rs_1st_trebava_infantry into truthful sector owner sector:vrs_1st_krajina:8 (reserve)
[brigade_assignment] Rehomed rs_1st_vujak_light_infantry into truthful sector owner sector:vrs_1st_krajina:8 (reserve)
[brigade_assignment] Rehomed rs_27th_derventa_motorized into truthful sector owner sector:vrs_1st_krajina:8 (reserve)
[brigade_assignment] Rehomed rs_1st_prnjavor_light_infantry into truthful sector owner sector:vrs_1st_krajina:6 (reserve)
[brigade_assignment] Rehomed rs_1st_trebava_infantry into truthful sector owner sector:vrs_1st_krajina:6 (reserve)
[brigade_assignment] Rehomed rs_1st_vujak_light_infantry into truthful sector owner sector:vrs_1st_krajina:6 (reserve)
[brigade_assignment] Rehomed rs_27th_derventa_motorized into truthful sector owner sector:vrs_1st_krajina:6 (reserve)
[brigade_assignment] Rehomed arbih_109th_mountain into truthful sector owner sector:arbih_1st_corps:3 (reserve)
[brigade_assignment] Rehomed arbih_181st_mountain into truthful sector owner sector:arbih_1st_corps:3 (reserve)
[brigade_assignment] Rehomed arbih_185th_light into truthful sector owner sector:arbih_1st_corps:0 (reserve)
[brigade_assignment] Rehomed hrhb_1st_herzegovina_brigade_knez_domagoj into truthful sector owner sector:hvo_southeast_herzegovina:0 (front)
[brigade_assignment] Rehomed hrhb_6th_brigade_ranko_boban into truthful sector owner sector:hvo_southeast_herzegovina:0 (front)
[brigade_assignment] Rehomed rs_1st_prnjavor_light_infantry into truthful sector owner sector:vrs_1st_krajina:6 (reserve)
[brigade_assignment] Rehomed rs_1st_trebava_infantry into truthful sector owner sector:vrs_1st_krajina:6 (reserve)
[brigade_assignment] Rehomed rs_1st_vujak_light_infantry into truthful sector owner sector:vrs_1st_krajina:6 (reserve)
[brigade_assignment] Rehomed rs_27th_derventa_motorized into truthful sector owner sector:vrs_1st_krajina:6 (reserve)
[brigade_assignment] Rehomed arbih_109th_mountain into truthful sector owner sector:arbih_1st_corps:3 (reserve)
[brigade_assignment] Rehomed arbih_181st_mountain into truthful sector owner sector:arbih_1st_corps:3 (reserve)
[brigade_assignment] Rehomed arbih_185th_light into truthful sector owner sector:arbih_1st_corps:0 (reserve)
[brigade_assignment] Rehomed rs_1st_prnjavor_light_infantry into truthful sector owner sector:vrs_1st_krajina:8 (reserve)
[brigade_assignment] Rehomed rs_1st_trebava_infantry into truthful sector owner sector:vrs_1st_krajina:8 (reserve)
[brigade_assignment] Rehomed rs_1st_vujak_light_infantry into truthful sector owner sector:vrs_1st_krajina:8 (reserve)
[brigade_assignment] Rehomed rs_27th_derventa_motorized into truthful sector owner sector:vrs_1st_krajina:8 (reserve)
[brigade_assignment] FINAL_SEAL kind=turn turn=143 unresolved=0
[brigade_assignment] Rehomed rs_1st_prnjavor_light_infantry into truthful sector owner sector:vrs_1st_krajina:6 (reserve)
[brigade_assignment] Rehomed rs_1st_trebava_infantry into truthful sector owner sector:vrs_1st_krajina:6 (reserve)
[brigade_assignment] Rehomed rs_1st_vujak_light_infantry into truthful sector owner sector:vrs_1st_krajina:6 (reserve)
[brigade_assignment] Rehomed rs_27th_derventa_motorized into truthful sector owner sector:vrs_1st_krajina:6 (reserve)
[brigade_assignment] Rehomed arbih_109th_mountain into truthful sector owner sector:arbih_1st_corps:3 (reserve)
[brigade_assignment] Rehomed arbih_181st_mountain into truthful sector owner sector:arbih_1st_corps:3 (reserve)
[brigade_assignment] Rehomed arbih_185th_light into truthful sector owner sector:arbih_1st_corps:0 (reserve)
[brigade_assignment] Rehomed hrhb_6th_brigade_ranko_boban into truthful sector owner sector:hvo_southeast_herzegovina:0 (front)
[brigade_assignment] Rehomed rs_1st_prnjavor_light_infantry into truthful sector owner sector:vrs_1st_krajina:6 (reserve)
[brigade_assignment] Rehomed rs_1st_trebava_infantry into truthful sector owner sector:vrs_1st_krajina:6 (reserve)
[brigade_assignment] Rehomed rs_1st_vujak_light_infantry into truthful sector owner sector:vrs_1st_krajina:6 (reserve)
[brigade_assignment] Rehomed rs_27th_derventa_motorized into truthful sector owner sector:vrs_1st_krajina:6 (reserve)
[brigade_assignment] Rehomed arbih_109th_mountain into truthful sector owner sector:arbih_1st_corps:3 (reserve)
[brigade_assignment] Rehomed arbih_181st_mountain into truthful sector owner sector:arbih_1st_corps:3 (reserve)
[brigade_assignment] Rehomed arbih_185th_light into truthful sector owner sector:arbih_1st_corps:0 (reserve)
[brigade_assignment] Rehomed rs_1st_prnjavor_light_infantry into truthful sector owner sector:vrs_1st_krajina:8 (reserve)
[brigade_assignment] Rehomed rs_1st_trebava_infantry into truthful sector owner sector:vrs_1st_krajina:8 (reserve)
[brigade_assignment] Rehomed rs_1st_vujak_light_infantry into truthful sector owner sector:vrs_1st_krajina:8 (reserve)
[brigade_assignment] Rehomed rs_27th_derventa_motorized into truthful sector owner sector:vrs_1st_krajina:8 (reserve)
[brigade_assignment] Rehomed rs_1st_prnjavor_light_infantry into truthful sector owner sector:vrs_1st_krajina:6 (reserve)
[brigade_assignment] Rehomed rs_1st_trebava_infantry into truthful sector owner sector:vrs_1st_krajina:6 (reserve)
[brigade_assignment] Rehomed rs_1st_vujak_light_infantry into truthful sector owner sector:vrs_1st_krajina:6 (reserve)
[brigade_assignment] Rehomed rs_27th_derventa_motorized into truthful sector owner sector:vrs_1st_krajina:6 (reserve)
[brigade_assignment] Rehomed arbih_109th_mountain into truthful sector owner sector:arbih_1st_corps:3 (reserve)
[brigade_assignment] Rehomed arbih_181st_mountain into truthful sector owner sector:arbih_1st_corps:3 (reserve)
[brigade_assignment] Rehomed arbih_185th_light into truthful sector owner sector:arbih_1st_corps:0 (reserve)
[brigade_assignment] Rehomed hrhb_6th_brigade_ranko_boban into truthful sector owner sector:hvo_southeast_herzegovina:0 (front)
[brigade_assignment] Rehomed rs_1st_prnjavor_light_infantry into truthful sector owner sector:vrs_1st_krajina:6 (reserve)
[brigade_assignment] Rehomed rs_1st_trebava_infantry into truthful sector owner sector:vrs_1st_krajina:6 (reserve)
[brigade_assignment] Rehomed rs_1st_vujak_light_infantry into truthful sector owner sector:vrs_1st_krajina:6 (reserve)
[brigade_assignment] Rehomed rs_27th_derventa_motorized into truthful sector owner sector:vrs_1st_krajina:6 (reserve)
[brigade_assignment] Rehomed arbih_109th_mountain into truthful sector owner sector:arbih_1st_corps:3 (reserve)
[brigade_assignment] Rehomed arbih_181st_mountain into truthful sector owner sector:arbih_1st_corps:3 (reserve)
[brigade_assignment] Rehomed arbih_185th_light into truthful sector owner sector:arbih_1st_corps:0 (reserve)
[brigade_assignment] Rehomed rs_1st_prnjavor_light_infantry into truthful sector owner sector:vrs_1st_krajina:8 (reserve)
[brigade_assignment] Rehomed rs_1st_trebava_infantry into truthful sector owner sector:vrs_1st_krajina:8 (reserve)
[brigade_assignment] Rehomed rs_1st_vujak_light_infantry into truthful sector owner sector:vrs_1st_krajina:8 (reserve)
[brigade_assignment] Rehomed rs_27th_derventa_motorized into truthful sector owner sector:vrs_1st_krajina:8 (reserve)
[brigade_assignment] FINAL_SEAL kind=turn turn=144 unresolved=0
[brigade_assignment] Rehomed rs_1st_prnjavor_light_infantry into truthful sector owner sector:vrs_1st_krajina:6 (reserve)
[brigade_assignment] Rehomed rs_1st_trebava_infantry into truthful sector owner sector:vrs_1st_krajina:6 (reserve)
[brigade_assignment] Rehomed rs_1st_vujak_light_infantry into truthful sector owner sector:vrs_1st_krajina:6 (reserve)
[brigade_assignment] Rehomed rs_27th_derventa_motorized into truthful sector owner sector:vrs_1st_krajina:6 (reserve)
[brigade_assignment] Rehomed arbih_109th_mountain into truthful sector owner sector:arbih_1st_corps:3 (reserve)
[brigade_assignment] Rehomed arbih_181st_mountain into truthful sector owner sector:arbih_1st_corps:3 (reserve)
[brigade_assignment] Rehomed arbih_185th_light into truthful sector owner sector:arbih_1st_corps:0 (reserve)
[brigade_assignment] Rehomed hrhb_6th_brigade_ranko_boban into truthful sector owner sector:hvo_southeast_herzegovina:0 (front)
[brigade_assignment] Rehomed rs_1st_prnjavor_light_infantry into truthful sector owner sector:vrs_1st_krajina:6 (reserve)
[brigade_assignment] Rehomed rs_1st_trebava_infantry into truthful sector owner sector:vrs_1st_krajina:6 (reserve)
[brigade_assignment] Rehomed rs_1st_vujak_light_infantry into truthful sector owner sector:vrs_1st_krajina:6 (reserve)
[brigade_assignment] Rehomed rs_27th_derventa_motorized into truthful sector owner sector:vrs_1st_krajina:6 (reserve)
[brigade_assignment] Rehomed arbih_109th_mountain into truthful sector owner sector:arbih_1st_corps:3 (reserve)
[brigade_assignment] Rehomed arbih_181st_mountain into truthful sector owner sector:arbih_1st_corps:3 (reserve)
[brigade_assignment] Rehomed arbih_185th_light into truthful sector owner sector:arbih_1st_corps:0 (reserve)
[brigade_assignment] Rehomed rs_1st_prnjavor_light_infantry into truthful sector owner sector:vrs_1st_krajina:8 (reserve)
[brigade_assignment] Rehomed rs_1st_trebava_infantry into truthful sector owner sector:vrs_1st_krajina:8 (reserve)
[brigade_assignment] Rehomed rs_1st_vujak_light_infantry into truthful sector owner sector:vrs_1st_krajina:8 (reserve)
[brigade_assignment] Rehomed rs_27th_derventa_motorized into truthful sector owner sector:vrs_1st_krajina:8 (reserve)
[brigade_assignment] Rehomed rs_1st_prnjavor_light_infantry into truthful sector owner sector:vrs_1st_krajina:6 (reserve)
[brigade_assignment] Rehomed rs_1st_trebava_infantry into truthful sector owner sector:vrs_1st_krajina:6 (reserve)
[brigade_assignment] Rehomed rs_1st_vujak_light_infantry into truthful sector owner sector:vrs_1st_krajina:6 (reserve)
[brigade_assignment] Rehomed rs_27th_derventa_motorized into truthful sector owner sector:vrs_1st_krajina:6 (reserve)
[brigade_assignment] Rehomed arbih_109th_mountain into truthful sector owner sector:arbih_1st_corps:3 (reserve)
[brigade_assignment] Rehomed arbih_181st_mountain into truthful sector owner sector:arbih_1st_corps:3 (reserve)
[brigade_assignment] Rehomed arbih_185th_light into truthful sector owner sector:arbih_1st_corps:0 (reserve)
[brigade_assignment] Rehomed hrhb_6th_brigade_ranko_boban into truthful sector owner sector:hvo_southeast_herzegovina:0 (front)
[brigade_assignment] Rehomed rs_1st_prnjavor_light_infantry into truthful sector owner sector:vrs_1st_krajina:6 (reserve)
[brigade_assignment] Rehomed rs_1st_trebava_infantry into truthful sector owner sector:vrs_1st_krajina:6 (reserve)
[brigade_assignment] Rehomed rs_1st_vujak_light_infantry into truthful sector owner sector:vrs_1st_krajina:6 (reserve)
[brigade_assignment] Rehomed rs_27th_derventa_motorized into truthful sector owner sector:vrs_1st_krajina:6 (reserve)
[brigade_assignment] Rehomed arbih_109th_mountain into truthful sector owner sector:arbih_1st_corps:3 (reserve)
[brigade_assignment] Rehomed arbih_181st_mountain into truthful sector owner sector:arbih_1st_corps:3 (reserve)
[brigade_assignment] Rehomed arbih_185th_light into truthful sector owner sector:arbih_1st_corps:0 (reserve)
[brigade_assignment] Rehomed rs_1st_prnjavor_light_infantry into truthful sector owner sector:vrs_1st_krajina:8 (reserve)
[brigade_assignment] Rehomed rs_1st_trebava_infantry into truthful sector owner sector:vrs_1st_krajina:8 (reserve)
[brigade_assignment] Rehomed rs_1st_vujak_light_infantry into truthful sector owner sector:vrs_1st_krajina:8 (reserve)
[brigade_assignment] Rehomed rs_27th_derventa_motorized into truthful sector owner sector:vrs_1st_krajina:8 (reserve)
[brigade_assignment] FINAL_SEAL kind=turn turn=145 unresolved=0
[brigade_assignment] Rehomed rs_1st_prnjavor_light_infantry into truthful sector owner sector:vrs_1st_krajina:6 (reserve)
[brigade_assignment] Rehomed rs_1st_trebava_infantry into truthful sector owner sector:vrs_1st_krajina:6 (reserve)
[brigade_assignment] Rehomed rs_1st_vujak_light_infantry into truthful sector owner sector:vrs_1st_krajina:6 (reserve)
[brigade_assignment] Rehomed rs_27th_derventa_motorized into truthful sector owner sector:vrs_1st_krajina:6 (reserve)
[brigade_assignment] Rehomed arbih_109th_mountain into truthful sector owner sector:arbih_1st_corps:3 (reserve)
[brigade_assignment] Rehomed arbih_181st_mountain into truthful sector owner sector:arbih_1st_corps:3 (reserve)
[brigade_assignment] Rehomed arbih_185th_light into truthful sector owner sector:arbih_1st_corps:0 (reserve)
[brigade_assignment] Rehomed hrhb_1st_brigade_mostar into truthful sector owner sector:hvo_southeast_herzegovina:0 (front)
[brigade_assignment] Rehomed hrhb_6th_brigade_ranko_boban into truthful sector owner sector:hvo_southeast_herzegovina:0 (front)
[brigade_assignment] Rehomed rs_1st_prnjavor_light_infantry into truthful sector owner sector:vrs_1st_krajina:6 (reserve)
[brigade_assignment] Rehomed rs_1st_trebava_infantry into truthful sector owner sector:vrs_1st_krajina:6 (reserve)
[brigade_assignment] Rehomed rs_1st_vujak_light_infantry into truthful sector owner sector:vrs_1st_krajina:6 (reserve)
[brigade_assignment] Rehomed rs_27th_derventa_motorized into truthful sector owner sector:vrs_1st_krajina:6 (reserve)
[brigade_assignment] Rehomed arbih_109th_mountain into truthful sector owner sector:arbih_1st_corps:3 (reserve)
[brigade_assignment] Rehomed arbih_181st_mountain into truthful sector owner sector:arbih_1st_corps:3 (reserve)
[brigade_assignment] Rehomed arbih_185th_light into truthful sector owner sector:arbih_1st_corps:0 (reserve)
[brigade_assignment] Rehomed rs_1st_prnjavor_light_infantry into truthful sector owner sector:vrs_1st_krajina:8 (reserve)
[brigade_assignment] Rehomed rs_1st_trebava_infantry into truthful sector owner sector:vrs_1st_krajina:8 (reserve)
[brigade_assignment] Rehomed rs_1st_vujak_light_infantry into truthful sector owner sector:vrs_1st_krajina:8 (reserve)
[brigade_assignment] Rehomed rs_27th_derventa_motorized into truthful sector owner sector:vrs_1st_krajina:8 (reserve)
[brigade_assignment] Rehomed rs_1st_prnjavor_light_infantry into truthful sector owner sector:vrs_1st_krajina:6 (reserve)
[brigade_assignment] Rehomed rs_1st_trebava_infantry into truthful sector owner sector:vrs_1st_krajina:6 (reserve)
[brigade_assignment] Rehomed rs_1st_vujak_light_infantry into truthful sector owner sector:vrs_1st_krajina:6 (reserve)
[brigade_assignment] Rehomed rs_27th_derventa_motorized into truthful sector owner sector:vrs_1st_krajina:6 (reserve)
[brigade_assignment] Rehomed arbih_109th_mountain into truthful sector owner sector:arbih_1st_corps:3 (reserve)
[brigade_assignment] Rehomed arbih_181st_mountain into truthful sector owner sector:arbih_1st_corps:3 (reserve)
[brigade_assignment] Rehomed arbih_185th_light into truthful sector owner sector:arbih_1st_corps:0 (reserve)
[brigade_assignment] Rehomed hrhb_1st_brigade_mostar into truthful sector owner sector:hvo_southeast_herzegovina:0 (front)
[brigade_assignment] Rehomed hrhb_6th_brigade_ranko_boban into truthful sector owner sector:hvo_southeast_herzegovina:0 (front)
[brigade_assignment] Rehomed rs_1st_prnjavor_light_infantry into truthful sector owner sector:vrs_1st_krajina:6 (reserve)
[brigade_assignment] Rehomed rs_1st_trebava_infantry into truthful sector owner sector:vrs_1st_krajina:6 (reserve)
[brigade_assignment] Rehomed rs_1st_vujak_light_infantry into truthful sector owner sector:vrs_1st_krajina:6 (reserve)
[brigade_assignment] Rehomed rs_27th_derventa_motorized into truthful sector owner sector:vrs_1st_krajina:6 (reserve)
[brigade_assignment] Rehomed arbih_109th_mountain into truthful sector owner sector:arbih_1st_corps:3 (reserve)
[brigade_assignment] Rehomed arbih_181st_mountain into truthful sector owner sector:arbih_1st_corps:3 (reserve)
[brigade_assignment] Rehomed arbih_185th_light into truthful sector owner sector:arbih_1st_corps:0 (reserve)
[brigade_assignment] Rehomed rs_1st_prnjavor_light_infantry into truthful sector owner sector:vrs_1st_krajina:8 (reserve)
[brigade_assignment] Rehomed rs_1st_trebava_infantry into truthful sector owner sector:vrs_1st_krajina:8 (reserve)
[brigade_assignment] Rehomed rs_1st_vujak_light_infantry into truthful sector owner sector:vrs_1st_krajina:8 (reserve)
[brigade_assignment] Rehomed rs_27th_derventa_motorized into truthful sector owner sector:vrs_1st_krajina:8 (reserve)
[brigade_assignment] FINAL_SEAL kind=turn turn=146 unresolved=0
[brigade_assignment] Rehomed rs_1st_prnjavor_light_infantry into truthful sector owner sector:vrs_1st_krajina:5 (reserve)
[brigade_assignment] Rehomed rs_1st_trebava_infantry into truthful sector owner sector:vrs_1st_krajina:5 (reserve)
[brigade_assignment] Rehomed rs_1st_vujak_light_infantry into truthful sector owner sector:vrs_1st_krajina:5 (reserve)
[brigade_assignment] Rehomed rs_27th_derventa_motorized into truthful sector owner sector:vrs_1st_krajina:5 (reserve)
[brigade_assignment] Rehomed arbih_109th_mountain into truthful sector owner sector:arbih_1st_corps:3 (reserve)
[brigade_assignment] Rehomed arbih_181st_mountain into truthful sector owner sector:arbih_1st_corps:3 (reserve)
[brigade_assignment] Rehomed arbih_185th_light into truthful sector owner sector:arbih_1st_corps:0 (reserve)
[brigade_assignment] Rehomed hrhb_1st_brigade_mostar into truthful sector owner sector:hvo_southeast_herzegovina:0 (front)
[brigade_assignment] Rehomed hrhb_6th_brigade_ranko_boban into truthful sector owner sector:hvo_southeast_herzegovina:0 (front)
[brigade_assignment] Rehomed rs_1st_prnjavor_light_infantry into truthful sector owner sector:vrs_1st_krajina:5 (reserve)
[brigade_assignment] Rehomed rs_1st_trebava_infantry into truthful sector owner sector:vrs_1st_krajina:5 (reserve)
[brigade_assignment] Rehomed rs_1st_vujak_light_infantry into truthful sector owner sector:vrs_1st_krajina:5 (reserve)
[brigade_assignment] Rehomed rs_27th_derventa_motorized into truthful sector owner sector:vrs_1st_krajina:5 (reserve)
[brigade_assignment] Rehomed arbih_109th_mountain into truthful sector owner sector:arbih_1st_corps:3 (reserve)
[brigade_assignment] Rehomed arbih_181st_mountain into truthful sector owner sector:arbih_1st_corps:3 (reserve)
[brigade_assignment] Rehomed arbih_185th_light into truthful sector owner sector:arbih_1st_corps:0 (reserve)
[brigade_assignment] Rehomed rs_1st_prnjavor_light_infantry into truthful sector owner sector:vrs_1st_krajina:7 (reserve)
[brigade_assignment] Rehomed rs_1st_trebava_infantry into truthful sector owner sector:vrs_1st_krajina:7 (reserve)
[brigade_assignment] Rehomed rs_1st_vujak_light_infantry into truthful sector owner sector:vrs_1st_krajina:7 (reserve)
[brigade_assignment] Rehomed rs_27th_derventa_motorized into truthful sector owner sector:vrs_1st_krajina:7 (reserve)
[brigade_assignment] Rehomed rs_1st_prnjavor_light_infantry into truthful sector owner sector:vrs_1st_krajina:5 (reserve)
[brigade_assignment] Rehomed rs_1st_trebava_infantry into truthful sector owner sector:vrs_1st_krajina:5 (reserve)
[brigade_assignment] Rehomed rs_1st_vujak_light_infantry into truthful sector owner sector:vrs_1st_krajina:5 (reserve)
[brigade_assignment] Rehomed rs_27th_derventa_motorized into truthful sector owner sector:vrs_1st_krajina:5 (reserve)
[brigade_assignment] Rehomed arbih_109th_mountain into truthful sector owner sector:arbih_1st_corps:3 (reserve)
[brigade_assignment] Rehomed arbih_181st_mountain into truthful sector owner sector:arbih_1st_corps:3 (reserve)
[brigade_assignment] Rehomed arbih_185th_light into truthful sector owner sector:arbih_1st_corps:0 (reserve)
[brigade_assignment] Rehomed hrhb_1st_brigade_mostar into truthful sector owner sector:hvo_southeast_herzegovina:0 (front)
[brigade_assignment] Rehomed hrhb_6th_brigade_ranko_boban into truthful sector owner sector:hvo_southeast_herzegovina:0 (front)
[brigade_assignment] Rehomed rs_1st_prnjavor_light_infantry into truthful sector owner sector:vrs_1st_krajina:5 (reserve)
[brigade_assignment] Rehomed rs_1st_trebava_infantry into truthful sector owner sector:vrs_1st_krajina:5 (reserve)
[brigade_assignment] Rehomed rs_1st_vujak_light_infantry into truthful sector owner sector:vrs_1st_krajina:5 (reserve)
[brigade_assignment] Rehomed rs_27th_derventa_motorized into truthful sector owner sector:vrs_1st_krajina:5 (reserve)
[brigade_assignment] Rehomed arbih_109th_mountain into truthful sector owner sector:arbih_1st_corps:3 (reserve)
[brigade_assignment] Rehomed arbih_181st_mountain into truthful sector owner sector:arbih_1st_corps:3 (reserve)
[brigade_assignment] Rehomed arbih_185th_light into truthful sector owner sector:arbih_1st_corps:0 (reserve)
[brigade_assignment] Rehomed rs_1st_prnjavor_light_infantry into truthful sector owner sector:vrs_1st_krajina:7 (reserve)
[brigade_assignment] Rehomed rs_1st_trebava_infantry into truthful sector owner sector:vrs_1st_krajina:7 (reserve)
[brigade_assignment] Rehomed rs_1st_vujak_light_infantry into truthful sector owner sector:vrs_1st_krajina:7 (reserve)
[brigade_assignment] Rehomed rs_27th_derventa_motorized into truthful sector owner sector:vrs_1st_krajina:7 (reserve)
[brigade_assignment] FINAL_SEAL kind=turn turn=147 unresolved=0
[brigade_assignment] Rehomed rs_1st_prnjavor_light_infantry into truthful sector owner sector:vrs_1st_krajina:5 (reserve)
[brigade_assignment] Rehomed rs_1st_trebava_infantry into truthful sector owner sector:vrs_1st_krajina:5 (reserve)
[brigade_assignment] Rehomed rs_1st_vujak_light_infantry into truthful sector owner sector:vrs_1st_krajina:5 (reserve)
[brigade_assignment] Rehomed rs_27th_derventa_motorized into truthful sector owner sector:vrs_1st_krajina:5 (reserve)
[brigade_assignment] Rehomed arbih_109th_mountain into truthful sector owner sector:arbih_1st_corps:3 (reserve)
[brigade_assignment] Rehomed arbih_181st_mountain into truthful sector owner sector:arbih_1st_corps:3 (reserve)
[brigade_assignment] Rehomed arbih_185th_light into truthful sector owner sector:arbih_1st_corps:0 (reserve)
[brigade_assignment] Rehomed hrhb_1st_brigade_mostar into truthful sector owner sector:hvo_southeast_herzegovina:0 (front)
[brigade_assignment] Rehomed hrhb_6th_brigade_ranko_boban into truthful sector owner sector:hvo_southeast_herzegovina:0 (front)
[brigade_assignment] Rehomed rs_1st_prnjavor_light_infantry into truthful sector owner sector:vrs_1st_krajina:5 (reserve)
[brigade_assignment] Rehomed rs_1st_trebava_infantry into truthful sector owner sector:vrs_1st_krajina:5 (reserve)
[brigade_assignment] Rehomed rs_1st_vujak_light_infantry into truthful sector owner sector:vrs_1st_krajina:5 (reserve)
[brigade_assignment] Rehomed rs_27th_derventa_motorized into truthful sector owner sector:vrs_1st_krajina:5 (reserve)
[brigade_assignment] Rehomed arbih_109th_mountain into truthful sector owner sector:arbih_1st_corps:3 (reserve)
[brigade_assignment] Rehomed arbih_181st_mountain into truthful sector owner sector:arbih_1st_corps:3 (reserve)
[brigade_assignment] Rehomed arbih_185th_light into truthful sector owner sector:arbih_1st_corps:0 (reserve)
[brigade_assignment] Rehomed rs_1st_prnjavor_light_infantry into truthful sector owner sector:vrs_1st_krajina:7 (reserve)
[brigade_assignment] Rehomed rs_1st_trebava_infantry into truthful sector owner sector:vrs_1st_krajina:7 (reserve)
[brigade_assignment] Rehomed rs_1st_vujak_light_infantry into truthful sector owner sector:vrs_1st_krajina:7 (reserve)
[brigade_assignment] Rehomed rs_27th_derventa_motorized into truthful sector owner sector:vrs_1st_krajina:7 (reserve)
[brigade_assignment] Rehomed rs_1st_prnjavor_light_infantry into truthful sector owner sector:vrs_1st_krajina:5 (reserve)
[brigade_assignment] Rehomed rs_1st_trebava_infantry into truthful sector owner sector:vrs_1st_krajina:5 (reserve)
[brigade_assignment] Rehomed rs_1st_vujak_light_infantry into truthful sector owner sector:vrs_1st_krajina:5 (reserve)
[brigade_assignment] Rehomed rs_27th_derventa_motorized into truthful sector owner sector:vrs_1st_krajina:5 (reserve)
[brigade_assignment] Rehomed arbih_109th_mountain into truthful sector owner sector:arbih_1st_corps:3 (reserve)
[brigade_assignment] Rehomed arbih_181st_mountain into truthful sector owner sector:arbih_1st_corps:3 (reserve)
[brigade_assignment] Rehomed arbih_185th_light into truthful sector owner sector:arbih_1st_corps:0 (reserve)
[brigade_assignment] Rehomed hrhb_1st_brigade_mostar into truthful sector owner sector:hvo_southeast_herzegovina:0 (front)
[brigade_assignment] Rehomed hrhb_6th_brigade_ranko_boban into truthful sector owner sector:hvo_southeast_herzegovina:0 (front)
[brigade_assignment] Rehomed rs_1st_prnjavor_light_infantry into truthful sector owner sector:vrs_1st_krajina:5 (reserve)
[brigade_assignment] Rehomed rs_1st_trebava_infantry into truthful sector owner sector:vrs_1st_krajina:5 (reserve)
[brigade_assignment] Rehomed rs_1st_vujak_light_infantry into truthful sector owner sector:vrs_1st_krajina:5 (reserve)
[brigade_assignment] Rehomed rs_27th_derventa_motorized into truthful sector owner sector:vrs_1st_krajina:5 (reserve)
[brigade_assignment] Rehomed arbih_109th_mountain into truthful sector owner sector:arbih_1st_corps:3 (reserve)
[brigade_assignment] Rehomed arbih_181st_mountain into truthful sector owner sector:arbih_1st_corps:3 (reserve)
[brigade_assignment] Rehomed arbih_185th_light into truthful sector owner sector:arbih_1st_corps:0 (reserve)
[brigade_assignment] Rehomed rs_1st_prnjavor_light_infantry into truthful sector owner sector:vrs_1st_krajina:7 (reserve)
[brigade_assignment] Rehomed rs_1st_trebava_infantry into truthful sector owner sector:vrs_1st_krajina:7 (reserve)
[brigade_assignment] Rehomed rs_1st_vujak_light_infantry into truthful sector owner sector:vrs_1st_krajina:7 (reserve)
[brigade_assignment] Rehomed rs_27th_derventa_motorized into truthful sector owner sector:vrs_1st_krajina:7 (reserve)
[brigade_assignment] FINAL_SEAL kind=turn turn=148 unresolved=0
[brigade_assignment] Rehomed rs_1st_prnjavor_light_infantry into truthful sector owner sector:vrs_1st_krajina:5 (reserve)
[brigade_assignment] Rehomed rs_1st_trebava_infantry into truthful sector owner sector:vrs_1st_krajina:5 (reserve)
[brigade_assignment] Rehomed rs_1st_vujak_light_infantry into truthful sector owner sector:vrs_1st_krajina:5 (reserve)
[brigade_assignment] Rehomed rs_27th_derventa_motorized into truthful sector owner sector:vrs_1st_krajina:5 (reserve)
[brigade_assignment] Rehomed arbih_109th_mountain into truthful sector owner sector:arbih_1st_corps:3 (reserve)
[brigade_assignment] Rehomed arbih_181st_mountain into truthful sector owner sector:arbih_1st_corps:3 (reserve)
[brigade_assignment] Rehomed arbih_185th_light into truthful sector owner sector:arbih_1st_corps:0 (reserve)
[brigade_assignment] Rehomed hrhb_1st_herzegovina_brigade_knez_domagoj into truthful sector owner sector:hvo_southeast_herzegovina:0 (front)
[brigade_assignment] Rehomed hrhb_6th_brigade_ranko_boban into truthful sector owner sector:hvo_southeast_herzegovina:0 (front)
[brigade_assignment] Rehomed rs_1st_prnjavor_light_infantry into truthful sector owner sector:vrs_1st_krajina:5 (reserve)
[brigade_assignment] Rehomed rs_1st_trebava_infantry into truthful sector owner sector:vrs_1st_krajina:5 (reserve)
[brigade_assignment] Rehomed rs_1st_vujak_light_infantry into truthful sector owner sector:vrs_1st_krajina:5 (reserve)
[brigade_assignment] Rehomed rs_27th_derventa_motorized into truthful sector owner sector:vrs_1st_krajina:5 (reserve)
[brigade_assignment] Rehomed arbih_109th_mountain into truthful sector owner sector:arbih_1st_corps:3 (reserve)
[brigade_assignment] Rehomed arbih_181st_mountain into truthful sector owner sector:arbih_1st_corps:3 (reserve)
[brigade_assignment] Rehomed arbih_185th_light into truthful sector owner sector:arbih_1st_corps:0 (reserve)
[brigade_assignment] Rehomed rs_1st_prnjavor_light_infantry into truthful sector owner sector:vrs_1st_krajina:7 (reserve)
[brigade_assignment] Rehomed rs_1st_trebava_infantry into truthful sector owner sector:vrs_1st_krajina:7 (reserve)
[brigade_assignment] Rehomed rs_1st_vujak_light_infantry into truthful sector owner sector:vrs_1st_krajina:7 (reserve)
[brigade_assignment] Rehomed rs_27th_derventa_motorized into truthful sector owner sector:vrs_1st_krajina:7 (reserve)
[brigade_assignment] Rehomed rs_1st_prnjavor_light_infantry into truthful sector owner sector:vrs_1st_krajina:5 (reserve)
[brigade_assignment] Rehomed rs_1st_trebava_infantry into truthful sector owner sector:vrs_1st_krajina:5 (reserve)
[brigade_assignment] Rehomed rs_1st_vujak_light_infantry into truthful sector owner sector:vrs_1st_krajina:5 (reserve)
[brigade_assignment] Rehomed rs_27th_derventa_motorized into truthful sector owner sector:vrs_1st_krajina:5 (reserve)
[brigade_assignment] Rehomed arbih_109th_mountain into truthful sector owner sector:arbih_1st_corps:3 (reserve)
[brigade_assignment] Rehomed arbih_181st_mountain into truthful sector owner sector:arbih_1st_corps:3 (reserve)
[brigade_assignment] Rehomed arbih_185th_light into truthful sector owner sector:arbih_1st_corps:0 (reserve)
[brigade_assignment] Rehomed hrhb_1st_herzegovina_brigade_knez_domagoj into truthful sector owner sector:hvo_southeast_herzegovina:0 (front)
[brigade_assignment] Rehomed hrhb_6th_brigade_ranko_boban into truthful sector owner sector:hvo_southeast_herzegovina:0 (front)
[brigade_assignment] Rehomed rs_1st_prnjavor_light_infantry into truthful sector owner sector:vrs_1st_krajina:5 (reserve)
[brigade_assignment] Rehomed rs_1st_trebava_infantry into truthful sector owner sector:vrs_1st_krajina:5 (reserve)
[brigade_assignment] Rehomed rs_1st_vujak_light_infantry into truthful sector owner sector:vrs_1st_krajina:5 (reserve)
[brigade_assignment] Rehomed rs_27th_derventa_motorized into truthful sector owner sector:vrs_1st_krajina:5 (reserve)
[brigade_assignment] Rehomed arbih_109th_mountain into truthful sector owner sector:arbih_1st_corps:3 (reserve)
[brigade_assignment] Rehomed arbih_181st_mountain into truthful sector owner sector:arbih_1st_corps:3 (reserve)
[brigade_assignment] Rehomed arbih_185th_light into truthful sector owner sector:arbih_1st_corps:0 (reserve)
[brigade_assignment] Rehomed rs_1st_prnjavor_light_infantry into truthful sector owner sector:vrs_1st_krajina:7 (reserve)
[brigade_assignment] Rehomed rs_1st_trebava_infantry into truthful sector owner sector:vrs_1st_krajina:7 (reserve)
[brigade_assignment] Rehomed rs_1st_vujak_light_infantry into truthful sector owner sector:vrs_1st_krajina:7 (reserve)
[brigade_assignment] Rehomed rs_27th_derventa_motorized into truthful sector owner sector:vrs_1st_krajina:7 (reserve)
[brigade_assignment] FINAL_SEAL kind=turn turn=149 unresolved=0
[brigade_assignment] Rehomed rs_1st_prnjavor_light_infantry into truthful sector owner sector:vrs_1st_krajina:5 (reserve)
[brigade_assignment] Rehomed rs_1st_trebava_infantry into truthful sector owner sector:vrs_1st_krajina:5 (reserve)
[brigade_assignment] Rehomed rs_1st_vujak_light_infantry into truthful sector owner sector:vrs_1st_krajina:5 (reserve)
[brigade_assignment] Rehomed rs_27th_derventa_motorized into truthful sector owner sector:vrs_1st_krajina:5 (reserve)
[brigade_assignment] Rehomed arbih_109th_mountain into truthful sector owner sector:arbih_1st_corps:3 (reserve)
[brigade_assignment] Rehomed arbih_181st_mountain into truthful sector owner sector:arbih_1st_corps:3 (reserve)
[brigade_assignment] Rehomed arbih_185th_light into truthful sector owner sector:arbih_1st_corps:0 (reserve)
[brigade_assignment] Rehomed hrhb_6th_brigade_ranko_boban into truthful sector owner sector:hvo_southeast_herzegovina:0 (front)
[brigade_assignment] Rehomed rs_1st_prnjavor_light_infantry into truthful sector owner sector:vrs_1st_krajina:5 (reserve)
[brigade_assignment] Rehomed rs_1st_trebava_infantry into truthful sector owner sector:vrs_1st_krajina:5 (reserve)
[brigade_assignment] Rehomed rs_1st_vujak_light_infantry into truthful sector owner sector:vrs_1st_krajina:5 (reserve)
[brigade_assignment] Rehomed rs_27th_derventa_motorized into truthful sector owner sector:vrs_1st_krajina:5 (reserve)
[brigade_assignment] Rehomed arbih_109th_mountain into truthful sector owner sector:arbih_1st_corps:3 (reserve)
[brigade_assignment] Rehomed arbih_181st_mountain into truthful sector owner sector:arbih_1st_corps:3 (reserve)
[brigade_assignment] Rehomed arbih_185th_light into truthful sector owner sector:arbih_1st_corps:0 (reserve)
[brigade_assignment] Rehomed rs_1st_prnjavor_light_infantry into truthful sector owner sector:vrs_1st_krajina:7 (reserve)
[brigade_assignment] Rehomed rs_1st_trebava_infantry into truthful sector owner sector:vrs_1st_krajina:7 (reserve)
[brigade_assignment] Rehomed rs_1st_vujak_light_infantry into truthful sector owner sector:vrs_1st_krajina:7 (reserve)
[brigade_assignment] Rehomed rs_27th_derventa_motorized into truthful sector owner sector:vrs_1st_krajina:7 (reserve)
[brigade_assignment] Rehomed rs_1st_prnjavor_light_infantry into truthful sector owner sector:vrs_1st_krajina:5 (reserve)
[brigade_assignment] Rehomed rs_1st_trebava_infantry into truthful sector owner sector:vrs_1st_krajina:5 (reserve)
[brigade_assignment] Rehomed rs_1st_vujak_light_infantry into truthful sector owner sector:vrs_1st_krajina:5 (reserve)
[brigade_assignment] Rehomed rs_27th_derventa_motorized into truthful sector owner sector:vrs_1st_krajina:5 (reserve)
[brigade_assignment] Rehomed arbih_109th_mountain into truthful sector owner sector:arbih_1st_corps:3 (reserve)
[brigade_assignment] Rehomed arbih_181st_mountain into truthful sector owner sector:arbih_1st_corps:3 (reserve)
[brigade_assignment] Rehomed arbih_185th_light into truthful sector owner sector:arbih_1st_corps:0 (reserve)
[brigade_assignment] Rehomed hrhb_6th_brigade_ranko_boban into truthful sector owner sector:hvo_southeast_herzegovina:0 (front)
[brigade_assignment] Rehomed rs_1st_prnjavor_light_infantry into truthful sector owner sector:vrs_1st_krajina:5 (reserve)
[brigade_assignment] Rehomed rs_1st_trebava_infantry into truthful sector owner sector:vrs_1st_krajina:5 (reserve)
[brigade_assignment] Rehomed rs_1st_vujak_light_infantry into truthful sector owner sector:vrs_1st_krajina:5 (reserve)
[brigade_assignment] Rehomed rs_27th_derventa_motorized into truthful sector owner sector:vrs_1st_krajina:5 (reserve)
[brigade_assignment] Rehomed arbih_109th_mountain into truthful sector owner sector:arbih_1st_corps:3 (reserve)
[brigade_assignment] Rehomed arbih_181st_mountain into truthful sector owner sector:arbih_1st_corps:3 (reserve)
[brigade_assignment] Rehomed arbih_185th_light into truthful sector owner sector:arbih_1st_corps:0 (reserve)
[brigade_assignment] Rehomed rs_1st_prnjavor_light_infantry into truthful sector owner sector:vrs_1st_krajina:7 (reserve)
[brigade_assignment] Rehomed rs_1st_trebava_infantry into truthful sector owner sector:vrs_1st_krajina:7 (reserve)
[brigade_assignment] Rehomed rs_1st_vujak_light_infantry into truthful sector owner sector:vrs_1st_krajina:7 (reserve)
[brigade_assignment] Rehomed rs_27th_derventa_motorized into truthful sector owner sector:vrs_1st_krajina:7 (reserve)
[brigade_assignment] FINAL_SEAL kind=turn turn=150 unresolved=0
[brigade_assignment] Rehomed rs_1st_prnjavor_light_infantry into truthful sector owner sector:vrs_1st_krajina:5 (reserve)
[brigade_assignment] Rehomed rs_1st_trebava_infantry into truthful sector owner sector:vrs_1st_krajina:5 (reserve)
[brigade_assignment] Rehomed rs_1st_vujak_light_infantry into truthful sector owner sector:vrs_1st_krajina:5 (reserve)
[brigade_assignment] Rehomed rs_27th_derventa_motorized into truthful sector owner sector:vrs_1st_krajina:5 (reserve)
[brigade_assignment] Rehomed arbih_109th_mountain into truthful sector owner sector:arbih_1st_corps:3 (reserve)
[brigade_assignment] Rehomed arbih_181st_mountain into truthful sector owner sector:arbih_1st_corps:3 (reserve)
[brigade_assignment] Rehomed arbih_185th_light into truthful sector owner sector:arbih_1st_corps:0 (reserve)
[brigade_assignment] Rehomed hrhb_6th_brigade_ranko_boban into truthful sector owner sector:hvo_southeast_herzegovina:0 (front)
[brigade_assignment] Rehomed rs_1st_prnjavor_light_infantry into truthful sector owner sector:vrs_1st_krajina:5 (reserve)
[brigade_assignment] Rehomed rs_1st_trebava_infantry into truthful sector owner sector:vrs_1st_krajina:5 (reserve)
[brigade_assignment] Rehomed rs_1st_vujak_light_infantry into truthful sector owner sector:vrs_1st_krajina:5 (reserve)
[brigade_assignment] Rehomed rs_27th_derventa_motorized into truthful sector owner sector:vrs_1st_krajina:5 (reserve)
[brigade_assignment] Rehomed arbih_109th_mountain into truthful sector owner sector:arbih_1st_corps:3 (reserve)
[brigade_assignment] Rehomed arbih_181st_mountain into truthful sector owner sector:arbih_1st_corps:3 (reserve)
[brigade_assignment] Rehomed arbih_185th_light into truthful sector owner sector:arbih_1st_corps:0 (reserve)
[brigade_assignment] Rehomed rs_1st_prnjavor_light_infantry into truthful sector owner sector:vrs_1st_krajina:7 (reserve)
[brigade_assignment] Rehomed rs_1st_trebava_infantry into truthful sector owner sector:vrs_1st_krajina:7 (reserve)
[brigade_assignment] Rehomed rs_1st_vujak_light_infantry into truthful sector owner sector:vrs_1st_krajina:7 (reserve)
[brigade_assignment] Rehomed rs_27th_derventa_motorized into truthful sector owner sector:vrs_1st_krajina:7 (reserve)
[brigade_assignment] Rehomed rs_1st_prnjavor_light_infantry into truthful sector owner sector:vrs_1st_krajina:5 (reserve)
[brigade_assignment] Rehomed rs_1st_trebava_infantry into truthful sector owner sector:vrs_1st_krajina:5 (reserve)
[brigade_assignment] Rehomed rs_1st_vujak_light_infantry into truthful sector owner sector:vrs_1st_krajina:5 (reserve)
[brigade_assignment] Rehomed rs_27th_derventa_motorized into truthful sector owner sector:vrs_1st_krajina:5 (reserve)
[brigade_assignment] Rehomed arbih_109th_mountain into truthful sector owner sector:arbih_1st_corps:3 (reserve)
[brigade_assignment] Rehomed arbih_181st_mountain into truthful sector owner sector:arbih_1st_corps:3 (reserve)
[brigade_assignment] Rehomed arbih_185th_light into truthful sector owner sector:arbih_1st_corps:0 (reserve)
[brigade_assignment] Rehomed hrhb_6th_brigade_ranko_boban into truthful sector owner sector:hvo_southeast_herzegovina:0 (front)
[brigade_assignment] Rehomed rs_1st_prnjavor_light_infantry into truthful sector owner sector:vrs_1st_krajina:5 (reserve)
[brigade_assignment] Rehomed rs_1st_trebava_infantry into truthful sector owner sector:vrs_1st_krajina:5 (reserve)
[brigade_assignment] Rehomed rs_1st_vujak_light_infantry into truthful sector owner sector:vrs_1st_krajina:5 (reserve)
[brigade_assignment] Rehomed rs_27th_derventa_motorized into truthful sector owner sector:vrs_1st_krajina:5 (reserve)
[brigade_assignment] Rehomed arbih_109th_mountain into truthful sector owner sector:arbih_1st_corps:3 (reserve)
[brigade_assignment] Rehomed arbih_181st_mountain into truthful sector owner sector:arbih_1st_corps:3 (reserve)
[brigade_assignment] Rehomed arbih_185th_light into truthful sector owner sector:arbih_1st_corps:0 (reserve)
[brigade_assignment] Rehomed rs_1st_prnjavor_light_infantry into truthful sector owner sector:vrs_1st_krajina:7 (reserve)
[brigade_assignment] Rehomed rs_1st_trebava_infantry into truthful sector owner sector:vrs_1st_krajina:7 (reserve)
[brigade_assignment] Rehomed rs_1st_vujak_light_infantry into truthful sector owner sector:vrs_1st_krajina:7 (reserve)
[brigade_assignment] Rehomed rs_27th_derventa_motorized into truthful sector owner sector:vrs_1st_krajina:7 (reserve)
[brigade_assignment] FINAL_SEAL kind=turn turn=151 unresolved=0
[brigade_assignment] Rehomed rs_1st_prnjavor_light_infantry into truthful sector owner sector:vrs_1st_krajina:5 (reserve)
[brigade_assignment] Rehomed rs_1st_trebava_infantry into truthful sector owner sector:vrs_1st_krajina:5 (reserve)
[brigade_assignment] Rehomed rs_1st_vujak_light_infantry into truthful sector owner sector:vrs_1st_krajina:5 (reserve)
[brigade_assignment] Rehomed rs_27th_derventa_motorized into truthful sector owner sector:vrs_1st_krajina:5 (reserve)
[brigade_assignment] Rehomed arbih_109th_mountain into truthful sector owner sector:arbih_1st_corps:3 (reserve)
[brigade_assignment] Rehomed arbih_181st_mountain into truthful sector owner sector:arbih_1st_corps:3 (reserve)
[brigade_assignment] Rehomed arbih_185th_light into truthful sector owner sector:arbih_1st_corps:0 (reserve)
[brigade_assignment] Rehomed hrhb_1st_brigade_mostar into truthful sector owner sector:hvo_southeast_herzegovina:0 (front)
[brigade_assignment] Rehomed hrhb_6th_brigade_ranko_boban into truthful sector owner sector:hvo_southeast_herzegovina:0 (front)
[brigade_assignment] Rehomed rs_1st_prnjavor_light_infantry into truthful sector owner sector:vrs_1st_krajina:5 (reserve)
[brigade_assignment] Rehomed rs_1st_trebava_infantry into truthful sector owner sector:vrs_1st_krajina:5 (reserve)
[brigade_assignment] Rehomed rs_1st_vujak_light_infantry into truthful sector owner sector:vrs_1st_krajina:5 (reserve)
[brigade_assignment] Rehomed rs_27th_derventa_motorized into truthful sector owner sector:vrs_1st_krajina:5 (reserve)
[brigade_assignment] Rehomed arbih_109th_mountain into truthful sector owner sector:arbih_1st_corps:3 (reserve)
[brigade_assignment] Rehomed arbih_181st_mountain into truthful sector owner sector:arbih_1st_corps:3 (reserve)
[brigade_assignment] Rehomed arbih_185th_light into truthful sector owner sector:arbih_1st_corps:0 (reserve)
[brigade_assignment] Rehomed rs_1st_prnjavor_light_infantry into truthful sector owner sector:vrs_1st_krajina:7 (reserve)
[brigade_assignment] Rehomed rs_1st_trebava_infantry into truthful sector owner sector:vrs_1st_krajina:7 (reserve)
[brigade_assignment] Rehomed rs_1st_vujak_light_infantry into truthful sector owner sector:vrs_1st_krajina:7 (reserve)
[brigade_assignment] Rehomed rs_27th_derventa_motorized into truthful sector owner sector:vrs_1st_krajina:7 (reserve)
[brigade_assignment] Rehomed rs_1st_prnjavor_light_infantry into truthful sector owner sector:vrs_1st_krajina:5 (reserve)
[brigade_assignment] Rehomed rs_1st_trebava_infantry into truthful sector owner sector:vrs_1st_krajina:5 (reserve)
[brigade_assignment] Rehomed rs_1st_vujak_light_infantry into truthful sector owner sector:vrs_1st_krajina:5 (reserve)
[brigade_assignment] Rehomed rs_27th_derventa_motorized into truthful sector owner sector:vrs_1st_krajina:5 (reserve)
[brigade_assignment] Rehomed arbih_109th_mountain into truthful sector owner sector:arbih_1st_corps:3 (reserve)
[brigade_assignment] Rehomed arbih_181st_mountain into truthful sector owner sector:arbih_1st_corps:3 (reserve)
[brigade_assignment] Rehomed arbih_185th_light into truthful sector owner sector:arbih_1st_corps:0 (reserve)
[brigade_assignment] Rehomed hrhb_1st_brigade_mostar into truthful sector owner sector:hvo_southeast_herzegovina:0 (front)
[brigade_assignment] Rehomed hrhb_6th_brigade_ranko_boban into truthful sector owner sector:hvo_southeast_herzegovina:0 (front)
[brigade_assignment] Rehomed rs_1st_prnjavor_light_infantry into truthful sector owner sector:vrs_1st_krajina:5 (reserve)
[brigade_assignment] Rehomed rs_1st_trebava_infantry into truthful sector owner sector:vrs_1st_krajina:5 (reserve)
[brigade_assignment] Rehomed rs_1st_vujak_light_infantry into truthful sector owner sector:vrs_1st_krajina:5 (reserve)
[brigade_assignment] Rehomed rs_27th_derventa_motorized into truthful sector owner sector:vrs_1st_krajina:5 (reserve)
[brigade_assignment] Rehomed arbih_109th_mountain into truthful sector owner sector:arbih_1st_corps:3 (reserve)
[brigade_assignment] Rehomed arbih_181st_mountain into truthful sector owner sector:arbih_1st_corps:3 (reserve)
[brigade_assignment] Rehomed arbih_185th_light into truthful sector owner sector:arbih_1st_corps:0 (reserve)
[brigade_assignment] Rehomed rs_1st_prnjavor_light_infantry into truthful sector owner sector:vrs_1st_krajina:7 (reserve)
[brigade_assignment] Rehomed rs_1st_trebava_infantry into truthful sector owner sector:vrs_1st_krajina:7 (reserve)
[brigade_assignment] Rehomed rs_1st_vujak_light_infantry into truthful sector owner sector:vrs_1st_krajina:7 (reserve)
[brigade_assignment] Rehomed rs_27th_derventa_motorized into truthful sector owner sector:vrs_1st_krajina:7 (reserve)
[brigade_assignment] FINAL_SEAL kind=turn turn=152 unresolved=0
[brigade_assignment] Rehomed rs_1st_prnjavor_light_infantry into truthful sector owner sector:vrs_1st_krajina:5 (reserve)
[brigade_assignment] Rehomed rs_1st_trebava_infantry into truthful sector owner sector:vrs_1st_krajina:5 (reserve)
[brigade_assignment] Rehomed rs_1st_vujak_light_infantry into truthful sector owner sector:vrs_1st_krajina:5 (reserve)
[brigade_assignment] Rehomed rs_27th_derventa_motorized into truthful sector owner sector:vrs_1st_krajina:5 (reserve)
[brigade_assignment] Rehomed arbih_109th_mountain into truthful sector owner sector:arbih_1st_corps:3 (reserve)
[brigade_assignment] Rehomed arbih_181st_mountain into truthful sector owner sector:arbih_1st_corps:3 (reserve)
[brigade_assignment] Rehomed arbih_185th_light into truthful sector owner sector:arbih_1st_corps:0 (reserve)
[brigade_assignment] Rehomed hrhb_1st_brigade_mostar into truthful sector owner sector:hvo_southeast_herzegovina:0 (front)
[brigade_assignment] Rehomed hrhb_6th_brigade_ranko_boban into truthful sector owner sector:hvo_southeast_herzegovina:0 (front)
[brigade_assignment] Rehomed rs_1st_prnjavor_light_infantry into truthful sector owner sector:vrs_1st_krajina:5 (reserve)
[brigade_assignment] Rehomed rs_1st_trebava_infantry into truthful sector owner sector:vrs_1st_krajina:5 (reserve)
[brigade_assignment] Rehomed rs_1st_vujak_light_infantry into truthful sector owner sector:vrs_1st_krajina:5 (reserve)
[brigade_assignment] Rehomed rs_27th_derventa_motorized into truthful sector owner sector:vrs_1st_krajina:5 (reserve)
[brigade_assignment] Rehomed arbih_109th_mountain into truthful sector owner sector:arbih_1st_corps:3 (reserve)
[brigade_assignment] Rehomed arbih_181st_mountain into truthful sector owner sector:arbih_1st_corps:3 (reserve)
[brigade_assignment] Rehomed arbih_185th_light into truthful sector owner sector:arbih_1st_corps:0 (reserve)
[brigade_assignment] Rehomed rs_1st_prnjavor_light_infantry into truthful sector owner sector:vrs_1st_krajina:7 (reserve)
[brigade_assignment] Rehomed rs_1st_trebava_infantry into truthful sector owner sector:vrs_1st_krajina:7 (reserve)
[brigade_assignment] Rehomed rs_1st_vujak_light_infantry into truthful sector owner sector:vrs_1st_krajina:7 (reserve)
[brigade_assignment] Rehomed rs_27th_derventa_motorized into truthful sector owner sector:vrs_1st_krajina:7 (reserve)
[brigade_assignment] Rehomed rs_1st_prnjavor_light_infantry into truthful sector owner sector:vrs_1st_krajina:5 (reserve)
[brigade_assignment] Rehomed rs_1st_trebava_infantry into truthful sector owner sector:vrs_1st_krajina:5 (reserve)
[brigade_assignment] Rehomed rs_1st_vujak_light_infantry into truthful sector owner sector:vrs_1st_krajina:5 (reserve)
[brigade_assignment] Rehomed rs_27th_derventa_motorized into truthful sector owner sector:vrs_1st_krajina:5 (reserve)
[brigade_assignment] Rehomed arbih_109th_mountain into truthful sector owner sector:arbih_1st_corps:3 (reserve)
[brigade_assignment] Rehomed arbih_181st_mountain into truthful sector owner sector:arbih_1st_corps:3 (reserve)
[brigade_assignment] Rehomed arbih_185th_light into truthful sector owner sector:arbih_1st_corps:0 (reserve)
[brigade_assignment] Rehomed hrhb_1st_brigade_mostar into truthful sector owner sector:hvo_southeast_herzegovina:0 (front)
[brigade_assignment] Rehomed hrhb_6th_brigade_ranko_boban into truthful sector owner sector:hvo_southeast_herzegovina:0 (front)
[brigade_assignment] Rehomed rs_1st_prnjavor_light_infantry into truthful sector owner sector:vrs_1st_krajina:5 (reserve)
[brigade_assignment] Rehomed rs_1st_trebava_infantry into truthful sector owner sector:vrs_1st_krajina:5 (reserve)
[brigade_assignment] Rehomed rs_1st_vujak_light_infantry into truthful sector owner sector:vrs_1st_krajina:5 (reserve)
[brigade_assignment] Rehomed rs_27th_derventa_motorized into truthful sector owner sector:vrs_1st_krajina:5 (reserve)
[brigade_assignment] Rehomed arbih_109th_mountain into truthful sector owner sector:arbih_1st_corps:3 (reserve)
[brigade_assignment] Rehomed arbih_181st_mountain into truthful sector owner sector:arbih_1st_corps:3 (reserve)
[brigade_assignment] Rehomed arbih_185th_light into truthful sector owner sector:arbih_1st_corps:0 (reserve)
[brigade_assignment] Rehomed rs_1st_prnjavor_light_infantry into truthful sector owner sector:vrs_1st_krajina:7 (reserve)
[brigade_assignment] Rehomed rs_1st_trebava_infantry into truthful sector owner sector:vrs_1st_krajina:7 (reserve)
[brigade_assignment] Rehomed rs_1st_vujak_light_infantry into truthful sector owner sector:vrs_1st_krajina:7 (reserve)
[brigade_assignment] Rehomed rs_27th_derventa_motorized into truthful sector owner sector:vrs_1st_krajina:7 (reserve)
[brigade_assignment] FINAL_SEAL kind=turn turn=153 unresolved=0
[brigade_assignment] Rehomed rs_1st_prnjavor_light_infantry into truthful sector owner sector:vrs_1st_krajina:5 (reserve)
[brigade_assignment] Rehomed rs_1st_trebava_infantry into truthful sector owner sector:vrs_1st_krajina:5 (reserve)
[brigade_assignment] Rehomed rs_1st_vujak_light_infantry into truthful sector owner sector:vrs_1st_krajina:5 (reserve)
[brigade_assignment] Rehomed rs_27th_derventa_motorized into truthful sector owner sector:vrs_1st_krajina:5 (reserve)
[brigade_assignment] Rehomed arbih_109th_mountain into truthful sector owner sector:arbih_1st_corps:3 (reserve)
[brigade_assignment] Rehomed arbih_181st_mountain into truthful sector owner sector:arbih_1st_corps:3 (reserve)
[brigade_assignment] Rehomed arbih_185th_light into truthful sector owner sector:arbih_1st_corps:0 (reserve)
[brigade_assignment] Rehomed hrhb_1st_brigade_mostar into truthful sector owner sector:hvo_southeast_herzegovina:0 (front)
[brigade_assignment] Rehomed hrhb_6th_brigade_ranko_boban into truthful sector owner sector:hvo_southeast_herzegovina:0 (front)
[brigade_assignment] Rehomed rs_1st_prnjavor_light_infantry into truthful sector owner sector:vrs_1st_krajina:5 (reserve)
[brigade_assignment] Rehomed rs_1st_trebava_infantry into truthful sector owner sector:vrs_1st_krajina:5 (reserve)
[brigade_assignment] Rehomed rs_1st_vujak_light_infantry into truthful sector owner sector:vrs_1st_krajina:5 (reserve)
[brigade_assignment] Rehomed rs_27th_derventa_motorized into truthful sector owner sector:vrs_1st_krajina:5 (reserve)
[brigade_assignment] Rehomed arbih_109th_mountain into truthful sector owner sector:arbih_1st_corps:3 (reserve)
[brigade_assignment] Rehomed arbih_181st_mountain into truthful sector owner sector:arbih_1st_corps:3 (reserve)
[brigade_assignment] Rehomed arbih_185th_light into truthful sector owner sector:arbih_1st_corps:0 (reserve)
[brigade_assignment] Rehomed rs_1st_prnjavor_light_infantry into truthful sector owner sector:vrs_1st_krajina:7 (reserve)
[brigade_assignment] Rehomed rs_1st_trebava_infantry into truthful sector owner sector:vrs_1st_krajina:7 (reserve)
[brigade_assignment] Rehomed rs_1st_vujak_light_infantry into truthful sector owner sector:vrs_1st_krajina:7 (reserve)
[brigade_assignment] Rehomed rs_27th_derventa_motorized into truthful sector owner sector:vrs_1st_krajina:7 (reserve)
[brigade_assignment] Rehomed rs_1st_prnjavor_light_infantry into truthful sector owner sector:vrs_1st_krajina:5 (reserve)
[brigade_assignment] Rehomed rs_1st_trebava_infantry into truthful sector owner sector:vrs_1st_krajina:5 (reserve)
[brigade_assignment] Rehomed rs_1st_vujak_light_infantry into truthful sector owner sector:vrs_1st_krajina:5 (reserve)
[brigade_assignment] Rehomed rs_27th_derventa_motorized into truthful sector owner sector:vrs_1st_krajina:5 (reserve)
[brigade_assignment] Rehomed arbih_109th_mountain into truthful sector owner sector:arbih_1st_corps:3 (reserve)
[brigade_assignment] Rehomed arbih_181st_mountain into truthful sector owner sector:arbih_1st_corps:3 (reserve)
[brigade_assignment] Rehomed arbih_185th_light into truthful sector owner sector:arbih_1st_corps:0 (reserve)
[brigade_assignment] Rehomed hrhb_1st_brigade_mostar into truthful sector owner sector:hvo_southeast_herzegovina:0 (front)
[brigade_assignment] Rehomed hrhb_6th_brigade_ranko_boban into truthful sector owner sector:hvo_southeast_herzegovina:0 (front)
[brigade_assignment] Rehomed rs_1st_prnjavor_light_infantry into truthful sector owner sector:vrs_1st_krajina:5 (reserve)
[brigade_assignment] Rehomed rs_1st_trebava_infantry into truthful sector owner sector:vrs_1st_krajina:5 (reserve)
[brigade_assignment] Rehomed rs_1st_vujak_light_infantry into truthful sector owner sector:vrs_1st_krajina:5 (reserve)
[brigade_assignment] Rehomed rs_27th_derventa_motorized into truthful sector owner sector:vrs_1st_krajina:5 (reserve)
[brigade_assignment] Rehomed arbih_109th_mountain into truthful sector owner sector:arbih_1st_corps:3 (reserve)
[brigade_assignment] Rehomed arbih_181st_mountain into truthful sector owner sector:arbih_1st_corps:3 (reserve)
[brigade_assignment] Rehomed arbih_185th_light into truthful sector owner sector:arbih_1st_corps:0 (reserve)
[brigade_assignment] Rehomed rs_1st_prnjavor_light_infantry into truthful sector owner sector:vrs_1st_krajina:7 (reserve)
[brigade_assignment] Rehomed rs_1st_trebava_infantry into truthful sector owner sector:vrs_1st_krajina:7 (reserve)
[brigade_assignment] Rehomed rs_1st_vujak_light_infantry into truthful sector owner sector:vrs_1st_krajina:7 (reserve)
[brigade_assignment] Rehomed rs_27th_derventa_motorized into truthful sector owner sector:vrs_1st_krajina:7 (reserve)
[brigade_assignment] FINAL_SEAL kind=turn turn=154 unresolved=0
[brigade_assignment] Rehomed rs_1st_prnjavor_light_infantry into truthful sector owner sector:vrs_1st_krajina:5 (reserve)
[brigade_assignment] Rehomed rs_1st_trebava_infantry into truthful sector owner sector:vrs_1st_krajina:5 (reserve)
[brigade_assignment] Rehomed rs_1st_vujak_light_infantry into truthful sector owner sector:vrs_1st_krajina:5 (reserve)
[brigade_assignment] Rehomed rs_27th_derventa_motorized into truthful sector owner sector:vrs_1st_krajina:5 (reserve)
[brigade_assignment] Rehomed arbih_109th_mountain into truthful sector owner sector:arbih_1st_corps:3 (reserve)
[brigade_assignment] Rehomed arbih_181st_mountain into truthful sector owner sector:arbih_1st_corps:3 (reserve)
[brigade_assignment] Rehomed arbih_185th_light into truthful sector owner sector:arbih_1st_corps:0 (reserve)
[brigade_assignment] Rehomed hrhb_1st_herzegovina_brigade_knez_domagoj into truthful sector owner sector:hvo_southeast_herzegovina:0 (front)
[brigade_assignment] Rehomed hrhb_6th_brigade_ranko_boban into truthful sector owner sector:hvo_southeast_herzegovina:0 (front)
[brigade_assignment] Rehomed rs_1st_prnjavor_light_infantry into truthful sector owner sector:vrs_1st_krajina:5 (reserve)
[brigade_assignment] Rehomed rs_1st_trebava_infantry into truthful sector owner sector:vrs_1st_krajina:5 (reserve)
[brigade_assignment] Rehomed rs_1st_vujak_light_infantry into truthful sector owner sector:vrs_1st_krajina:5 (reserve)
[brigade_assignment] Rehomed rs_27th_derventa_motorized into truthful sector owner sector:vrs_1st_krajina:5 (reserve)
[brigade_assignment] Rehomed arbih_109th_mountain into truthful sector owner sector:arbih_1st_corps:3 (reserve)
[brigade_assignment] Rehomed arbih_181st_mountain into truthful sector owner sector:arbih_1st_corps:3 (reserve)
[brigade_assignment] Rehomed arbih_185th_light into truthful sector owner sector:arbih_1st_corps:0 (reserve)
[brigade_assignment] Rehomed rs_1st_prnjavor_light_infantry into truthful sector owner sector:vrs_1st_krajina:7 (reserve)
[brigade_assignment] Rehomed rs_1st_trebava_infantry into truthful sector owner sector:vrs_1st_krajina:7 (reserve)
[brigade_assignment] Rehomed rs_1st_vujak_light_infantry into truthful sector owner sector:vrs_1st_krajina:7 (reserve)
[brigade_assignment] Rehomed rs_27th_derventa_motorized into truthful sector owner sector:vrs_1st_krajina:7 (reserve)
[brigade_assignment] Rehomed rs_1st_prnjavor_light_infantry into truthful sector owner sector:vrs_1st_krajina:5 (reserve)
[brigade_assignment] Rehomed rs_1st_trebava_infantry into truthful sector owner sector:vrs_1st_krajina:5 (reserve)
[brigade_assignment] Rehomed rs_1st_vujak_light_infantry into truthful sector owner sector:vrs_1st_krajina:5 (reserve)
[brigade_assignment] Rehomed rs_27th_derventa_motorized into truthful sector owner sector:vrs_1st_krajina:5 (reserve)
[brigade_assignment] Rehomed arbih_109th_mountain into truthful sector owner sector:arbih_1st_corps:3 (reserve)
[brigade_assignment] Rehomed arbih_181st_mountain into truthful sector owner sector:arbih_1st_corps:3 (reserve)
[brigade_assignment] Rehomed arbih_185th_light into truthful sector owner sector:arbih_1st_corps:0 (reserve)
[brigade_assignment] Rehomed hrhb_1st_herzegovina_brigade_knez_domagoj into truthful sector owner sector:hvo_southeast_herzegovina:0 (front)
[brigade_assignment] Rehomed hrhb_6th_brigade_ranko_boban into truthful sector owner sector:hvo_southeast_herzegovina:0 (front)
[brigade_assignment] Rehomed rs_1st_prnjavor_light_infantry into truthful sector owner sector:vrs_1st_krajina:5 (reserve)
[brigade_assignment] Rehomed rs_1st_trebava_infantry into truthful sector owner sector:vrs_1st_krajina:5 (reserve)
[brigade_assignment] Rehomed rs_1st_vujak_light_infantry into truthful sector owner sector:vrs_1st_krajina:5 (reserve)
[brigade_assignment] Rehomed rs_27th_derventa_motorized into truthful sector owner sector:vrs_1st_krajina:5 (reserve)
[brigade_assignment] Rehomed arbih_109th_mountain into truthful sector owner sector:arbih_1st_corps:3 (reserve)
[brigade_assignment] Rehomed arbih_181st_mountain into truthful sector owner sector:arbih_1st_corps:3 (reserve)
[brigade_assignment] Rehomed arbih_185th_light into truthful sector owner sector:arbih_1st_corps:0 (reserve)
[brigade_assignment] Rehomed rs_1st_prnjavor_light_infantry into truthful sector owner sector:vrs_1st_krajina:7 (reserve)
[brigade_assignment] Rehomed rs_1st_trebava_infantry into truthful sector owner sector:vrs_1st_krajina:7 (reserve)
[brigade_assignment] Rehomed rs_1st_vujak_light_infantry into truthful sector owner sector:vrs_1st_krajina:7 (reserve)
[brigade_assignment] Rehomed rs_27th_derventa_motorized into truthful sector owner sector:vrs_1st_krajina:7 (reserve)
[brigade_assignment] FINAL_SEAL kind=turn turn=155 unresolved=0
[brigade_assignment] Rehomed rs_1st_prnjavor_light_infantry into truthful sector owner sector:vrs_1st_krajina:5 (reserve)
[brigade_assignment] Rehomed rs_1st_trebava_infantry into truthful sector owner sector:vrs_1st_krajina:5 (reserve)
[brigade_assignment] Rehomed rs_1st_vujak_light_infantry into truthful sector owner sector:vrs_1st_krajina:5 (reserve)
[brigade_assignment] Rehomed rs_27th_derventa_motorized into truthful sector owner sector:vrs_1st_krajina:5 (reserve)
[brigade_assignment] Rehomed arbih_109th_mountain into truthful sector owner sector:arbih_1st_corps:3 (reserve)
[brigade_assignment] Rehomed arbih_181st_mountain into truthful sector owner sector:arbih_1st_corps:3 (reserve)
[brigade_assignment] Rehomed arbih_185th_light into truthful sector owner sector:arbih_1st_corps:0 (reserve)
[brigade_assignment] Rehomed hrhb_6th_brigade_ranko_boban into truthful sector owner sector:hvo_southeast_herzegovina:0 (front)
[brigade_assignment] Rehomed rs_1st_prnjavor_light_infantry into truthful sector owner sector:vrs_1st_krajina:5 (reserve)
[brigade_assignment] Rehomed rs_1st_trebava_infantry into truthful sector owner sector:vrs_1st_krajina:5 (reserve)
[brigade_assignment] Rehomed rs_1st_vujak_light_infantry into truthful sector owner sector:vrs_1st_krajina:5 (reserve)
[brigade_assignment] Rehomed rs_27th_derventa_motorized into truthful sector owner sector:vrs_1st_krajina:5 (reserve)
[brigade_assignment] Rehomed arbih_109th_mountain into truthful sector owner sector:arbih_1st_corps:3 (reserve)
[brigade_assignment] Rehomed arbih_181st_mountain into truthful sector owner sector:arbih_1st_corps:3 (reserve)
[brigade_assignment] Rehomed arbih_185th_light into truthful sector owner sector:arbih_1st_corps:0 (reserve)
[brigade_assignment] Rehomed rs_1st_prnjavor_light_infantry into truthful sector owner sector:vrs_1st_krajina:7 (reserve)
[brigade_assignment] Rehomed rs_1st_trebava_infantry into truthful sector owner sector:vrs_1st_krajina:7 (reserve)
[brigade_assignment] Rehomed rs_1st_vujak_light_infantry into truthful sector owner sector:vrs_1st_krajina:7 (reserve)
[brigade_assignment] Rehomed rs_27th_derventa_motorized into truthful sector owner sector:vrs_1st_krajina:7 (reserve)
[brigade_assignment] Rehomed rs_1st_prnjavor_light_infantry into truthful sector owner sector:vrs_1st_krajina:5 (reserve)
[brigade_assignment] Rehomed rs_1st_trebava_infantry into truthful sector owner sector:vrs_1st_krajina:5 (reserve)
[brigade_assignment] Rehomed rs_1st_vujak_light_infantry into truthful sector owner sector:vrs_1st_krajina:5 (reserve)
[brigade_assignment] Rehomed rs_27th_derventa_motorized into truthful sector owner sector:vrs_1st_krajina:5 (reserve)
[brigade_assignment] Rehomed arbih_109th_mountain into truthful sector owner sector:arbih_1st_corps:3 (reserve)
[brigade_assignment] Rehomed arbih_181st_mountain into truthful sector owner sector:arbih_1st_corps:3 (reserve)
[brigade_assignment] Rehomed arbih_185th_light into truthful sector owner sector:arbih_1st_corps:0 (reserve)
[brigade_assignment] Rehomed hrhb_6th_brigade_ranko_boban into truthful sector owner sector:hvo_southeast_herzegovina:0 (front)
[brigade_assignment] Rehomed rs_1st_prnjavor_light_infantry into truthful sector owner sector:vrs_1st_krajina:5 (reserve)
[brigade_assignment] Rehomed rs_1st_trebava_infantry into truthful sector owner sector:vrs_1st_krajina:5 (reserve)
[brigade_assignment] Rehomed rs_1st_vujak_light_infantry into truthful sector owner sector:vrs_1st_krajina:5 (reserve)
[brigade_assignment] Rehomed rs_27th_derventa_motorized into truthful sector owner sector:vrs_1st_krajina:5 (reserve)
[brigade_assignment] Rehomed arbih_109th_mountain into truthful sector owner sector:arbih_1st_corps:3 (reserve)
[brigade_assignment] Rehomed arbih_181st_mountain into truthful sector owner sector:arbih_1st_corps:3 (reserve)
[brigade_assignment] Rehomed arbih_185th_light into truthful sector owner sector:arbih_1st_corps:0 (reserve)
[brigade_assignment] Rehomed rs_1st_prnjavor_light_infantry into truthful sector owner sector:vrs_1st_krajina:7 (reserve)
[brigade_assignment] Rehomed rs_1st_trebava_infantry into truthful sector owner sector:vrs_1st_krajina:7 (reserve)
[brigade_assignment] Rehomed rs_1st_vujak_light_infantry into truthful sector owner sector:vrs_1st_krajina:7 (reserve)
[brigade_assignment] Rehomed rs_27th_derventa_motorized into truthful sector owner sector:vrs_1st_krajina:7 (reserve)
[brigade_assignment] FINAL_SEAL kind=turn turn=156 unresolved=0
[brigade_assignment] Rehomed rs_1st_prnjavor_light_infantry into truthful sector owner sector:vrs_1st_krajina:5 (reserve)
[brigade_assignment] Rehomed rs_1st_trebava_infantry into truthful sector owner sector:vrs_1st_krajina:5 (reserve)
[brigade_assignment] Rehomed rs_1st_vujak_light_infantry into truthful sector owner sector:vrs_1st_krajina:5 (reserve)
[brigade_assignment] Rehomed rs_27th_derventa_motorized into truthful sector owner sector:vrs_1st_krajina:5 (reserve)
[brigade_assignment] Rehomed arbih_109th_mountain into truthful sector owner sector:arbih_1st_corps:3 (reserve)
[brigade_assignment] Rehomed arbih_181st_mountain into truthful sector owner sector:arbih_1st_corps:3 (reserve)
[brigade_assignment] Rehomed arbih_185th_light into truthful sector owner sector:arbih_1st_corps:0 (reserve)
[brigade_assignment] Rehomed hrhb_6th_brigade_ranko_boban into truthful sector owner sector:hvo_southeast_herzegovina:0 (front)
[brigade_assignment] Rehomed rs_1st_prnjavor_light_infantry into truthful sector owner sector:vrs_1st_krajina:5 (reserve)
[brigade_assignment] Rehomed rs_1st_trebava_infantry into truthful sector owner sector:vrs_1st_krajina:5 (reserve)
[brigade_assignment] Rehomed rs_1st_vujak_light_infantry into truthful sector owner sector:vrs_1st_krajina:5 (reserve)
[brigade_assignment] Rehomed rs_27th_derventa_motorized into truthful sector owner sector:vrs_1st_krajina:5 (reserve)
[brigade_assignment] Rehomed arbih_109th_mountain into truthful sector owner sector:arbih_1st_corps:3 (reserve)
[brigade_assignment] Rehomed arbih_181st_mountain into truthful sector owner sector:arbih_1st_corps:3 (reserve)
[brigade_assignment] Rehomed arbih_185th_light into truthful sector owner sector:arbih_1st_corps:0 (reserve)
[brigade_assignment] Rehomed rs_1st_prnjavor_light_infantry into truthful sector owner sector:vrs_1st_krajina:7 (reserve)
[brigade_assignment] Rehomed rs_1st_trebava_infantry into truthful sector owner sector:vrs_1st_krajina:7 (reserve)
[brigade_assignment] Rehomed rs_1st_vujak_light_infantry into truthful sector owner sector:vrs_1st_krajina:7 (reserve)
[brigade_assignment] Rehomed rs_27th_derventa_motorized into truthful sector owner sector:vrs_1st_krajina:7 (reserve)
[brigade_assignment] Rehomed rs_1st_prnjavor_light_infantry into truthful sector owner sector:vrs_1st_krajina:5 (reserve)
[brigade_assignment] Rehomed rs_1st_trebava_infantry into truthful sector owner sector:vrs_1st_krajina:5 (reserve)
[brigade_assignment] Rehomed rs_1st_vujak_light_infantry into truthful sector owner sector:vrs_1st_krajina:5 (reserve)
[brigade_assignment] Rehomed rs_27th_derventa_motorized into truthful sector owner sector:vrs_1st_krajina:5 (reserve)
[brigade_assignment] Rehomed arbih_109th_mountain into truthful sector owner sector:arbih_1st_corps:3 (reserve)
[brigade_assignment] Rehomed arbih_181st_mountain into truthful sector owner sector:arbih_1st_corps:3 (reserve)
[brigade_assignment] Rehomed arbih_185th_light into truthful sector owner sector:arbih_1st_corps:0 (reserve)
[brigade_assignment] Rehomed hrhb_6th_brigade_ranko_boban into truthful sector owner sector:hvo_southeast_herzegovina:0 (front)
[brigade_assignment] Rehomed rs_1st_prnjavor_light_infantry into truthful sector owner sector:vrs_1st_krajina:5 (reserve)
[brigade_assignment] Rehomed rs_1st_trebava_infantry into truthful sector owner sector:vrs_1st_krajina:5 (reserve)
[brigade_assignment] Rehomed rs_1st_vujak_light_infantry into truthful sector owner sector:vrs_1st_krajina:5 (reserve)
[brigade_assignment] Rehomed rs_27th_derventa_motorized into truthful sector owner sector:vrs_1st_krajina:5 (reserve)
[brigade_assignment] Rehomed arbih_109th_mountain into truthful sector owner sector:arbih_1st_corps:3 (reserve)
[brigade_assignment] Rehomed arbih_181st_mountain into truthful sector owner sector:arbih_1st_corps:3 (reserve)
[brigade_assignment] Rehomed arbih_185th_light into truthful sector owner sector:arbih_1st_corps:0 (reserve)
[brigade_assignment] Rehomed rs_1st_prnjavor_light_infantry into truthful sector owner sector:vrs_1st_krajina:7 (reserve)
[brigade_assignment] Rehomed rs_1st_trebava_infantry into truthful sector owner sector:vrs_1st_krajina:7 (reserve)
[brigade_assignment] Rehomed rs_1st_vujak_light_infantry into truthful sector owner sector:vrs_1st_krajina:7 (reserve)
[brigade_assignment] Rehomed rs_27th_derventa_motorized into truthful sector owner sector:vrs_1st_krajina:7 (reserve)
[brigade_assignment] FINAL_SEAL kind=turn turn=157 unresolved=0
[brigade_assignment] Rehomed rs_1st_prnjavor_light_infantry into truthful sector owner sector:vrs_1st_krajina:5 (reserve)
[brigade_assignment] Rehomed rs_1st_trebava_infantry into truthful sector owner sector:vrs_1st_krajina:5 (reserve)
[brigade_assignment] Rehomed rs_1st_vujak_light_infantry into truthful sector owner sector:vrs_1st_krajina:5 (reserve)
[brigade_assignment] Rehomed rs_27th_derventa_motorized into truthful sector owner sector:vrs_1st_krajina:5 (reserve)
[brigade_assignment] Rehomed arbih_109th_mountain into truthful sector owner sector:arbih_1st_corps:3 (reserve)
[brigade_assignment] Rehomed arbih_181st_mountain into truthful sector owner sector:arbih_1st_corps:3 (reserve)
[brigade_assignment] Rehomed arbih_185th_light into truthful sector owner sector:arbih_1st_corps:0 (reserve)
[brigade_assignment] Rehomed hrhb_1st_brigade_mostar into truthful sector owner sector:hvo_southeast_herzegovina:0 (front)
[brigade_assignment] Rehomed hrhb_6th_brigade_ranko_boban into truthful sector owner sector:hvo_southeast_herzegovina:0 (front)
[brigade_assignment] Rehomed rs_1st_prnjavor_light_infantry into truthful sector owner sector:vrs_1st_krajina:5 (reserve)
[brigade_assignment] Rehomed rs_1st_trebava_infantry into truthful sector owner sector:vrs_1st_krajina:5 (reserve)
[brigade_assignment] Rehomed rs_1st_vujak_light_infantry into truthful sector owner sector:vrs_1st_krajina:5 (reserve)
[brigade_assignment] Rehomed rs_27th_derventa_motorized into truthful sector owner sector:vrs_1st_krajina:5 (reserve)
[brigade_assignment] Rehomed arbih_109th_mountain into truthful sector owner sector:arbih_1st_corps:3 (reserve)
[brigade_assignment] Rehomed arbih_181st_mountain into truthful sector owner sector:arbih_1st_corps:3 (reserve)
[brigade_assignment] Rehomed arbih_185th_light into truthful sector owner sector:arbih_1st_corps:0 (reserve)
[brigade_assignment] Rehomed rs_1st_prnjavor_light_infantry into truthful sector owner sector:vrs_1st_krajina:7 (reserve)
[brigade_assignment] Rehomed rs_1st_trebava_infantry into truthful sector owner sector:vrs_1st_krajina:7 (reserve)
[brigade_assignment] Rehomed rs_1st_vujak_light_infantry into truthful sector owner sector:vrs_1st_krajina:7 (reserve)
[brigade_assignment] Rehomed rs_27th_derventa_motorized into truthful sector owner sector:vrs_1st_krajina:7 (reserve)
[brigade_assignment] Rehomed rs_1st_prnjavor_light_infantry into truthful sector owner sector:vrs_1st_krajina:5 (reserve)
[brigade_assignment] Rehomed rs_1st_trebava_infantry into truthful sector owner sector:vrs_1st_krajina:5 (reserve)
[brigade_assignment] Rehomed rs_1st_vujak_light_infantry into truthful sector owner sector:vrs_1st_krajina:5 (reserve)
[brigade_assignment] Rehomed rs_27th_derventa_motorized into truthful sector owner sector:vrs_1st_krajina:5 (reserve)
[brigade_assignment] Rehomed arbih_109th_mountain into truthful sector owner sector:arbih_1st_corps:3 (reserve)
[brigade_assignment] Rehomed arbih_181st_mountain into truthful sector owner sector:arbih_1st_corps:3 (reserve)
[brigade_assignment] Rehomed arbih_185th_light into truthful sector owner sector:arbih_1st_corps:0 (reserve)
[brigade_assignment] Rehomed hrhb_1st_brigade_mostar into truthful sector owner sector:hvo_southeast_herzegovina:0 (front)
[brigade_assignment] Rehomed hrhb_6th_brigade_ranko_boban into truthful sector owner sector:hvo_southeast_herzegovina:0 (front)
[brigade_assignment] Rehomed rs_1st_prnjavor_light_infantry into truthful sector owner sector:vrs_1st_krajina:5 (reserve)
[brigade_assignment] Rehomed rs_1st_trebava_infantry into truthful sector owner sector:vrs_1st_krajina:5 (reserve)
[brigade_assignment] Rehomed rs_1st_vujak_light_infantry into truthful sector owner sector:vrs_1st_krajina:5 (reserve)
[brigade_assignment] Rehomed rs_27th_derventa_motorized into truthful sector owner sector:vrs_1st_krajina:5 (reserve)
[brigade_assignment] Rehomed arbih_109th_mountain into truthful sector owner sector:arbih_1st_corps:3 (reserve)
[brigade_assignment] Rehomed arbih_181st_mountain into truthful sector owner sector:arbih_1st_corps:3 (reserve)
[brigade_assignment] Rehomed arbih_185th_light into truthful sector owner sector:arbih_1st_corps:0 (reserve)
[brigade_assignment] Rehomed rs_1st_prnjavor_light_infantry into truthful sector owner sector:vrs_1st_krajina:7 (reserve)
[brigade_assignment] Rehomed rs_1st_trebava_infantry into truthful sector owner sector:vrs_1st_krajina:7 (reserve)
[brigade_assignment] Rehomed rs_1st_vujak_light_infantry into truthful sector owner sector:vrs_1st_krajina:7 (reserve)
[brigade_assignment] Rehomed rs_27th_derventa_motorized into truthful sector owner sector:vrs_1st_krajina:7 (reserve)
[brigade_assignment] FINAL_SEAL kind=turn turn=158 unresolved=0
[brigade_assignment] Rehomed rs_1st_prnjavor_light_infantry into truthful sector owner sector:vrs_1st_krajina:5 (reserve)
[brigade_assignment] Rehomed rs_1st_trebava_infantry into truthful sector owner sector:vrs_1st_krajina:5 (reserve)
[brigade_assignment] Rehomed rs_1st_vujak_light_infantry into truthful sector owner sector:vrs_1st_krajina:5 (reserve)
[brigade_assignment] Rehomed rs_27th_derventa_motorized into truthful sector owner sector:vrs_1st_krajina:5 (reserve)
[brigade_assignment] Rehomed arbih_109th_mountain into truthful sector owner sector:arbih_1st_corps:3 (reserve)
[brigade_assignment] Rehomed arbih_181st_mountain into truthful sector owner sector:arbih_1st_corps:3 (reserve)
[brigade_assignment] Rehomed arbih_185th_light into truthful sector owner sector:arbih_1st_corps:0 (reserve)
[brigade_assignment] Rehomed hrhb_1st_brigade_mostar into truthful sector owner sector:hvo_southeast_herzegovina:0 (front)
[brigade_assignment] Rehomed hrhb_6th_brigade_ranko_boban into truthful sector owner sector:hvo_southeast_herzegovina:0 (front)
[brigade_assignment] Rehomed rs_1st_prnjavor_light_infantry into truthful sector owner sector:vrs_1st_krajina:5 (reserve)
[brigade_assignment] Rehomed rs_1st_trebava_infantry into truthful sector owner sector:vrs_1st_krajina:5 (reserve)
[brigade_assignment] Rehomed rs_1st_vujak_light_infantry into truthful sector owner sector:vrs_1st_krajina:5 (reserve)
[brigade_assignment] Rehomed rs_27th_derventa_motorized into truthful sector owner sector:vrs_1st_krajina:5 (reserve)
[brigade_assignment] Rehomed arbih_109th_mountain into truthful sector owner sector:arbih_1st_corps:3 (reserve)
[brigade_assignment] Rehomed arbih_181st_mountain into truthful sector owner sector:arbih_1st_corps:3 (reserve)
[brigade_assignment] Rehomed arbih_185th_light into truthful sector owner sector:arbih_1st_corps:0 (reserve)
[brigade_assignment] Rehomed rs_1st_prnjavor_light_infantry into truthful sector owner sector:vrs_1st_krajina:7 (reserve)
[brigade_assignment] Rehomed rs_1st_trebava_infantry into truthful sector owner sector:vrs_1st_krajina:7 (reserve)
[brigade_assignment] Rehomed rs_1st_vujak_light_infantry into truthful sector owner sector:vrs_1st_krajina:7 (reserve)
[brigade_assignment] Rehomed rs_27th_derventa_motorized into truthful sector owner sector:vrs_1st_krajina:7 (reserve)
[brigade_assignment] Rehomed rs_1st_prnjavor_light_infantry into truthful sector owner sector:vrs_1st_krajina:5 (reserve)
[brigade_assignment] Rehomed rs_1st_trebava_infantry into truthful sector owner sector:vrs_1st_krajina:5 (reserve)
[brigade_assignment] Rehomed rs_1st_vujak_light_infantry into truthful sector owner sector:vrs_1st_krajina:5 (reserve)
[brigade_assignment] Rehomed rs_27th_derventa_motorized into truthful sector owner sector:vrs_1st_krajina:5 (reserve)
[brigade_assignment] Rehomed arbih_109th_mountain into truthful sector owner sector:arbih_1st_corps:3 (reserve)
[brigade_assignment] Rehomed arbih_181st_mountain into truthful sector owner sector:arbih_1st_corps:3 (reserve)
[brigade_assignment] Rehomed arbih_185th_light into truthful sector owner sector:arbih_1st_corps:0 (reserve)
[brigade_assignment] Rehomed hrhb_1st_brigade_mostar into truthful sector owner sector:hvo_southeast_herzegovina:0 (front)
[brigade_assignment] Rehomed hrhb_6th_brigade_ranko_boban into truthful sector owner sector:hvo_southeast_herzegovina:0 (front)
[brigade_assignment] Rehomed rs_1st_prnjavor_light_infantry into truthful sector owner sector:vrs_1st_krajina:5 (reserve)
[brigade_assignment] Rehomed rs_1st_trebava_infantry into truthful sector owner sector:vrs_1st_krajina:5 (reserve)
[brigade_assignment] Rehomed rs_1st_vujak_light_infantry into truthful sector owner sector:vrs_1st_krajina:5 (reserve)
[brigade_assignment] Rehomed rs_27th_derventa_motorized into truthful sector owner sector:vrs_1st_krajina:5 (reserve)
[brigade_assignment] Rehomed arbih_109th_mountain into truthful sector owner sector:arbih_1st_corps:3 (reserve)
[brigade_assignment] Rehomed arbih_181st_mountain into truthful sector owner sector:arbih_1st_corps:3 (reserve)
[brigade_assignment] Rehomed arbih_185th_light into truthful sector owner sector:arbih_1st_corps:0 (reserve)
[brigade_assignment] Rehomed rs_1st_prnjavor_light_infantry into truthful sector owner sector:vrs_1st_krajina:7 (reserve)
[brigade_assignment] Rehomed rs_1st_trebava_infantry into truthful sector owner sector:vrs_1st_krajina:7 (reserve)
[brigade_assignment] Rehomed rs_1st_vujak_light_infantry into truthful sector owner sector:vrs_1st_krajina:7 (reserve)
[brigade_assignment] Rehomed rs_27th_derventa_motorized into truthful sector owner sector:vrs_1st_krajina:7 (reserve)
[brigade_assignment] FINAL_SEAL kind=turn turn=159 unresolved=0
[brigade_assignment] Rehomed rs_1st_prnjavor_light_infantry into truthful sector owner sector:vrs_1st_krajina:5 (reserve)
[brigade_assignment] Rehomed rs_1st_trebava_infantry into truthful sector owner sector:vrs_1st_krajina:5 (reserve)
[brigade_assignment] Rehomed rs_1st_vujak_light_infantry into truthful sector owner sector:vrs_1st_krajina:5 (reserve)
[brigade_assignment] Rehomed rs_27th_derventa_motorized into truthful sector owner sector:vrs_1st_krajina:5 (reserve)
[brigade_assignment] Rehomed arbih_109th_mountain into truthful sector owner sector:arbih_1st_corps:3 (reserve)
[brigade_assignment] Rehomed arbih_181st_mountain into truthful sector owner sector:arbih_1st_corps:3 (reserve)
[brigade_assignment] Rehomed arbih_185th_light into truthful sector owner sector:arbih_1st_corps:0 (reserve)
[brigade_assignment] Rehomed hrhb_1st_brigade_mostar into truthful sector owner sector:hvo_southeast_herzegovina:0 (front)
[brigade_assignment] Rehomed hrhb_6th_brigade_ranko_boban into truthful sector owner sector:hvo_southeast_herzegovina:0 (front)
[brigade_assignment] Rehomed rs_1st_prnjavor_light_infantry into truthful sector owner sector:vrs_1st_krajina:5 (reserve)
[brigade_assignment] Rehomed rs_1st_trebava_infantry into truthful sector owner sector:vrs_1st_krajina:5 (reserve)
[brigade_assignment] Rehomed rs_1st_vujak_light_infantry into truthful sector owner sector:vrs_1st_krajina:5 (reserve)
[brigade_assignment] Rehomed rs_27th_derventa_motorized into truthful sector owner sector:vrs_1st_krajina:5 (reserve)
[brigade_assignment] Rehomed arbih_109th_mountain into truthful sector owner sector:arbih_1st_corps:3 (reserve)
[brigade_assignment] Rehomed arbih_181st_mountain into truthful sector owner sector:arbih_1st_corps:3 (reserve)
[brigade_assignment] Rehomed arbih_185th_light into truthful sector owner sector:arbih_1st_corps:0 (reserve)
[brigade_assignment] Rehomed rs_1st_prnjavor_light_infantry into truthful sector owner sector:vrs_1st_krajina:7 (reserve)
[brigade_assignment] Rehomed rs_1st_trebava_infantry into truthful sector owner sector:vrs_1st_krajina:7 (reserve)
[brigade_assignment] Rehomed rs_1st_vujak_light_infantry into truthful sector owner sector:vrs_1st_krajina:7 (reserve)
[brigade_assignment] Rehomed rs_27th_derventa_motorized into truthful sector owner sector:vrs_1st_krajina:7 (reserve)
[brigade_assignment] Rehomed rs_1st_prnjavor_light_infantry into truthful sector owner sector:vrs_1st_krajina:5 (reserve)
[brigade_assignment] Rehomed rs_1st_trebava_infantry into truthful sector owner sector:vrs_1st_krajina:5 (reserve)
[brigade_assignment] Rehomed rs_1st_vujak_light_infantry into truthful sector owner sector:vrs_1st_krajina:5 (reserve)
[brigade_assignment] Rehomed rs_27th_derventa_motorized into truthful sector owner sector:vrs_1st_krajina:5 (reserve)
[brigade_assignment] Rehomed arbih_109th_mountain into truthful sector owner sector:arbih_1st_corps:3 (reserve)
[brigade_assignment] Rehomed arbih_181st_mountain into truthful sector owner sector:arbih_1st_corps:3 (reserve)
[brigade_assignment] Rehomed arbih_185th_light into truthful sector owner sector:arbih_1st_corps:0 (reserve)
[brigade_assignment] Rehomed hrhb_1st_brigade_mostar into truthful sector owner sector:hvo_southeast_herzegovina:0 (front)
[brigade_assignment] Rehomed hrhb_6th_brigade_ranko_boban into truthful sector owner sector:hvo_southeast_herzegovina:0 (front)
[brigade_assignment] Rehomed rs_12th_kotorsko_light_infantry into truthful sector owner sector:vrs_1st_krajina:2 (front)
[brigade_assignment] Rehomed rs_1st_prnjavor_light_infantry into truthful sector owner sector:vrs_1st_krajina:5 (reserve)
[brigade_assignment] Rehomed rs_1st_trebava_infantry into truthful sector owner sector:vrs_1st_krajina:5 (reserve)
[brigade_assignment] Rehomed rs_1st_vujak_light_infantry into truthful sector owner sector:vrs_1st_krajina:5 (reserve)
[brigade_assignment] Rehomed rs_27th_derventa_motorized into truthful sector owner sector:vrs_1st_krajina:5 (reserve)
[brigade_assignment] Rehomed rs_7th_krajina_motorized into truthful sector owner sector:vrs_2nd_krajina:0 (reserve)
[brigade_assignment] Rehomed arbih_109th_mountain into truthful sector owner sector:arbih_1st_corps:3 (reserve)
[brigade_assignment] Rehomed arbih_181st_mountain into truthful sector owner sector:arbih_1st_corps:3 (reserve)
[brigade_assignment] Rehomed arbih_185th_light into truthful sector owner sector:arbih_1st_corps:0 (reserve)
[brigade_assignment] Rehomed rs_1st_prnjavor_light_infantry into truthful sector owner sector:vrs_1st_krajina:7 (reserve)
[brigade_assignment] Rehomed rs_1st_trebava_infantry into truthful sector owner sector:vrs_1st_krajina:7 (reserve)
[brigade_assignment] Rehomed rs_1st_vujak_light_infantry into truthful sector owner sector:vrs_1st_krajina:7 (reserve)
[brigade_assignment] Rehomed rs_27th_derventa_motorized into truthful sector owner sector:vrs_1st_krajina:7 (reserve)
[brigade_assignment] Rehomed rs_7th_krajina_motorized into truthful sector owner sector:vrs_2nd_krajina:0 (reserve)
[brigade_assignment] FINAL_SEAL kind=turn turn=160 unresolved=0
[brigade_assignment] Rehomed rs_1st_prnjavor_light_infantry into truthful sector owner sector:vrs_1st_krajina:5 (reserve)
[brigade_assignment] Rehomed rs_1st_trebava_infantry into truthful sector owner sector:vrs_1st_krajina:5 (reserve)
[brigade_assignment] Rehomed rs_1st_vujak_light_infantry into truthful sector owner sector:vrs_1st_krajina:5 (reserve)
[brigade_assignment] Rehomed rs_27th_derventa_motorized into truthful sector owner sector:vrs_1st_krajina:5 (reserve)
[brigade_assignment] Rehomed arbih_109th_mountain into truthful sector owner sector:arbih_1st_corps:3 (reserve)
[brigade_assignment] Rehomed arbih_181st_mountain into truthful sector owner sector:arbih_1st_corps:3 (reserve)
[brigade_assignment] Rehomed arbih_185th_light into truthful sector owner sector:arbih_1st_corps:0 (reserve)
[brigade_assignment] Rehomed hrhb_1st_herzegovina_brigade_knez_domagoj into truthful sector owner sector:hvo_southeast_herzegovina:0 (front)
[brigade_assignment] Rehomed hrhb_6th_brigade_ranko_boban into truthful sector owner sector:hvo_southeast_herzegovina:0 (front)
[brigade_assignment] Rehomed rs_12th_kotorsko_light_infantry into truthful sector owner sector:vrs_1st_krajina:2 (front)
[brigade_assignment] Rehomed rs_1st_prnjavor_light_infantry into truthful sector owner sector:vrs_1st_krajina:5 (reserve)
[brigade_assignment] Rehomed rs_1st_trebava_infantry into truthful sector owner sector:vrs_1st_krajina:5 (reserve)
[brigade_assignment] Rehomed rs_1st_vujak_light_infantry into truthful sector owner sector:vrs_1st_krajina:5 (reserve)
[brigade_assignment] Rehomed rs_27th_derventa_motorized into truthful sector owner sector:vrs_1st_krajina:5 (reserve)
[brigade_assignment] Rehomed rs_7th_krajina_motorized into truthful sector owner sector:vrs_2nd_krajina:0 (reserve)
[brigade_assignment] Rehomed arbih_109th_mountain into truthful sector owner sector:arbih_1st_corps:3 (reserve)
[brigade_assignment] Rehomed arbih_181st_mountain into truthful sector owner sector:arbih_1st_corps:3 (reserve)
[brigade_assignment] Rehomed arbih_185th_light into truthful sector owner sector:arbih_1st_corps:0 (reserve)
[brigade_assignment] Rehomed rs_1st_prnjavor_light_infantry into truthful sector owner sector:vrs_1st_krajina:7 (reserve)
[brigade_assignment] Rehomed rs_1st_trebava_infantry into truthful sector owner sector:vrs_1st_krajina:7 (reserve)
[brigade_assignment] Rehomed rs_1st_vujak_light_infantry into truthful sector owner sector:vrs_1st_krajina:7 (reserve)
[brigade_assignment] Rehomed rs_27th_derventa_motorized into truthful sector owner sector:vrs_1st_krajina:7 (reserve)
[brigade_assignment] Rehomed rs_7th_krajina_motorized into truthful sector owner sector:vrs_2nd_krajina:0 (reserve)
[brigade_assignment] Rehomed rs_1st_prnjavor_light_infantry into truthful sector owner sector:vrs_1st_krajina:5 (reserve)
[brigade_assignment] Rehomed rs_1st_trebava_infantry into truthful sector owner sector:vrs_1st_krajina:5 (reserve)
[brigade_assignment] Rehomed rs_1st_vujak_light_infantry into truthful sector owner sector:vrs_1st_krajina:5 (reserve)
[brigade_assignment] Rehomed rs_27th_derventa_motorized into truthful sector owner sector:vrs_1st_krajina:5 (reserve)
[brigade_assignment] Rehomed arbih_109th_mountain into truthful sector owner sector:arbih_1st_corps:3 (reserve)
[brigade_assignment] Rehomed arbih_181st_mountain into truthful sector owner sector:arbih_1st_corps:3 (reserve)
[brigade_assignment] Rehomed arbih_185th_light into truthful sector owner sector:arbih_1st_corps:0 (reserve)
[brigade_assignment] Rehomed hrhb_1st_herzegovina_brigade_knez_domagoj into truthful sector owner sector:hvo_southeast_herzegovina:0 (front)
[brigade_assignment] Rehomed hrhb_6th_brigade_ranko_boban into truthful sector owner sector:hvo_southeast_herzegovina:0 (front)
[brigade_assignment] Rehomed rs_12th_kotorsko_light_infantry into truthful sector owner sector:vrs_1st_krajina:2 (front)
[brigade_assignment] Rehomed rs_1st_prnjavor_light_infantry into truthful sector owner sector:vrs_1st_krajina:5 (reserve)
[brigade_assignment] Rehomed rs_1st_trebava_infantry into truthful sector owner sector:vrs_1st_krajina:5 (reserve)
[brigade_assignment] Rehomed rs_1st_vujak_light_infantry into truthful sector owner sector:vrs_1st_krajina:5 (reserve)
[brigade_assignment] Rehomed rs_27th_derventa_motorized into truthful sector owner sector:vrs_1st_krajina:5 (reserve)
[brigade_assignment] Rehomed rs_7th_krajina_motorized into truthful sector owner sector:vrs_2nd_krajina:0 (reserve)
[brigade_assignment] Rehomed arbih_109th_mountain into truthful sector owner sector:arbih_1st_corps:3 (reserve)
[brigade_assignment] Rehomed arbih_181st_mountain into truthful sector owner sector:arbih_1st_corps:3 (reserve)
[brigade_assignment] Rehomed arbih_185th_light into truthful sector owner sector:arbih_1st_corps:0 (reserve)
[brigade_assignment] Rehomed rs_1st_prnjavor_light_infantry into truthful sector owner sector:vrs_1st_krajina:7 (reserve)
[brigade_assignment] Rehomed rs_1st_trebava_infantry into truthful sector owner sector:vrs_1st_krajina:7 (reserve)
[brigade_assignment] Rehomed rs_1st_vujak_light_infantry into truthful sector owner sector:vrs_1st_krajina:7 (reserve)
[brigade_assignment] Rehomed rs_27th_derventa_motorized into truthful sector owner sector:vrs_1st_krajina:7 (reserve)
[brigade_assignment] Rehomed rs_7th_krajina_motorized into truthful sector owner sector:vrs_2nd_krajina:0 (reserve)
[brigade_assignment] FINAL_SEAL kind=turn turn=161 unresolved=0
[brigade_assignment] Rehomed rs_1st_prnjavor_light_infantry into truthful sector owner sector:vrs_1st_krajina:5 (reserve)
[brigade_assignment] Rehomed rs_1st_trebava_infantry into truthful sector owner sector:vrs_1st_krajina:5 (reserve)
[brigade_assignment] Rehomed rs_1st_vujak_light_infantry into truthful sector owner sector:vrs_1st_krajina:5 (reserve)
[brigade_assignment] Rehomed rs_27th_derventa_motorized into truthful sector owner sector:vrs_1st_krajina:5 (reserve)
[brigade_assignment] Rehomed arbih_109th_mountain into truthful sector owner sector:arbih_1st_corps:3 (reserve)
[brigade_assignment] Rehomed arbih_181st_mountain into truthful sector owner sector:arbih_1st_corps:3 (reserve)
[brigade_assignment] Rehomed arbih_185th_light into truthful sector owner sector:arbih_1st_corps:0 (reserve)
[brigade_assignment] Rehomed hrhb_6th_brigade_ranko_boban into truthful sector owner sector:hvo_southeast_herzegovina:0 (front)
[brigade_assignment] Rehomed rs_12th_kotorsko_light_infantry into truthful sector owner sector:vrs_1st_krajina:2 (front)
[brigade_assignment] Rehomed rs_1st_prnjavor_light_infantry into truthful sector owner sector:vrs_1st_krajina:5 (reserve)
[brigade_assignment] Rehomed rs_1st_trebava_infantry into truthful sector owner sector:vrs_1st_krajina:5 (reserve)
[brigade_assignment] Rehomed rs_1st_vujak_light_infantry into truthful sector owner sector:vrs_1st_krajina:5 (reserve)
[brigade_assignment] Rehomed rs_27th_derventa_motorized into truthful sector owner sector:vrs_1st_krajina:5 (reserve)
[brigade_assignment] Rehomed rs_7th_krajina_motorized into truthful sector owner sector:vrs_2nd_krajina:0 (reserve)
[brigade_assignment] Rehomed arbih_109th_mountain into truthful sector owner sector:arbih_1st_corps:3 (reserve)
[brigade_assignment] Rehomed arbih_181st_mountain into truthful sector owner sector:arbih_1st_corps:3 (reserve)
[brigade_assignment] Rehomed arbih_185th_light into truthful sector owner sector:arbih_1st_corps:0 (reserve)
[brigade_assignment] Rehomed rs_1st_prnjavor_light_infantry into truthful sector owner sector:vrs_1st_krajina:7 (reserve)
[brigade_assignment] Rehomed rs_1st_trebava_infantry into truthful sector owner sector:vrs_1st_krajina:7 (reserve)
[brigade_assignment] Rehomed rs_1st_vujak_light_infantry into truthful sector owner sector:vrs_1st_krajina:7 (reserve)
[brigade_assignment] Rehomed rs_27th_derventa_motorized into truthful sector owner sector:vrs_1st_krajina:7 (reserve)
[brigade_assignment] Rehomed rs_7th_krajina_motorized into truthful sector owner sector:vrs_2nd_krajina:0 (reserve)
[brigade_assignment] Rehomed rs_1st_prnjavor_light_infantry into truthful sector owner sector:vrs_1st_krajina:5 (reserve)
[brigade_assignment] Rehomed rs_1st_trebava_infantry into truthful sector owner sector:vrs_1st_krajina:5 (reserve)
[brigade_assignment] Rehomed rs_1st_vujak_light_infantry into truthful sector owner sector:vrs_1st_krajina:5 (reserve)
[brigade_assignment] Rehomed rs_27th_derventa_motorized into truthful sector owner sector:vrs_1st_krajina:5 (reserve)
[brigade_assignment] Rehomed arbih_109th_mountain into truthful sector owner sector:arbih_1st_corps:3 (reserve)
[brigade_assignment] Rehomed arbih_181st_mountain into truthful sector owner sector:arbih_1st_corps:3 (reserve)
[brigade_assignment] Rehomed arbih_185th_light into truthful sector owner sector:arbih_1st_corps:0 (reserve)
[brigade_assignment] Rehomed hrhb_6th_brigade_ranko_boban into truthful sector owner sector:hvo_southeast_herzegovina:0 (front)
[brigade_assignment] Rehomed rs_12th_kotorsko_light_infantry into truthful sector owner sector:vrs_1st_krajina:2 (front)
[brigade_assignment] Rehomed rs_1st_prnjavor_light_infantry into truthful sector owner sector:vrs_1st_krajina:5 (reserve)
[brigade_assignment] Rehomed rs_1st_trebava_infantry into truthful sector owner sector:vrs_1st_krajina:5 (reserve)
[brigade_assignment] Rehomed rs_1st_vujak_light_infantry into truthful sector owner sector:vrs_1st_krajina:5 (reserve)
[brigade_assignment] Rehomed rs_27th_derventa_motorized into truthful sector owner sector:vrs_1st_krajina:5 (reserve)
[brigade_assignment] Rehomed rs_7th_krajina_motorized into truthful sector owner sector:vrs_2nd_krajina:0 (reserve)
[brigade_assignment] Rehomed arbih_109th_mountain into truthful sector owner sector:arbih_1st_corps:3 (reserve)
[brigade_assignment] Rehomed arbih_181st_mountain into truthful sector owner sector:arbih_1st_corps:3 (reserve)
[brigade_assignment] Rehomed arbih_185th_light into truthful sector owner sector:arbih_1st_corps:0 (reserve)
[brigade_assignment] Rehomed rs_1st_prnjavor_light_infantry into truthful sector owner sector:vrs_1st_krajina:7 (reserve)
[brigade_assignment] Rehomed rs_1st_trebava_infantry into truthful sector owner sector:vrs_1st_krajina:7 (reserve)
[brigade_assignment] Rehomed rs_1st_vujak_light_infantry into truthful sector owner sector:vrs_1st_krajina:7 (reserve)
[brigade_assignment] Rehomed rs_27th_derventa_motorized into truthful sector owner sector:vrs_1st_krajina:7 (reserve)
[brigade_assignment] Rehomed rs_7th_krajina_motorized into truthful sector owner sector:vrs_2nd_krajina:0 (reserve)
[brigade_assignment] FINAL_SEAL kind=turn turn=162 unresolved=0
[brigade_assignment] Rehomed rs_1st_prnjavor_light_infantry into truthful sector owner sector:vrs_1st_krajina:5 (reserve)
[brigade_assignment] Rehomed rs_1st_trebava_infantry into truthful sector owner sector:vrs_1st_krajina:5 (reserve)
[brigade_assignment] Rehomed rs_1st_vujak_light_infantry into truthful sector owner sector:vrs_1st_krajina:5 (reserve)
[brigade_assignment] Rehomed rs_27th_derventa_motorized into truthful sector owner sector:vrs_1st_krajina:5 (reserve)
[brigade_assignment] Rehomed arbih_109th_mountain into truthful sector owner sector:arbih_1st_corps:3 (reserve)
[brigade_assignment] Rehomed arbih_181st_mountain into truthful sector owner sector:arbih_1st_corps:3 (reserve)
[brigade_assignment] Rehomed arbih_185th_light into truthful sector owner sector:arbih_1st_corps:0 (reserve)
[brigade_assignment] Rehomed hrhb_6th_brigade_ranko_boban into truthful sector owner sector:hvo_southeast_herzegovina:0 (front)
[brigade_assignment] Rehomed rs_12th_kotorsko_light_infantry into truthful sector owner sector:vrs_1st_krajina:2 (front)
[brigade_assignment] Rehomed rs_1st_prnjavor_light_infantry into truthful sector owner sector:vrs_1st_krajina:5 (reserve)
[brigade_assignment] Rehomed rs_1st_trebava_infantry into truthful sector owner sector:vrs_1st_krajina:5 (reserve)
[brigade_assignment] Rehomed rs_1st_vujak_light_infantry into truthful sector owner sector:vrs_1st_krajina:5 (reserve)
[brigade_assignment] Rehomed rs_27th_derventa_motorized into truthful sector owner sector:vrs_1st_krajina:5 (reserve)
[brigade_assignment] Rehomed rs_7th_krajina_motorized into truthful sector owner sector:vrs_2nd_krajina:0 (reserve)
[brigade_assignment] Rehomed arbih_109th_mountain into truthful sector owner sector:arbih_1st_corps:3 (reserve)
[brigade_assignment] Rehomed arbih_181st_mountain into truthful sector owner sector:arbih_1st_corps:3 (reserve)
[brigade_assignment] Rehomed arbih_185th_light into truthful sector owner sector:arbih_1st_corps:0 (reserve)
[brigade_assignment] Rehomed rs_1st_prnjavor_light_infantry into truthful sector owner sector:vrs_1st_krajina:7 (reserve)
[brigade_assignment] Rehomed rs_1st_trebava_infantry into truthful sector owner sector:vrs_1st_krajina:7 (reserve)
[brigade_assignment] Rehomed rs_1st_vujak_light_infantry into truthful sector owner sector:vrs_1st_krajina:7 (reserve)
[brigade_assignment] Rehomed rs_27th_derventa_motorized into truthful sector owner sector:vrs_1st_krajina:7 (reserve)
[brigade_assignment] Rehomed rs_7th_krajina_motorized into truthful sector owner sector:vrs_2nd_krajina:0 (reserve)
[brigade_assignment] Rehomed rs_1st_prnjavor_light_infantry into truthful sector owner sector:vrs_1st_krajina:5 (reserve)
[brigade_assignment] Rehomed rs_1st_trebava_infantry into truthful sector owner sector:vrs_1st_krajina:5 (reserve)
[brigade_assignment] Rehomed rs_1st_vujak_light_infantry into truthful sector owner sector:vrs_1st_krajina:5 (reserve)
[brigade_assignment] Rehomed rs_27th_derventa_motorized into truthful sector owner sector:vrs_1st_krajina:5 (reserve)
[brigade_assignment] Rehomed arbih_109th_mountain into truthful sector owner sector:arbih_1st_corps:3 (reserve)
[brigade_assignment] Rehomed arbih_181st_mountain into truthful sector owner sector:arbih_1st_corps:3 (reserve)
[brigade_assignment] Rehomed arbih_185th_light into truthful sector owner sector:arbih_1st_corps:0 (reserve)
[brigade_assignment] Rehomed hrhb_6th_brigade_ranko_boban into truthful sector owner sector:hvo_southeast_herzegovina:0 (front)
[brigade_assignment] Rehomed rs_12th_kotorsko_light_infantry into truthful sector owner sector:vrs_1st_krajina:2 (front)
[brigade_assignment] Rehomed rs_1st_prnjavor_light_infantry into truthful sector owner sector:vrs_1st_krajina:5 (reserve)
[brigade_assignment] Rehomed rs_1st_trebava_infantry into truthful sector owner sector:vrs_1st_krajina:5 (reserve)
[brigade_assignment] Rehomed rs_1st_vujak_light_infantry into truthful sector owner sector:vrs_1st_krajina:5 (reserve)
[brigade_assignment] Rehomed rs_27th_derventa_motorized into truthful sector owner sector:vrs_1st_krajina:5 (reserve)
[brigade_assignment] Rehomed rs_7th_krajina_motorized into truthful sector owner sector:vrs_2nd_krajina:0 (reserve)
[brigade_assignment] Rehomed arbih_109th_mountain into truthful sector owner sector:arbih_1st_corps:3 (reserve)
[brigade_assignment] Rehomed arbih_181st_mountain into truthful sector owner sector:arbih_1st_corps:3 (reserve)
[brigade_assignment] Rehomed arbih_185th_light into truthful sector owner sector:arbih_1st_corps:0 (reserve)
[brigade_assignment] Rehomed rs_1st_prnjavor_light_infantry into truthful sector owner sector:vrs_1st_krajina:7 (reserve)
[brigade_assignment] Rehomed rs_1st_trebava_infantry into truthful sector owner sector:vrs_1st_krajina:7 (reserve)
[brigade_assignment] Rehomed rs_1st_vujak_light_infantry into truthful sector owner sector:vrs_1st_krajina:7 (reserve)
[brigade_assignment] Rehomed rs_27th_derventa_motorized into truthful sector owner sector:vrs_1st_krajina:7 (reserve)
[brigade_assignment] Rehomed rs_7th_krajina_motorized into truthful sector owner sector:vrs_2nd_krajina:0 (reserve)
[brigade_assignment] FINAL_SEAL kind=turn turn=163 unresolved=0
[brigade_assignment] Rehomed rs_1st_prnjavor_light_infantry into truthful sector owner sector:vrs_1st_krajina:5 (reserve)
[brigade_assignment] Rehomed rs_1st_trebava_infantry into truthful sector owner sector:vrs_1st_krajina:5 (reserve)
[brigade_assignment] Rehomed rs_1st_vujak_light_infantry into truthful sector owner sector:vrs_1st_krajina:5 (reserve)
[brigade_assignment] Rehomed rs_27th_derventa_motorized into truthful sector owner sector:vrs_1st_krajina:5 (reserve)
[brigade_assignment] Rehomed arbih_109th_mountain into truthful sector owner sector:arbih_1st_corps:3 (reserve)
[brigade_assignment] Rehomed arbih_181st_mountain into truthful sector owner sector:arbih_1st_corps:3 (reserve)
[brigade_assignment] Rehomed arbih_185th_light into truthful sector owner sector:arbih_1st_corps:0 (reserve)
[brigade_assignment] Rehomed hrhb_1st_brigade_mostar into truthful sector owner sector:hvo_southeast_herzegovina:0 (front)
[brigade_assignment] Rehomed hrhb_6th_brigade_ranko_boban into truthful sector owner sector:hvo_southeast_herzegovina:0 (front)
[brigade_assignment] Rehomed rs_12th_kotorsko_light_infantry into truthful sector owner sector:vrs_1st_krajina:2 (front)
[brigade_assignment] Rehomed rs_1st_prnjavor_light_infantry into truthful sector owner sector:vrs_1st_krajina:5 (reserve)
[brigade_assignment] Rehomed rs_1st_trebava_infantry into truthful sector owner sector:vrs_1st_krajina:5 (reserve)
[brigade_assignment] Rehomed rs_1st_vujak_light_infantry into truthful sector owner sector:vrs_1st_krajina:5 (reserve)
[brigade_assignment] Rehomed rs_27th_derventa_motorized into truthful sector owner sector:vrs_1st_krajina:5 (reserve)
[brigade_assignment] Rehomed arbih_109th_mountain into truthful sector owner sector:arbih_1st_corps:3 (reserve)
[brigade_assignment] Rehomed arbih_181st_mountain into truthful sector owner sector:arbih_1st_corps:3 (reserve)
[brigade_assignment] Rehomed arbih_185th_light into truthful sector owner sector:arbih_1st_corps:0 (reserve)
[brigade_assignment] Rehomed rs_1st_prnjavor_light_infantry into truthful sector owner sector:vrs_1st_krajina:7 (reserve)
[brigade_assignment] Rehomed rs_1st_trebava_infantry into truthful sector owner sector:vrs_1st_krajina:7 (reserve)
[brigade_assignment] Rehomed rs_1st_vujak_light_infantry into truthful sector owner sector:vrs_1st_krajina:7 (reserve)
[brigade_assignment] Rehomed rs_27th_derventa_motorized into truthful sector owner sector:vrs_1st_krajina:7 (reserve)
[brigade_assignment] Rehomed rs_1st_prnjavor_light_infantry into truthful sector owner sector:vrs_1st_krajina:5 (reserve)
[brigade_assignment] Rehomed rs_1st_trebava_infantry into truthful sector owner sector:vrs_1st_krajina:5 (reserve)
[brigade_assignment] Rehomed rs_1st_vujak_light_infantry into truthful sector owner sector:vrs_1st_krajina:5 (reserve)
[brigade_assignment] Rehomed rs_27th_derventa_motorized into truthful sector owner sector:vrs_1st_krajina:5 (reserve)
[brigade_assignment] Rehomed arbih_109th_mountain into truthful sector owner sector:arbih_1st_corps:3 (reserve)
[brigade_assignment] Rehomed arbih_181st_mountain into truthful sector owner sector:arbih_1st_corps:3 (reserve)
[brigade_assignment] Rehomed arbih_185th_light into truthful sector owner sector:arbih_1st_corps:0 (reserve)
[brigade_assignment] Rehomed hrhb_1st_brigade_mostar into truthful sector owner sector:hvo_southeast_herzegovina:0 (front)
[brigade_assignment] Rehomed hrhb_6th_brigade_ranko_boban into truthful sector owner sector:hvo_southeast_herzegovina:0 (front)
[brigade_assignment] Rehomed rs_12th_kotorsko_light_infantry into truthful sector owner sector:vrs_1st_krajina:2 (front)
[brigade_assignment] Rehomed rs_1st_prnjavor_light_infantry into truthful sector owner sector:vrs_1st_krajina:5 (reserve)
[brigade_assignment] Rehomed rs_1st_trebava_infantry into truthful sector owner sector:vrs_1st_krajina:5 (reserve)
[brigade_assignment] Rehomed rs_1st_vujak_light_infantry into truthful sector owner sector:vrs_1st_krajina:5 (reserve)
[brigade_assignment] Rehomed rs_27th_derventa_motorized into truthful sector owner sector:vrs_1st_krajina:5 (reserve)
[brigade_assignment] Rehomed arbih_109th_mountain into truthful sector owner sector:arbih_1st_corps:3 (reserve)
[brigade_assignment] Rehomed arbih_181st_mountain into truthful sector owner sector:arbih_1st_corps:3 (reserve)
[brigade_assignment] Rehomed arbih_185th_light into truthful sector owner sector:arbih_1st_corps:0 (reserve)
[brigade_assignment] Rehomed rs_1st_prnjavor_light_infantry into truthful sector owner sector:vrs_1st_krajina:7 (reserve)
[brigade_assignment] Rehomed rs_1st_trebava_infantry into truthful sector owner sector:vrs_1st_krajina:7 (reserve)
[brigade_assignment] Rehomed rs_1st_vujak_light_infantry into truthful sector owner sector:vrs_1st_krajina:7 (reserve)
[brigade_assignment] Rehomed rs_27th_derventa_motorized into truthful sector owner sector:vrs_1st_krajina:7 (reserve)
[brigade_assignment] FINAL_SEAL kind=turn turn=164 unresolved=0
[brigade_assignment] Rehomed rs_1st_prnjavor_light_infantry into truthful sector owner sector:vrs_1st_krajina:5 (reserve)
[brigade_assignment] Rehomed rs_1st_trebava_infantry into truthful sector owner sector:vrs_1st_krajina:5 (reserve)
[brigade_assignment] Rehomed rs_1st_vujak_light_infantry into truthful sector owner sector:vrs_1st_krajina:5 (reserve)
[brigade_assignment] Rehomed rs_27th_derventa_motorized into truthful sector owner sector:vrs_1st_krajina:5 (reserve)
[brigade_assignment] Rehomed arbih_109th_mountain into truthful sector owner sector:arbih_1st_corps:3 (reserve)
[brigade_assignment] Rehomed arbih_181st_mountain into truthful sector owner sector:arbih_1st_corps:3 (reserve)
[brigade_assignment] Rehomed arbih_185th_light into truthful sector owner sector:arbih_1st_corps:0 (reserve)
[brigade_assignment] Rehomed hrhb_1st_brigade_mostar into truthful sector owner sector:hvo_southeast_herzegovina:0 (front)
[brigade_assignment] Rehomed hrhb_6th_brigade_ranko_boban into truthful sector owner sector:hvo_southeast_herzegovina:0 (front)
[brigade_assignment] Rehomed rs_1st_prnjavor_light_infantry into truthful sector owner sector:vrs_1st_krajina:5 (reserve)
[brigade_assignment] Rehomed rs_1st_trebava_infantry into truthful sector owner sector:vrs_1st_krajina:5 (reserve)
[brigade_assignment] Rehomed rs_1st_vujak_light_infantry into truthful sector owner sector:vrs_1st_krajina:5 (reserve)
[brigade_assignment] Rehomed rs_27th_derventa_motorized into truthful sector owner sector:vrs_1st_krajina:5 (reserve)
[brigade_assignment] Rehomed arbih_109th_mountain into truthful sector owner sector:arbih_1st_corps:3 (reserve)
[brigade_assignment] Rehomed arbih_181st_mountain into truthful sector owner sector:arbih_1st_corps:3 (reserve)
[brigade_assignment] Rehomed arbih_185th_light into truthful sector owner sector:arbih_1st_corps:0 (reserve)
[brigade_assignment] Rehomed rs_1st_prnjavor_light_infantry into truthful sector owner sector:vrs_1st_krajina:7 (reserve)
[brigade_assignment] Rehomed rs_1st_trebava_infantry into truthful sector owner sector:vrs_1st_krajina:7 (reserve)
[brigade_assignment] Rehomed rs_1st_vujak_light_infantry into truthful sector owner sector:vrs_1st_krajina:7 (reserve)
[brigade_assignment] Rehomed rs_27th_derventa_motorized into truthful sector owner sector:vrs_1st_krajina:7 (reserve)
[brigade_assignment] Rehomed rs_1st_prnjavor_light_infantry into truthful sector owner sector:vrs_1st_krajina:5 (reserve)
[brigade_assignment] Rehomed rs_1st_trebava_infantry into truthful sector owner sector:vrs_1st_krajina:5 (reserve)
[brigade_assignment] Rehomed rs_1st_vujak_light_infantry into truthful sector owner sector:vrs_1st_krajina:5 (reserve)
[brigade_assignment] Rehomed rs_27th_derventa_motorized into truthful sector owner sector:vrs_1st_krajina:5 (reserve)
[brigade_assignment] Rehomed arbih_109th_mountain into truthful sector owner sector:arbih_1st_corps:3 (reserve)
[brigade_assignment] Rehomed arbih_181st_mountain into truthful sector owner sector:arbih_1st_corps:3 (reserve)
[brigade_assignment] Rehomed arbih_185th_light into truthful sector owner sector:arbih_1st_corps:0 (reserve)
[brigade_assignment] Rehomed hrhb_1st_brigade_mostar into truthful sector owner sector:hvo_southeast_herzegovina:0 (front)
[brigade_assignment] Rehomed hrhb_6th_brigade_ranko_boban into truthful sector owner sector:hvo_southeast_herzegovina:0 (front)
[brigade_assignment] Rehomed rs_1st_prnjavor_light_infantry into truthful sector owner sector:vrs_1st_krajina:5 (reserve)
[brigade_assignment] Rehomed rs_1st_trebava_infantry into truthful sector owner sector:vrs_1st_krajina:5 (reserve)
[brigade_assignment] Rehomed rs_1st_vujak_light_infantry into truthful sector owner sector:vrs_1st_krajina:5 (reserve)
[brigade_assignment] Rehomed rs_27th_derventa_motorized into truthful sector owner sector:vrs_1st_krajina:5 (reserve)
[brigade_assignment] Rehomed arbih_109th_mountain into truthful sector owner sector:arbih_1st_corps:3 (reserve)
[brigade_assignment] Rehomed arbih_181st_mountain into truthful sector owner sector:arbih_1st_corps:3 (reserve)
[brigade_assignment] Rehomed arbih_185th_light into truthful sector owner sector:arbih_1st_corps:0 (reserve)
[brigade_assignment] Rehomed rs_1st_prnjavor_light_infantry into truthful sector owner sector:vrs_1st_krajina:7 (reserve)
[brigade_assignment] Rehomed rs_1st_trebava_infantry into truthful sector owner sector:vrs_1st_krajina:7 (reserve)
[brigade_assignment] Rehomed rs_1st_vujak_light_infantry into truthful sector owner sector:vrs_1st_krajina:7 (reserve)
[brigade_assignment] Rehomed rs_27th_derventa_motorized into truthful sector owner sector:vrs_1st_krajina:7 (reserve)
[brigade_assignment] FINAL_SEAL kind=turn turn=165 unresolved=0
[brigade_assignment] Rehomed rs_1st_prnjavor_light_infantry into truthful sector owner sector:vrs_1st_krajina:5 (reserve)
[brigade_assignment] Rehomed rs_1st_trebava_infantry into truthful sector owner sector:vrs_1st_krajina:5 (reserve)
[brigade_assignment] Rehomed rs_1st_vujak_light_infantry into truthful sector owner sector:vrs_1st_krajina:5 (reserve)
[brigade_assignment] Rehomed rs_27th_derventa_motorized into truthful sector owner sector:vrs_1st_krajina:5 (reserve)
[brigade_assignment] Rehomed arbih_109th_mountain into truthful sector owner sector:arbih_1st_corps:3 (reserve)
[brigade_assignment] Rehomed arbih_181st_mountain into truthful sector owner sector:arbih_1st_corps:3 (reserve)
[brigade_assignment] Rehomed arbih_185th_light into truthful sector owner sector:arbih_1st_corps:0 (reserve)
[brigade_assignment] Rehomed hrhb_1st_brigade_mostar into truthful sector owner sector:hvo_southeast_herzegovina:0 (front)
[brigade_assignment] Rehomed hrhb_6th_brigade_ranko_boban into truthful sector owner sector:hvo_southeast_herzegovina:0 (front)
[brigade_assignment] Rehomed rs_1st_prnjavor_light_infantry into truthful sector owner sector:vrs_1st_krajina:5 (reserve)
[brigade_assignment] Rehomed rs_1st_trebava_infantry into truthful sector owner sector:vrs_1st_krajina:5 (reserve)
[brigade_assignment] Rehomed rs_1st_vujak_light_infantry into truthful sector owner sector:vrs_1st_krajina:5 (reserve)
[brigade_assignment] Rehomed rs_27th_derventa_motorized into truthful sector owner sector:vrs_1st_krajina:5 (reserve)
[brigade_assignment] Rehomed arbih_109th_mountain into truthful sector owner sector:arbih_1st_corps:3 (reserve)
[brigade_assignment] Rehomed arbih_181st_mountain into truthful sector owner sector:arbih_1st_corps:3 (reserve)
[brigade_assignment] Rehomed arbih_185th_light into truthful sector owner sector:arbih_1st_corps:0 (reserve)
[brigade_assignment] Rehomed rs_1st_prnjavor_light_infantry into truthful sector owner sector:vrs_1st_krajina:7 (reserve)
[brigade_assignment] Rehomed rs_1st_trebava_infantry into truthful sector owner sector:vrs_1st_krajina:7 (reserve)
[brigade_assignment] Rehomed rs_1st_vujak_light_infantry into truthful sector owner sector:vrs_1st_krajina:7 (reserve)
[brigade_assignment] Rehomed rs_27th_derventa_motorized into truthful sector owner sector:vrs_1st_krajina:7 (reserve)
[brigade_assignment] Rehomed rs_1st_prnjavor_light_infantry into truthful sector owner sector:vrs_1st_krajina:5 (reserve)
[brigade_assignment] Rehomed rs_1st_trebava_infantry into truthful sector owner sector:vrs_1st_krajina:5 (reserve)
[brigade_assignment] Rehomed rs_1st_vujak_light_infantry into truthful sector owner sector:vrs_1st_krajina:5 (reserve)
[brigade_assignment] Rehomed rs_27th_derventa_motorized into truthful sector owner sector:vrs_1st_krajina:5 (reserve)
[brigade_assignment] Rehomed arbih_109th_mountain into truthful sector owner sector:arbih_1st_corps:3 (reserve)
[brigade_assignment] Rehomed arbih_181st_mountain into truthful sector owner sector:arbih_1st_corps:3 (reserve)
[brigade_assignment] Rehomed arbih_185th_light into truthful sector owner sector:arbih_1st_corps:0 (reserve)
[brigade_assignment] Rehomed hrhb_1st_brigade_mostar into truthful sector owner sector:hvo_southeast_herzegovina:0 (front)
[brigade_assignment] Rehomed hrhb_6th_brigade_ranko_boban into truthful sector owner sector:hvo_southeast_herzegovina:0 (front)
[brigade_assignment] Rehomed rs_1st_prnjavor_light_infantry into truthful sector owner sector:vrs_1st_krajina:5 (reserve)
[brigade_assignment] Rehomed rs_1st_trebava_infantry into truthful sector owner sector:vrs_1st_krajina:5 (reserve)
[brigade_assignment] Rehomed rs_1st_vujak_light_infantry into truthful sector owner sector:vrs_1st_krajina:5 (reserve)
[brigade_assignment] Rehomed rs_27th_derventa_motorized into truthful sector owner sector:vrs_1st_krajina:5 (reserve)
[brigade_assignment] Rehomed arbih_109th_mountain into truthful sector owner sector:arbih_1st_corps:3 (reserve)
[brigade_assignment] Rehomed arbih_181st_mountain into truthful sector owner sector:arbih_1st_corps:3 (reserve)
[brigade_assignment] Rehomed arbih_185th_light into truthful sector owner sector:arbih_1st_corps:0 (reserve)
[brigade_assignment] Rehomed rs_1st_prnjavor_light_infantry into truthful sector owner sector:vrs_1st_krajina:7 (reserve)
[brigade_assignment] Rehomed rs_1st_trebava_infantry into truthful sector owner sector:vrs_1st_krajina:7 (reserve)
[brigade_assignment] Rehomed rs_1st_vujak_light_infantry into truthful sector owner sector:vrs_1st_krajina:7 (reserve)
[brigade_assignment] Rehomed rs_27th_derventa_motorized into truthful sector owner sector:vrs_1st_krajina:7 (reserve)
[brigade_assignment] FINAL_SEAL kind=turn turn=166 unresolved=0
[brigade_assignment] Rehomed rs_1st_prnjavor_light_infantry into truthful sector owner sector:vrs_1st_krajina:5 (reserve)
[brigade_assignment] Rehomed rs_1st_trebava_infantry into truthful sector owner sector:vrs_1st_krajina:5 (reserve)
[brigade_assignment] Rehomed rs_1st_vujak_light_infantry into truthful sector owner sector:vrs_1st_krajina:5 (reserve)
[brigade_assignment] Rehomed rs_27th_derventa_motorized into truthful sector owner sector:vrs_1st_krajina:5 (reserve)
[brigade_assignment] Rehomed arbih_109th_mountain into truthful sector owner sector:arbih_1st_corps:3 (reserve)
[brigade_assignment] Rehomed arbih_181st_mountain into truthful sector owner sector:arbih_1st_corps:3 (reserve)
[brigade_assignment] Rehomed arbih_185th_light into truthful sector owner sector:arbih_1st_corps:0 (reserve)
[brigade_assignment] Rehomed hrhb_1st_herzegovina_brigade_knez_domagoj into truthful sector owner sector:hvo_southeast_herzegovina:0 (front)
[brigade_assignment] Rehomed hrhb_6th_brigade_ranko_boban into truthful sector owner sector:hvo_southeast_herzegovina:0 (front)
[brigade_assignment] Rehomed rs_1st_prnjavor_light_infantry into truthful sector owner sector:vrs_1st_krajina:5 (reserve)
[brigade_assignment] Rehomed rs_1st_trebava_infantry into truthful sector owner sector:vrs_1st_krajina:5 (reserve)
[brigade_assignment] Rehomed rs_1st_vujak_light_infantry into truthful sector owner sector:vrs_1st_krajina:5 (reserve)
[brigade_assignment] Rehomed rs_27th_derventa_motorized into truthful sector owner sector:vrs_1st_krajina:5 (reserve)
[brigade_assignment] Rehomed arbih_109th_mountain into truthful sector owner sector:arbih_1st_corps:3 (reserve)
[brigade_assignment] Rehomed arbih_181st_mountain into truthful sector owner sector:arbih_1st_corps:3 (reserve)
[brigade_assignment] Rehomed arbih_185th_light into truthful sector owner sector:arbih_1st_corps:0 (reserve)
[brigade_assignment] Rehomed rs_1st_prnjavor_light_infantry into truthful sector owner sector:vrs_1st_krajina:7 (reserve)
[brigade_assignment] Rehomed rs_1st_trebava_infantry into truthful sector owner sector:vrs_1st_krajina:7 (reserve)
[brigade_assignment] Rehomed rs_1st_vujak_light_infantry into truthful sector owner sector:vrs_1st_krajina:7 (reserve)
[brigade_assignment] Rehomed rs_27th_derventa_motorized into truthful sector owner sector:vrs_1st_krajina:7 (reserve)
[brigade_assignment] Rehomed rs_1st_prnjavor_light_infantry into truthful sector owner sector:vrs_1st_krajina:5 (reserve)
[brigade_assignment] Rehomed rs_1st_trebava_infantry into truthful sector owner sector:vrs_1st_krajina:5 (reserve)
[brigade_assignment] Rehomed rs_1st_vujak_light_infantry into truthful sector owner sector:vrs_1st_krajina:5 (reserve)
[brigade_assignment] Rehomed rs_27th_derventa_motorized into truthful sector owner sector:vrs_1st_krajina:5 (reserve)
[brigade_assignment] Rehomed arbih_109th_mountain into truthful sector owner sector:arbih_1st_corps:3 (reserve)
[brigade_assignment] Rehomed arbih_181st_mountain into truthful sector owner sector:arbih_1st_corps:3 (reserve)
[brigade_assignment] Rehomed arbih_185th_light into truthful sector owner sector:arbih_1st_corps:0 (reserve)
[brigade_assignment] Rehomed hrhb_1st_herzegovina_brigade_knez_domagoj into truthful sector owner sector:hvo_southeast_herzegovina:0 (front)
[brigade_assignment] Rehomed hrhb_6th_brigade_ranko_boban into truthful sector owner sector:hvo_southeast_herzegovina:0 (front)
[brigade_assignment] Rehomed rs_1st_prnjavor_light_infantry into truthful sector owner sector:vrs_1st_krajina:5 (reserve)
[brigade_assignment] Rehomed rs_1st_trebava_infantry into truthful sector owner sector:vrs_1st_krajina:5 (reserve)
[brigade_assignment] Rehomed rs_1st_vujak_light_infantry into truthful sector owner sector:vrs_1st_krajina:5 (reserve)
[brigade_assignment] Rehomed rs_27th_derventa_motorized into truthful sector owner sector:vrs_1st_krajina:5 (reserve)
[brigade_assignment] Rehomed arbih_109th_mountain into truthful sector owner sector:arbih_1st_corps:3 (reserve)
[brigade_assignment] Rehomed arbih_181st_mountain into truthful sector owner sector:arbih_1st_corps:3 (reserve)
[brigade_assignment] Rehomed arbih_185th_light into truthful sector owner sector:arbih_1st_corps:0 (reserve)
[brigade_assignment] Rehomed rs_1st_prnjavor_light_infantry into truthful sector owner sector:vrs_1st_krajina:7 (reserve)
[brigade_assignment] Rehomed rs_1st_trebava_infantry into truthful sector owner sector:vrs_1st_krajina:7 (reserve)
[brigade_assignment] Rehomed rs_1st_vujak_light_infantry into truthful sector owner sector:vrs_1st_krajina:7 (reserve)
[brigade_assignment] Rehomed rs_27th_derventa_motorized into truthful sector owner sector:vrs_1st_krajina:7 (reserve)
[brigade_assignment] FINAL_SEAL kind=turn turn=167 unresolved=0
[brigade_assignment] Rehomed rs_1st_prnjavor_light_infantry into truthful sector owner sector:vrs_1st_krajina:5 (reserve)
[brigade_assignment] Rehomed rs_1st_trebava_infantry into truthful sector owner sector:vrs_1st_krajina:5 (reserve)
[brigade_assignment] Rehomed rs_1st_vujak_light_infantry into truthful sector owner sector:vrs_1st_krajina:5 (reserve)
[brigade_assignment] Rehomed rs_27th_derventa_motorized into truthful sector owner sector:vrs_1st_krajina:5 (reserve)
[brigade_assignment] Rehomed arbih_109th_mountain into truthful sector owner sector:arbih_1st_corps:3 (reserve)
[brigade_assignment] Rehomed arbih_181st_mountain into truthful sector owner sector:arbih_1st_corps:3 (reserve)
[brigade_assignment] Rehomed arbih_185th_light into truthful sector owner sector:arbih_1st_corps:0 (reserve)
[brigade_assignment] Rehomed hrhb_6th_brigade_ranko_boban into truthful sector owner sector:hvo_southeast_herzegovina:0 (front)
[brigade_assignment] Rehomed rs_1st_prnjavor_light_infantry into truthful sector owner sector:vrs_1st_krajina:5 (reserve)
[brigade_assignment] Rehomed rs_1st_trebava_infantry into truthful sector owner sector:vrs_1st_krajina:5 (reserve)
[brigade_assignment] Rehomed rs_1st_vujak_light_infantry into truthful sector owner sector:vrs_1st_krajina:5 (reserve)
[brigade_assignment] Rehomed rs_27th_derventa_motorized into truthful sector owner sector:vrs_1st_krajina:5 (reserve)
[brigade_assignment] Rehomed arbih_109th_mountain into truthful sector owner sector:arbih_1st_corps:3 (reserve)
[brigade_assignment] Rehomed arbih_181st_mountain into truthful sector owner sector:arbih_1st_corps:3 (reserve)
[brigade_assignment] Rehomed arbih_185th_light into truthful sector owner sector:arbih_1st_corps:0 (reserve)
[brigade_assignment] Rehomed rs_1st_prnjavor_light_infantry into truthful sector owner sector:vrs_1st_krajina:7 (reserve)
[brigade_assignment] Rehomed rs_1st_trebava_infantry into truthful sector owner sector:vrs_1st_krajina:7 (reserve)
[brigade_assignment] Rehomed rs_1st_vujak_light_infantry into truthful sector owner sector:vrs_1st_krajina:7 (reserve)
[brigade_assignment] Rehomed rs_27th_derventa_motorized into truthful sector owner sector:vrs_1st_krajina:7 (reserve)
[brigade_assignment] Rehomed arbih_1st_olovo into truthful sector owner sector:arbih_2nd_corps:0 (reserve)
[brigade_assignment] Rehomed rs_1st_prnjavor_light_infantry into truthful sector owner sector:vrs_1st_krajina:5 (reserve)
[brigade_assignment] Rehomed rs_1st_trebava_infantry into truthful sector owner sector:vrs_1st_krajina:5 (reserve)
[brigade_assignment] Rehomed rs_1st_vujak_light_infantry into truthful sector owner sector:vrs_1st_krajina:5 (reserve)
[brigade_assignment] Rehomed rs_27th_derventa_motorized into truthful sector owner sector:vrs_1st_krajina:5 (reserve)
[brigade_assignment] Rehomed arbih_109th_mountain into truthful sector owner sector:arbih_1st_corps:4 (reserve)
[brigade_assignment] Rehomed arbih_181st_mountain into truthful sector owner sector:arbih_1st_corps:4 (reserve)
[brigade_assignment] Rehomed arbih_185th_light into truthful sector owner sector:arbih_1st_corps:2 (reserve)
[brigade_assignment] Rehomed arbih_1st_olovo into truthful sector owner sector:arbih_2nd_corps:0 (reserve)
[brigade_assignment] Rehomed hrhb_6th_brigade_ranko_boban into truthful sector owner sector:hvo_southeast_herzegovina:0 (front)
[brigade_assignment] Rehomed rs_1st_prnjavor_light_infantry into truthful sector owner sector:vrs_1st_krajina:5 (reserve)
[brigade_assignment] Rehomed rs_1st_trebava_infantry into truthful sector owner sector:vrs_1st_krajina:5 (reserve)
[brigade_assignment] Rehomed rs_1st_vujak_light_infantry into truthful sector owner sector:vrs_1st_krajina:5 (reserve)
[brigade_assignment] Rehomed rs_27th_derventa_motorized into truthful sector owner sector:vrs_1st_krajina:5 (reserve)
[brigade_assignment] Rehomed arbih_109th_mountain into truthful sector owner sector:arbih_1st_corps:4 (reserve)
[brigade_assignment] Rehomed arbih_181st_mountain into truthful sector owner sector:arbih_1st_corps:4 (reserve)
[brigade_assignment] Rehomed arbih_185th_light into truthful sector owner sector:arbih_1st_corps:2 (reserve)
[brigade_assignment] Rehomed arbih_1st_olovo into truthful sector owner sector:arbih_2nd_corps:0 (reserve)
[brigade_assignment] Rehomed rs_1st_prnjavor_light_infantry into truthful sector owner sector:vrs_1st_krajina:7 (reserve)
[brigade_assignment] Rehomed rs_1st_trebava_infantry into truthful sector owner sector:vrs_1st_krajina:7 (reserve)
[brigade_assignment] Rehomed rs_1st_vujak_light_infantry into truthful sector owner sector:vrs_1st_krajina:7 (reserve)
[brigade_assignment] Rehomed rs_27th_derventa_motorized into truthful sector owner sector:vrs_1st_krajina:7 (reserve)
[brigade_assignment] FINAL_SEAL kind=turn turn=168 unresolved=0
[brigade_assignment] Rehomed arbih_1st_olovo into truthful sector owner sector:arbih_2nd_corps:0 (reserve)
[brigade_assignment] Rehomed rs_1st_prnjavor_light_infantry into truthful sector owner sector:vrs_1st_krajina:5 (reserve)
[brigade_assignment] Rehomed rs_1st_trebava_infantry into truthful sector owner sector:vrs_1st_krajina:5 (reserve)
[brigade_assignment] Rehomed rs_1st_vujak_light_infantry into truthful sector owner sector:vrs_1st_krajina:5 (reserve)
[brigade_assignment] Rehomed rs_27th_derventa_motorized into truthful sector owner sector:vrs_1st_krajina:5 (reserve)
[brigade_assignment] Rehomed arbih_109th_mountain into truthful sector owner sector:arbih_1st_corps:4 (reserve)
[brigade_assignment] Rehomed arbih_181st_mountain into truthful sector owner sector:arbih_1st_corps:4 (reserve)
[brigade_assignment] Rehomed arbih_185th_light into truthful sector owner sector:arbih_1st_corps:2 (reserve)
[brigade_assignment] Rehomed arbih_1st_olovo into truthful sector owner sector:arbih_2nd_corps:0 (reserve)
[brigade_assignment] Rehomed hrhb_6th_brigade_ranko_boban into truthful sector owner sector:hvo_southeast_herzegovina:0 (front)
[brigade_assignment] Rehomed rs_1st_prnjavor_light_infantry into truthful sector owner sector:vrs_1st_krajina:5 (reserve)
[brigade_assignment] Rehomed rs_1st_trebava_infantry into truthful sector owner sector:vrs_1st_krajina:5 (reserve)
[brigade_assignment] Rehomed rs_1st_vujak_light_infantry into truthful sector owner sector:vrs_1st_krajina:5 (reserve)
[brigade_assignment] Rehomed rs_27th_derventa_motorized into truthful sector owner sector:vrs_1st_krajina:5 (reserve)
[brigade_assignment] Rehomed arbih_109th_mountain into truthful sector owner sector:arbih_1st_corps:4 (reserve)
[brigade_assignment] Rehomed arbih_181st_mountain into truthful sector owner sector:arbih_1st_corps:4 (reserve)
[brigade_assignment] Rehomed arbih_185th_light into truthful sector owner sector:arbih_1st_corps:2 (reserve)
[brigade_assignment] Rehomed arbih_1st_olovo into truthful sector owner sector:arbih_2nd_corps:0 (reserve)
[brigade_assignment] Rehomed rs_1st_prnjavor_light_infantry into truthful sector owner sector:vrs_1st_krajina:7 (reserve)
[brigade_assignment] Rehomed rs_1st_trebava_infantry into truthful sector owner sector:vrs_1st_krajina:7 (reserve)
[brigade_assignment] Rehomed rs_1st_vujak_light_infantry into truthful sector owner sector:vrs_1st_krajina:7 (reserve)
[brigade_assignment] Rehomed rs_27th_derventa_motorized into truthful sector owner sector:vrs_1st_krajina:7 (reserve)
[brigade_assignment] Rehomed arbih_1st_olovo into truthful sector owner sector:arbih_2nd_corps:0 (reserve)
[brigade_assignment] Rehomed rs_1st_prnjavor_light_infantry into truthful sector owner sector:vrs_1st_krajina:5 (reserve)
[brigade_assignment] Rehomed rs_1st_trebava_infantry into truthful sector owner sector:vrs_1st_krajina:5 (reserve)
[brigade_assignment] Rehomed rs_1st_vujak_light_infantry into truthful sector owner sector:vrs_1st_krajina:5 (reserve)
[brigade_assignment] Rehomed rs_27th_derventa_motorized into truthful sector owner sector:vrs_1st_krajina:5 (reserve)
[brigade_assignment] Rehomed arbih_109th_mountain into truthful sector owner sector:arbih_1st_corps:4 (reserve)
[brigade_assignment] Rehomed arbih_181st_mountain into truthful sector owner sector:arbih_1st_corps:4 (reserve)
[brigade_assignment] Rehomed arbih_185th_light into truthful sector owner sector:arbih_1st_corps:2 (reserve)
[brigade_assignment] Rehomed arbih_1st_olovo into truthful sector owner sector:arbih_2nd_corps:0 (reserve)
[brigade_assignment] Rehomed hrhb_6th_brigade_ranko_boban into truthful sector owner sector:hvo_southeast_herzegovina:0 (front)
[brigade_assignment] Rehomed rs_1st_prnjavor_light_infantry into truthful sector owner sector:vrs_1st_krajina:5 (reserve)
[brigade_assignment] Rehomed rs_1st_trebava_infantry into truthful sector owner sector:vrs_1st_krajina:5 (reserve)
[brigade_assignment] Rehomed rs_1st_vujak_light_infantry into truthful sector owner sector:vrs_1st_krajina:5 (reserve)
[brigade_assignment] Rehomed rs_27th_derventa_motorized into truthful sector owner sector:vrs_1st_krajina:5 (reserve)
[brigade_assignment] Rehomed arbih_109th_mountain into truthful sector owner sector:arbih_1st_corps:4 (reserve)
[brigade_assignment] Rehomed arbih_181st_mountain into truthful sector owner sector:arbih_1st_corps:4 (reserve)
[brigade_assignment] Rehomed arbih_185th_light into truthful sector owner sector:arbih_1st_corps:2 (reserve)
[brigade_assignment] Rehomed arbih_1st_olovo into truthful sector owner sector:arbih_2nd_corps:0 (reserve)
[brigade_assignment] Rehomed rs_1st_prnjavor_light_infantry into truthful sector owner sector:vrs_1st_krajina:7 (reserve)
[brigade_assignment] Rehomed rs_1st_trebava_infantry into truthful sector owner sector:vrs_1st_krajina:7 (reserve)
[brigade_assignment] Rehomed rs_1st_vujak_light_infantry into truthful sector owner sector:vrs_1st_krajina:7 (reserve)
[brigade_assignment] Rehomed rs_27th_derventa_motorized into truthful sector owner sector:vrs_1st_krajina:7 (reserve)
[brigade_assignment] FINAL_SEAL kind=turn turn=169 unresolved=0
[brigade_assignment] Rehomed arbih_1st_olovo into truthful sector owner sector:arbih_2nd_corps:0 (reserve)
[brigade_assignment] Rehomed arbih_329th_mountain into truthful sector owner sector:arbih_3rd_corps:2 (reserve)
[brigade_assignment] Rehomed rs_1st_prnjavor_light_infantry into truthful sector owner sector:vrs_1st_krajina:5 (reserve)
[brigade_assignment] Rehomed rs_1st_trebava_infantry into truthful sector owner sector:vrs_1st_krajina:5 (reserve)
[brigade_assignment] Rehomed rs_1st_vujak_light_infantry into truthful sector owner sector:vrs_1st_krajina:5 (reserve)
[brigade_assignment] Rehomed rs_27th_derventa_motorized into truthful sector owner sector:vrs_1st_krajina:5 (reserve)
[brigade_assignment] Rehomed arbih_109th_mountain into truthful sector owner sector:arbih_1st_corps:4 (reserve)
[brigade_assignment] Rehomed arbih_181st_mountain into truthful sector owner sector:arbih_1st_corps:4 (reserve)
[brigade_assignment] Rehomed arbih_185th_light into truthful sector owner sector:arbih_1st_corps:2 (reserve)
[brigade_assignment] Rehomed arbih_1st_olovo into truthful sector owner sector:arbih_2nd_corps:0 (reserve)
[brigade_assignment] Rehomed arbih_329th_mountain into truthful sector owner sector:arbih_3rd_corps:2 (reserve)
[brigade_assignment] Rehomed hrhb_1st_brigade_mostar into truthful sector owner sector:hvo_southeast_herzegovina:0 (front)
[brigade_assignment] Rehomed hrhb_6th_brigade_ranko_boban into truthful sector owner sector:hvo_southeast_herzegovina:0 (front)
[brigade_assignment] Rehomed rs_1st_prnjavor_light_infantry into truthful sector owner sector:vrs_1st_krajina:5 (reserve)
[brigade_assignment] Rehomed rs_1st_trebava_infantry into truthful sector owner sector:vrs_1st_krajina:5 (reserve)
[brigade_assignment] Rehomed rs_1st_vujak_light_infantry into truthful sector owner sector:vrs_1st_krajina:5 (reserve)
[brigade_assignment] Rehomed rs_27th_derventa_motorized into truthful sector owner sector:vrs_1st_krajina:5 (reserve)
[brigade_assignment] Rehomed arbih_109th_mountain into truthful sector owner sector:arbih_1st_corps:4 (reserve)
[brigade_assignment] Rehomed arbih_181st_mountain into truthful sector owner sector:arbih_1st_corps:4 (reserve)
[brigade_assignment] Rehomed arbih_185th_light into truthful sector owner sector:arbih_1st_corps:2 (reserve)
[brigade_assignment] Rehomed arbih_1st_olovo into truthful sector owner sector:arbih_2nd_corps:0 (reserve)
[brigade_assignment] Rehomed arbih_329th_mountain into truthful sector owner sector:arbih_3rd_corps:2 (reserve)
[brigade_assignment] Rehomed rs_1st_prnjavor_light_infantry into truthful sector owner sector:vrs_1st_krajina:7 (reserve)
[brigade_assignment] Rehomed rs_1st_trebava_infantry into truthful sector owner sector:vrs_1st_krajina:7 (reserve)
[brigade_assignment] Rehomed rs_1st_vujak_light_infantry into truthful sector owner sector:vrs_1st_krajina:7 (reserve)
[brigade_assignment] Rehomed rs_27th_derventa_motorized into truthful sector owner sector:vrs_1st_krajina:7 (reserve)
[brigade_assignment] Rehomed arbih_1st_olovo into truthful sector owner sector:arbih_2nd_corps:0 (reserve)
[brigade_assignment] Rehomed rs_1st_prnjavor_light_infantry into truthful sector owner sector:vrs_1st_krajina:5 (reserve)
[brigade_assignment] Rehomed rs_1st_trebava_infantry into truthful sector owner sector:vrs_1st_krajina:5 (reserve)
[brigade_assignment] Rehomed rs_1st_vujak_light_infantry into truthful sector owner sector:vrs_1st_krajina:5 (reserve)
[brigade_assignment] Rehomed rs_27th_derventa_motorized into truthful sector owner sector:vrs_1st_krajina:5 (reserve)
[brigade_assignment] Rehomed arbih_109th_mountain into truthful sector owner sector:arbih_1st_corps:4 (reserve)
[brigade_assignment] Rehomed arbih_181st_mountain into truthful sector owner sector:arbih_1st_corps:4 (reserve)
[brigade_assignment] Rehomed arbih_185th_light into truthful sector owner sector:arbih_1st_corps:2 (reserve)
[brigade_assignment] Rehomed arbih_1st_olovo into truthful sector owner sector:arbih_2nd_corps:0 (reserve)
[brigade_assignment] Rehomed hrhb_1st_brigade_mostar into truthful sector owner sector:hvo_southeast_herzegovina:0 (front)
[brigade_assignment] Rehomed hrhb_6th_brigade_ranko_boban into truthful sector owner sector:hvo_southeast_herzegovina:0 (front)
[brigade_assignment] Rehomed rs_1st_prnjavor_light_infantry into truthful sector owner sector:vrs_1st_krajina:5 (reserve)
[brigade_assignment] Rehomed rs_1st_trebava_infantry into truthful sector owner sector:vrs_1st_krajina:5 (reserve)
[brigade_assignment] Rehomed rs_1st_vujak_light_infantry into truthful sector owner sector:vrs_1st_krajina:5 (reserve)
[brigade_assignment] Rehomed rs_27th_derventa_motorized into truthful sector owner sector:vrs_1st_krajina:5 (reserve)
[brigade_assignment] Rehomed arbih_109th_mountain into truthful sector owner sector:arbih_1st_corps:4 (reserve)
[brigade_assignment] Rehomed arbih_181st_mountain into truthful sector owner sector:arbih_1st_corps:4 (reserve)
[brigade_assignment] Rehomed arbih_185th_light into truthful sector owner sector:arbih_1st_corps:2 (reserve)
[brigade_assignment] Rehomed arbih_1st_olovo into truthful sector owner sector:arbih_2nd_corps:0 (reserve)
[brigade_assignment] Rehomed rs_1st_prnjavor_light_infantry into truthful sector owner sector:vrs_1st_krajina:7 (reserve)
[brigade_assignment] Rehomed rs_1st_trebava_infantry into truthful sector owner sector:vrs_1st_krajina:7 (reserve)
[brigade_assignment] Rehomed rs_1st_vujak_light_infantry into truthful sector owner sector:vrs_1st_krajina:7 (reserve)
[brigade_assignment] Rehomed rs_27th_derventa_motorized into truthful sector owner sector:vrs_1st_krajina:7 (reserve)
[brigade_assignment] FINAL_SEAL kind=turn turn=170 unresolved=0
[brigade_assignment] Rehomed arbih_1st_olovo into truthful sector owner sector:arbih_2nd_corps:0 (reserve)
[brigade_assignment] Rehomed rs_1st_prnjavor_light_infantry into truthful sector owner sector:vrs_1st_krajina:5 (reserve)
[brigade_assignment] Rehomed rs_1st_trebava_infantry into truthful sector owner sector:vrs_1st_krajina:5 (reserve)
[brigade_assignment] Rehomed rs_1st_vujak_light_infantry into truthful sector owner sector:vrs_1st_krajina:5 (reserve)
[brigade_assignment] Rehomed rs_27th_derventa_motorized into truthful sector owner sector:vrs_1st_krajina:5 (reserve)
[brigade_assignment] Rehomed arbih_109th_mountain into truthful sector owner sector:arbih_1st_corps:4 (reserve)
[brigade_assignment] Rehomed arbih_181st_mountain into truthful sector owner sector:arbih_1st_corps:4 (reserve)
[brigade_assignment] Rehomed arbih_185th_light into truthful sector owner sector:arbih_1st_corps:2 (reserve)
[brigade_assignment] Rehomed arbih_1st_olovo into truthful sector owner sector:arbih_2nd_corps:0 (reserve)
[brigade_assignment] Rehomed hrhb_1st_brigade_mostar into truthful sector owner sector:hvo_southeast_herzegovina:0 (front)
[brigade_assignment] Rehomed hrhb_6th_brigade_ranko_boban into truthful sector owner sector:hvo_southeast_herzegovina:0 (front)
[brigade_assignment] Rehomed rs_1st_prnjavor_light_infantry into truthful sector owner sector:vrs_1st_krajina:5 (reserve)
[brigade_assignment] Rehomed rs_1st_trebava_infantry into truthful sector owner sector:vrs_1st_krajina:5 (reserve)
[brigade_assignment] Rehomed rs_1st_vujak_light_infantry into truthful sector owner sector:vrs_1st_krajina:5 (reserve)
[brigade_assignment] Rehomed rs_27th_derventa_motorized into truthful sector owner sector:vrs_1st_krajina:5 (reserve)
[brigade_assignment] Rehomed arbih_109th_mountain into truthful sector owner sector:arbih_1st_corps:4 (reserve)
[brigade_assignment] Rehomed arbih_181st_mountain into truthful sector owner sector:arbih_1st_corps:4 (reserve)
[brigade_assignment] Rehomed arbih_185th_light into truthful sector owner sector:arbih_1st_corps:2 (reserve)
[brigade_assignment] Rehomed arbih_1st_olovo into truthful sector owner sector:arbih_2nd_corps:0 (reserve)
[brigade_assignment] Rehomed rs_1st_prnjavor_light_infantry into truthful sector owner sector:vrs_1st_krajina:7 (reserve)
[brigade_assignment] Rehomed rs_1st_trebava_infantry into truthful sector owner sector:vrs_1st_krajina:7 (reserve)
[brigade_assignment] Rehomed rs_1st_vujak_light_infantry into truthful sector owner sector:vrs_1st_krajina:7 (reserve)
[brigade_assignment] Rehomed rs_27th_derventa_motorized into truthful sector owner sector:vrs_1st_krajina:7 (reserve)
[brigade_assignment] Rehomed arbih_1st_olovo into truthful sector owner sector:arbih_2nd_corps:0 (reserve)
[brigade_assignment] Rehomed rs_1st_prnjavor_light_infantry into truthful sector owner sector:vrs_1st_krajina:5 (reserve)
[brigade_assignment] Rehomed rs_1st_trebava_infantry into truthful sector owner sector:vrs_1st_krajina:5 (reserve)
[brigade_assignment] Rehomed rs_1st_vujak_light_infantry into truthful sector owner sector:vrs_1st_krajina:5 (reserve)
[brigade_assignment] Rehomed rs_27th_derventa_motorized into truthful sector owner sector:vrs_1st_krajina:5 (reserve)
[brigade_assignment] Rehomed arbih_109th_mountain into truthful sector owner sector:arbih_1st_corps:4 (reserve)
[brigade_assignment] Rehomed arbih_181st_mountain into truthful sector owner sector:arbih_1st_corps:4 (reserve)
[brigade_assignment] Rehomed arbih_185th_light into truthful sector owner sector:arbih_1st_corps:2 (reserve)
[brigade_assignment] Rehomed arbih_1st_olovo into truthful sector owner sector:arbih_2nd_corps:0 (reserve)
[brigade_assignment] Rehomed hrhb_1st_brigade_mostar into truthful sector owner sector:hvo_southeast_herzegovina:0 (front)
[brigade_assignment] Rehomed hrhb_6th_brigade_ranko_boban into truthful sector owner sector:hvo_southeast_herzegovina:0 (front)
[brigade_assignment] Rehomed rs_1st_prnjavor_light_infantry into truthful sector owner sector:vrs_1st_krajina:5 (reserve)
[brigade_assignment] Rehomed rs_1st_trebava_infantry into truthful sector owner sector:vrs_1st_krajina:5 (reserve)
[brigade_assignment] Rehomed rs_1st_vujak_light_infantry into truthful sector owner sector:vrs_1st_krajina:5 (reserve)
[brigade_assignment] Rehomed rs_27th_derventa_motorized into truthful sector owner sector:vrs_1st_krajina:5 (reserve)
[brigade_assignment] Rehomed arbih_109th_mountain into truthful sector owner sector:arbih_1st_corps:4 (reserve)
[brigade_assignment] Rehomed arbih_181st_mountain into truthful sector owner sector:arbih_1st_corps:4 (reserve)
[brigade_assignment] Rehomed arbih_185th_light into truthful sector owner sector:arbih_1st_corps:2 (reserve)
[brigade_assignment] Rehomed arbih_1st_olovo into truthful sector owner sector:arbih_2nd_corps:0 (reserve)
[brigade_assignment] Rehomed rs_1st_prnjavor_light_infantry into truthful sector owner sector:vrs_1st_krajina:7 (reserve)
[brigade_assignment] Rehomed rs_1st_trebava_infantry into truthful sector owner sector:vrs_1st_krajina:7 (reserve)
[brigade_assignment] Rehomed rs_1st_vujak_light_infantry into truthful sector owner sector:vrs_1st_krajina:7 (reserve)
[brigade_assignment] Rehomed rs_27th_derventa_motorized into truthful sector owner sector:vrs_1st_krajina:7 (reserve)
[brigade_assignment] FINAL_SEAL kind=turn turn=171 unresolved=0
[brigade_assignment] Rehomed arbih_1st_olovo into truthful sector owner sector:arbih_2nd_corps:0 (reserve)
[brigade_assignment] Rehomed rs_1st_prnjavor_light_infantry into truthful sector owner sector:vrs_1st_krajina:5 (reserve)
[brigade_assignment] Rehomed rs_1st_trebava_infantry into truthful sector owner sector:vrs_1st_krajina:5 (reserve)
[brigade_assignment] Rehomed rs_1st_vujak_light_infantry into truthful sector owner sector:vrs_1st_krajina:5 (reserve)
[brigade_assignment] Rehomed rs_27th_derventa_motorized into truthful sector owner sector:vrs_1st_krajina:5 (reserve)
[brigade_assignment] Rehomed arbih_109th_mountain into truthful sector owner sector:arbih_1st_corps:4 (reserve)
[brigade_assignment] Rehomed arbih_181st_mountain into truthful sector owner sector:arbih_1st_corps:4 (reserve)
[brigade_assignment] Rehomed arbih_185th_light into truthful sector owner sector:arbih_1st_corps:2 (reserve)
[brigade_assignment] Rehomed arbih_1st_olovo into truthful sector owner sector:arbih_2nd_corps:0 (reserve)
[brigade_assignment] Rehomed hrhb_1st_brigade_mostar into truthful sector owner sector:hvo_southeast_herzegovina:0 (front)
[brigade_assignment] Rehomed hrhb_6th_brigade_ranko_boban into truthful sector owner sector:hvo_southeast_herzegovina:0 (front)
[brigade_assignment] Rehomed rs_1st_prnjavor_light_infantry into truthful sector owner sector:vrs_1st_krajina:5 (reserve)
[brigade_assignment] Rehomed rs_1st_trebava_infantry into truthful sector owner sector:vrs_1st_krajina:5 (reserve)
[brigade_assignment] Rehomed rs_1st_vujak_light_infantry into truthful sector owner sector:vrs_1st_krajina:5 (reserve)
[brigade_assignment] Rehomed rs_27th_derventa_motorized into truthful sector owner sector:vrs_1st_krajina:5 (reserve)
[brigade_assignment] Rehomed arbih_109th_mountain into truthful sector owner sector:arbih_1st_corps:4 (reserve)
[brigade_assignment] Rehomed arbih_181st_mountain into truthful sector owner sector:arbih_1st_corps:4 (reserve)
[brigade_assignment] Rehomed arbih_185th_light into truthful sector owner sector:arbih_1st_corps:2 (reserve)
[brigade_assignment] Rehomed arbih_1st_olovo into truthful sector owner sector:arbih_2nd_corps:0 (reserve)
[brigade_assignment] Rehomed rs_1st_prnjavor_light_infantry into truthful sector owner sector:vrs_1st_krajina:7 (reserve)
[brigade_assignment] Rehomed rs_1st_trebava_infantry into truthful sector owner sector:vrs_1st_krajina:7 (reserve)
[brigade_assignment] Rehomed rs_1st_vujak_light_infantry into truthful sector owner sector:vrs_1st_krajina:7 (reserve)
[brigade_assignment] Rehomed rs_27th_derventa_motorized into truthful sector owner sector:vrs_1st_krajina:7 (reserve)
[brigade_assignment] Rehomed arbih_1st_olovo into truthful sector owner sector:arbih_2nd_corps:0 (reserve)
[brigade_assignment] Rehomed rs_1st_prnjavor_light_infantry into truthful sector owner sector:vrs_1st_krajina:5 (reserve)
[brigade_assignment] Rehomed rs_1st_trebava_infantry into truthful sector owner sector:vrs_1st_krajina:5 (reserve)
[brigade_assignment] Rehomed rs_1st_vujak_light_infantry into truthful sector owner sector:vrs_1st_krajina:5 (reserve)
[brigade_assignment] Rehomed rs_27th_derventa_motorized into truthful sector owner sector:vrs_1st_krajina:5 (reserve)
[brigade_assignment] Rehomed arbih_109th_mountain into truthful sector owner sector:arbih_1st_corps:4 (reserve)
[brigade_assignment] Rehomed arbih_181st_mountain into truthful sector owner sector:arbih_1st_corps:4 (reserve)
[brigade_assignment] Rehomed arbih_185th_light into truthful sector owner sector:arbih_1st_corps:2 (reserve)
[brigade_assignment] Rehomed arbih_1st_olovo into truthful sector owner sector:arbih_2nd_corps:0 (reserve)
[brigade_assignment] Rehomed hrhb_1st_brigade_mostar into truthful sector owner sector:hvo_southeast_herzegovina:0 (front)
[brigade_assignment] Rehomed hrhb_6th_brigade_ranko_boban into truthful sector owner sector:hvo_southeast_herzegovina:0 (front)
[brigade_assignment] Rehomed rs_1st_prnjavor_light_infantry into truthful sector owner sector:vrs_1st_krajina:5 (reserve)
[brigade_assignment] Rehomed rs_1st_trebava_infantry into truthful sector owner sector:vrs_1st_krajina:5 (reserve)
[brigade_assignment] Rehomed rs_1st_vujak_light_infantry into truthful sector owner sector:vrs_1st_krajina:5 (reserve)
[brigade_assignment] Rehomed rs_27th_derventa_motorized into truthful sector owner sector:vrs_1st_krajina:5 (reserve)
[brigade_assignment] Rehomed arbih_109th_mountain into truthful sector owner sector:arbih_1st_corps:4 (reserve)
[brigade_assignment] Rehomed arbih_181st_mountain into truthful sector owner sector:arbih_1st_corps:4 (reserve)
[brigade_assignment] Rehomed arbih_185th_light into truthful sector owner sector:arbih_1st_corps:2 (reserve)
[brigade_assignment] Rehomed arbih_1st_olovo into truthful sector owner sector:arbih_2nd_corps:0 (reserve)
[brigade_assignment] Rehomed rs_1st_prnjavor_light_infantry into truthful sector owner sector:vrs_1st_krajina:7 (reserve)
[brigade_assignment] Rehomed rs_1st_trebava_infantry into truthful sector owner sector:vrs_1st_krajina:7 (reserve)
[brigade_assignment] Rehomed rs_1st_vujak_light_infantry into truthful sector owner sector:vrs_1st_krajina:7 (reserve)
[brigade_assignment] Rehomed rs_27th_derventa_motorized into truthful sector owner sector:vrs_1st_krajina:7 (reserve)
[brigade_assignment] FINAL_SEAL kind=turn turn=172 unresolved=0
[brigade_assignment] Rehomed arbih_1st_olovo into truthful sector owner sector:arbih_2nd_corps:0 (reserve)
[brigade_assignment] Rehomed rs_1st_prnjavor_light_infantry into truthful sector owner sector:vrs_1st_krajina:5 (reserve)
[brigade_assignment] Rehomed rs_1st_trebava_infantry into truthful sector owner sector:vrs_1st_krajina:5 (reserve)
[brigade_assignment] Rehomed rs_1st_vujak_light_infantry into truthful sector owner sector:vrs_1st_krajina:5 (reserve)
[brigade_assignment] Rehomed rs_27th_derventa_motorized into truthful sector owner sector:vrs_1st_krajina:5 (reserve)
[brigade_assignment] Rehomed arbih_109th_mountain into truthful sector owner sector:arbih_1st_corps:4 (reserve)
[brigade_assignment] Rehomed arbih_181st_mountain into truthful sector owner sector:arbih_1st_corps:4 (reserve)
[brigade_assignment] Rehomed arbih_185th_light into truthful sector owner sector:arbih_1st_corps:2 (reserve)
[brigade_assignment] Rehomed arbih_1st_olovo into truthful sector owner sector:arbih_2nd_corps:0 (reserve)
[brigade_assignment] Rehomed hrhb_1st_herzegovina_brigade_knez_domagoj into truthful sector owner sector:hvo_southeast_herzegovina:0 (front)
[brigade_assignment] Rehomed hrhb_6th_brigade_ranko_boban into truthful sector owner sector:hvo_southeast_herzegovina:0 (front)
[brigade_assignment] Rehomed rs_1st_prnjavor_light_infantry into truthful sector owner sector:vrs_1st_krajina:5 (reserve)
[brigade_assignment] Rehomed rs_1st_trebava_infantry into truthful sector owner sector:vrs_1st_krajina:5 (reserve)
[brigade_assignment] Rehomed rs_1st_vujak_light_infantry into truthful sector owner sector:vrs_1st_krajina:5 (reserve)
[brigade_assignment] Rehomed rs_27th_derventa_motorized into truthful sector owner sector:vrs_1st_krajina:5 (reserve)
[brigade_assignment] Rehomed arbih_109th_mountain into truthful sector owner sector:arbih_1st_corps:4 (reserve)
[brigade_assignment] Rehomed arbih_181st_mountain into truthful sector owner sector:arbih_1st_corps:4 (reserve)
[brigade_assignment] Rehomed arbih_185th_light into truthful sector owner sector:arbih_1st_corps:2 (reserve)
[brigade_assignment] Rehomed arbih_1st_olovo into truthful sector owner sector:arbih_2nd_corps:0 (reserve)
[brigade_assignment] Rehomed rs_1st_prnjavor_light_infantry into truthful sector owner sector:vrs_1st_krajina:7 (reserve)
[brigade_assignment] Rehomed rs_1st_trebava_infantry into truthful sector owner sector:vrs_1st_krajina:7 (reserve)
[brigade_assignment] Rehomed rs_1st_vujak_light_infantry into truthful sector owner sector:vrs_1st_krajina:7 (reserve)
[brigade_assignment] Rehomed rs_27th_derventa_motorized into truthful sector owner sector:vrs_1st_krajina:7 (reserve)
[brigade_assignment] Rehomed rs_1st_prnjavor_light_infantry into truthful sector owner sector:vrs_1st_krajina:5 (reserve)
[brigade_assignment] Rehomed rs_1st_trebava_infantry into truthful sector owner sector:vrs_1st_krajina:5 (reserve)
[brigade_assignment] Rehomed rs_1st_vujak_light_infantry into truthful sector owner sector:vrs_1st_krajina:5 (reserve)
[brigade_assignment] Rehomed rs_27th_derventa_motorized into truthful sector owner sector:vrs_1st_krajina:5 (reserve)
[brigade_assignment] Rehomed arbih_109th_mountain into truthful sector owner sector:arbih_1st_corps:4 (reserve)
[brigade_assignment] Rehomed arbih_181st_mountain into truthful sector owner sector:arbih_1st_corps:4 (reserve)
[brigade_assignment] Rehomed arbih_185th_light into truthful sector owner sector:arbih_1st_corps:2 (reserve)
[brigade_assignment] Rehomed arbih_1st_olovo into truthful sector owner sector:arbih_2nd_corps:1 (territory)
[brigade_assignment] Rehomed arbih_327th_vitezka_mountain into truthful sector owner sector:arbih_3rd_corps:3 (reserve)
[brigade_assignment] Rehomed hrhb_1st_herzegovina_brigade_knez_domagoj into truthful sector owner sector:hvo_southeast_herzegovina:0 (front)
[brigade_assignment] Rehomed hrhb_6th_brigade_ranko_boban into truthful sector owner sector:hvo_southeast_herzegovina:0 (front)
[brigade_assignment] Rehomed rs_1st_prnjavor_light_infantry into truthful sector owner sector:vrs_1st_krajina:5 (reserve)
[brigade_assignment] Rehomed rs_1st_trebava_infantry into truthful sector owner sector:vrs_1st_krajina:5 (reserve)
[brigade_assignment] Rehomed rs_1st_vujak_light_infantry into truthful sector owner sector:vrs_1st_krajina:5 (reserve)
[brigade_assignment] Rehomed rs_27th_derventa_motorized into truthful sector owner sector:vrs_1st_krajina:5 (reserve)
[brigade_assignment] Rehomed arbih_109th_mountain into truthful sector owner sector:arbih_1st_corps:4 (reserve)
[brigade_assignment] Rehomed arbih_181st_mountain into truthful sector owner sector:arbih_1st_corps:4 (reserve)
[brigade_assignment] Rehomed arbih_185th_light into truthful sector owner sector:arbih_1st_corps:2 (reserve)
[brigade_assignment] Rehomed arbih_327th_vitezka_mountain into truthful sector owner sector:arbih_3rd_corps:3 (reserve)
[brigade_assignment] Rehomed rs_1st_prnjavor_light_infantry into truthful sector owner sector:vrs_1st_krajina:7 (reserve)
[brigade_assignment] Rehomed rs_1st_trebava_infantry into truthful sector owner sector:vrs_1st_krajina:7 (reserve)
[brigade_assignment] Rehomed rs_1st_vujak_light_infantry into truthful sector owner sector:vrs_1st_krajina:7 (reserve)
[brigade_assignment] Rehomed rs_27th_derventa_motorized into truthful sector owner sector:vrs_1st_krajina:7 (reserve)
[brigade_assignment] FINAL_SEAL kind=turn turn=173 unresolved=0
[brigade_assignment] Rehomed arbih_109th_mountain into truthful sector owner sector:arbih_1st_corps:4 (reserve)
[brigade_assignment] Rehomed arbih_181st_mountain into truthful sector owner sector:arbih_1st_corps:4 (reserve)
[brigade_assignment] Rehomed arbih_185th_light into truthful sector owner sector:arbih_1st_corps:2 (reserve)
[brigade_assignment] Rehomed arbih_1st_olovo into truthful sector owner sector:arbih_2nd_corps:1 (territory)
[brigade_assignment] Rehomed arbih_327th_vitezka_mountain into truthful sector owner sector:arbih_3rd_corps:3 (reserve)
[brigade_assignment] Rehomed hrhb_6th_brigade_ranko_boban into truthful sector owner sector:hvo_southeast_herzegovina:0 (front)
[brigade_assignment] Rehomed arbih_109th_mountain into truthful sector owner sector:arbih_1st_corps:4 (reserve)
[brigade_assignment] Rehomed arbih_181st_mountain into truthful sector owner sector:arbih_1st_corps:4 (reserve)
[brigade_assignment] Rehomed arbih_185th_light into truthful sector owner sector:arbih_1st_corps:2 (reserve)
[brigade_assignment] Rehomed arbih_327th_vitezka_mountain into truthful sector owner sector:arbih_3rd_corps:3 (reserve)
[brigade_assignment] Rehomed arbih_109th_mountain into truthful sector owner sector:arbih_1st_corps:4 (reserve)
[brigade_assignment] Rehomed arbih_181st_mountain into truthful sector owner sector:arbih_1st_corps:4 (reserve)
[brigade_assignment] Rehomed arbih_185th_light into truthful sector owner sector:arbih_1st_corps:2 (reserve)
[brigade_assignment] Rehomed arbih_1st_olovo into truthful sector owner sector:arbih_2nd_corps:1 (territory)
[brigade_assignment] Rehomed arbih_327th_vitezka_mountain into truthful sector owner sector:arbih_3rd_corps:3 (reserve)
[brigade_assignment] Rehomed hrhb_6th_brigade_ranko_boban into truthful sector owner sector:hvo_southeast_herzegovina:0 (front)
[brigade_assignment] Rehomed arbih_109th_mountain into truthful sector owner sector:arbih_1st_corps:4 (reserve)
[brigade_assignment] Rehomed arbih_181st_mountain into truthful sector owner sector:arbih_1st_corps:4 (reserve)
[brigade_assignment] Rehomed arbih_185th_light into truthful sector owner sector:arbih_1st_corps:2 (reserve)
[brigade_assignment] Rehomed arbih_327th_vitezka_mountain into truthful sector owner sector:arbih_3rd_corps:3 (reserve)
[brigade_assignment] FINAL_SEAL kind=turn turn=174 unresolved=0
[brigade_assignment] Rehomed arbih_109th_mountain into truthful sector owner sector:arbih_1st_corps:4 (reserve)
[brigade_assignment] Rehomed arbih_181st_mountain into truthful sector owner sector:arbih_1st_corps:4 (reserve)
[brigade_assignment] Rehomed arbih_185th_light into truthful sector owner sector:arbih_1st_corps:2 (reserve)
[brigade_assignment] Rehomed arbih_1st_olovo into truthful sector owner sector:arbih_2nd_corps:1 (territory)
[brigade_assignment] Rehomed arbih_327th_vitezka_mountain into truthful sector owner sector:arbih_3rd_corps:3 (reserve)
[brigade_assignment] Rehomed hrhb_6th_brigade_ranko_boban into truthful sector owner sector:hvo_southeast_herzegovina:0 (front)
[brigade_assignment] Rehomed arbih_109th_mountain into truthful sector owner sector:arbih_1st_corps:4 (reserve)
[brigade_assignment] Rehomed arbih_181st_mountain into truthful sector owner sector:arbih_1st_corps:4 (reserve)
[brigade_assignment] Rehomed arbih_185th_light into truthful sector owner sector:arbih_1st_corps:2 (reserve)
[brigade_assignment] Rehomed arbih_327th_vitezka_mountain into truthful sector owner sector:arbih_3rd_corps:3 (reserve)
[brigade_assignment] Rehomed arbih_109th_mountain into truthful sector owner sector:arbih_1st_corps:4 (reserve)
[brigade_assignment] Rehomed arbih_181st_mountain into truthful sector owner sector:arbih_1st_corps:4 (reserve)
[brigade_assignment] Rehomed arbih_185th_light into truthful sector owner sector:arbih_1st_corps:2 (reserve)
[brigade_assignment] Rehomed arbih_1st_olovo into truthful sector owner sector:arbih_2nd_corps:1 (territory)
[brigade_assignment] Rehomed arbih_327th_vitezka_mountain into truthful sector owner sector:arbih_3rd_corps:3 (reserve)
[brigade_assignment] Rehomed hrhb_6th_brigade_ranko_boban into truthful sector owner sector:hvo_southeast_herzegovina:0 (front)
[brigade_assignment] Rehomed arbih_109th_mountain into truthful sector owner sector:arbih_1st_corps:4 (reserve)
[brigade_assignment] Rehomed arbih_181st_mountain into truthful sector owner sector:arbih_1st_corps:4 (reserve)
[brigade_assignment] Rehomed arbih_185th_light into truthful sector owner sector:arbih_1st_corps:2 (reserve)
[brigade_assignment] Rehomed arbih_327th_vitezka_mountain into truthful sector owner sector:arbih_3rd_corps:3 (reserve)
[brigade_assignment] Rehomed arbih_109th_mountain into truthful sector owner sector:arbih_1st_corps:4 (reserve)
[brigade_assignment] Rehomed arbih_181st_mountain into truthful sector owner sector:arbih_1st_corps:4 (reserve)
[brigade_assignment] Rehomed arbih_185th_light into truthful sector owner sector:arbih_1st_corps:2 (reserve)
[brigade_assignment] Rehomed arbih_1st_olovo into truthful sector owner sector:arbih_2nd_corps:1 (territory)
[brigade_assignment] Rehomed arbih_327th_vitezka_mountain into truthful sector owner sector:arbih_3rd_corps:3 (reserve)
[brigade_assignment] Rehomed hrhb_6th_brigade_ranko_boban into truthful sector owner sector:hvo_southeast_herzegovina:0 (front)
[brigade_assignment] Rehomed arbih_109th_mountain into truthful sector owner sector:arbih_1st_corps:4 (reserve)
[brigade_assignment] Rehomed arbih_181st_mountain into truthful sector owner sector:arbih_1st_corps:4 (reserve)
[brigade_assignment] Rehomed arbih_185th_light into truthful sector owner sector:arbih_1st_corps:2 (reserve)
[brigade_assignment] Rehomed arbih_327th_vitezka_mountain into truthful sector owner sector:arbih_3rd_corps:3 (reserve)
[brigade_assignment] FINAL_SEAL kind=turn turn=175 unresolved=0
[brigade_assignment] Rehomed rs_27th_derventa_motorized into truthful sector owner sector:vrs_1st_krajina:0 (reserve)
[brigade_assignment] Rehomed arbih_109th_mountain into truthful sector owner sector:arbih_1st_corps:4 (reserve)
[brigade_assignment] Rehomed arbih_181st_mountain into truthful sector owner sector:arbih_1st_corps:4 (reserve)
[brigade_assignment] Rehomed arbih_185th_light into truthful sector owner sector:arbih_1st_corps:2 (reserve)
[brigade_assignment] Rehomed arbih_1st_olovo into truthful sector owner sector:arbih_2nd_corps:1 (territory)
[brigade_assignment] Rehomed hrhb_1st_brigade_mostar into truthful sector owner sector:hvo_southeast_herzegovina:0 (front)
[brigade_assignment] Rehomed hrhb_6th_brigade_ranko_boban into truthful sector owner sector:hvo_southeast_herzegovina:0 (front)
[brigade_assignment] Rehomed rs_27th_derventa_motorized into truthful sector owner sector:vrs_1st_krajina:0 (reserve)
[brigade_assignment] Rehomed arbih_109th_mountain into truthful sector owner sector:arbih_1st_corps:4 (reserve)
[brigade_assignment] Rehomed arbih_181st_mountain into truthful sector owner sector:arbih_1st_corps:4 (reserve)
[brigade_assignment] Rehomed arbih_185th_light into truthful sector owner sector:arbih_1st_corps:2 (reserve)
[brigade_assignment] Rehomed rs_27th_derventa_motorized into truthful sector owner sector:vrs_1st_krajina:0 (reserve)
[brigade_assignment] Rehomed rs_27th_derventa_motorized into truthful sector owner sector:vrs_1st_krajina:0 (reserve)
[brigade_assignment] Rehomed arbih_109th_mountain into truthful sector owner sector:arbih_1st_corps:4 (reserve)
[brigade_assignment] Rehomed arbih_181st_mountain into truthful sector owner sector:arbih_1st_corps:4 (reserve)
[brigade_assignment] Rehomed arbih_185th_light into truthful sector owner sector:arbih_1st_corps:2 (reserve)
[brigade_assignment] Rehomed arbih_1st_olovo into truthful sector owner sector:arbih_2nd_corps:2 (territory)
[brigade_assignment] Rehomed hrhb_1st_brigade_mostar into truthful sector owner sector:hvo_southeast_herzegovina:0 (front)
[brigade_assignment] Rehomed hrhb_6th_brigade_ranko_boban into truthful sector owner sector:hvo_southeast_herzegovina:0 (front)
[brigade_assignment] Rehomed rs_27th_derventa_motorized into truthful sector owner sector:vrs_1st_krajina:0 (reserve)
[brigade_assignment] Rehomed arbih_109th_mountain into truthful sector owner sector:arbih_1st_corps:4 (reserve)
[brigade_assignment] Rehomed arbih_181st_mountain into truthful sector owner sector:arbih_1st_corps:4 (reserve)
[brigade_assignment] Rehomed arbih_185th_light into truthful sector owner sector:arbih_1st_corps:2 (reserve)
[brigade_assignment] Rehomed rs_27th_derventa_motorized into truthful sector owner sector:vrs_1st_krajina:0 (reserve)
[brigade_assignment] FINAL_SEAL kind=turn turn=176 unresolved=0
[brigade_assignment] Rehomed arbih_109th_mountain into truthful sector owner sector:arbih_1st_corps:4 (reserve)
[brigade_assignment] Rehomed arbih_181st_mountain into truthful sector owner sector:arbih_1st_corps:4 (reserve)
[brigade_assignment] Rehomed arbih_185th_light into truthful sector owner sector:arbih_1st_corps:2 (reserve)
[brigade_assignment] Rehomed hrhb_1st_brigade_mostar into truthful sector owner sector:hvo_southeast_herzegovina:0 (front)
[brigade_assignment] Rehomed hrhb_6th_brigade_ranko_boban into truthful sector owner sector:hvo_southeast_herzegovina:0 (front)
[brigade_assignment] Rehomed arbih_109th_mountain into truthful sector owner sector:arbih_1st_corps:4 (reserve)
[brigade_assignment] Rehomed arbih_181st_mountain into truthful sector owner sector:arbih_1st_corps:4 (reserve)
[brigade_assignment] Rehomed arbih_185th_light into truthful sector owner sector:arbih_1st_corps:2 (reserve)
[brigade_assignment] Rehomed arbih_109th_mountain into truthful sector owner sector:arbih_1st_corps:4 (reserve)
[brigade_assignment] Rehomed arbih_181st_mountain into truthful sector owner sector:arbih_1st_corps:4 (reserve)
[brigade_assignment] Rehomed arbih_185th_light into truthful sector owner sector:arbih_1st_corps:2 (reserve)
[brigade_assignment] Rehomed hrhb_1st_brigade_mostar into truthful sector owner sector:hvo_southeast_herzegovina:0 (front)
[brigade_assignment] Rehomed hrhb_6th_brigade_ranko_boban into truthful sector owner sector:hvo_southeast_herzegovina:0 (front)
[brigade_assignment] Rehomed arbih_109th_mountain into truthful sector owner sector:arbih_1st_corps:4 (reserve)
[brigade_assignment] Rehomed arbih_181st_mountain into truthful sector owner sector:arbih_1st_corps:4 (reserve)
[brigade_assignment] Rehomed arbih_185th_light into truthful sector owner sector:arbih_1st_corps:2 (reserve)
[brigade_assignment] FINAL_SEAL kind=turn turn=177 unresolved=0
[brigade_assignment] Rehomed arbih_109th_mountain into truthful sector owner sector:arbih_1st_corps:4 (reserve)
[brigade_assignment] Rehomed arbih_181st_mountain into truthful sector owner sector:arbih_1st_corps:4 (reserve)
[brigade_assignment] Rehomed arbih_185th_light into truthful sector owner sector:arbih_1st_corps:2 (reserve)
[brigade_assignment] Rehomed hrhb_1st_brigade_mostar into truthful sector owner sector:hvo_southeast_herzegovina:0 (front)
[brigade_assignment] Rehomed hrhb_6th_brigade_ranko_boban into truthful sector owner sector:hvo_southeast_herzegovina:0 (front)
[brigade_assignment] Rehomed hrhb_kralj_petar_kreimir_iv_brigade into truthful sector owner sector:hvo_tomislavgrad:0 (front)
[brigade_assignment] Rehomed arbih_109th_mountain into truthful sector owner sector:arbih_1st_corps:4 (reserve)
[brigade_assignment] Rehomed arbih_181st_mountain into truthful sector owner sector:arbih_1st_corps:4 (reserve)
[brigade_assignment] Rehomed arbih_185th_light into truthful sector owner sector:arbih_1st_corps:2 (reserve)
[brigade_assignment] Rehomed arbih_109th_mountain into truthful sector owner sector:arbih_1st_corps:4 (reserve)
[brigade_assignment] Rehomed arbih_181st_mountain into truthful sector owner sector:arbih_1st_corps:4 (reserve)
[brigade_assignment] Rehomed arbih_185th_light into truthful sector owner sector:arbih_1st_corps:2 (reserve)
[brigade_assignment] Rehomed hrhb_1st_brigade_mostar into truthful sector owner sector:hvo_southeast_herzegovina:0 (front)
[brigade_assignment] Rehomed hrhb_6th_brigade_ranko_boban into truthful sector owner sector:hvo_southeast_herzegovina:0 (front)
[brigade_assignment] Rehomed hrhb_kralj_petar_kreimir_iv_brigade into truthful sector owner sector:hvo_tomislavgrad:0 (front)
[brigade_assignment] Rehomed arbih_109th_mountain into truthful sector owner sector:arbih_1st_corps:4 (reserve)
[brigade_assignment] Rehomed arbih_181st_mountain into truthful sector owner sector:arbih_1st_corps:4 (reserve)
[brigade_assignment] Rehomed arbih_185th_light into truthful sector owner sector:arbih_1st_corps:2 (reserve)
[brigade_assignment] FINAL_SEAL kind=turn turn=178 unresolved=0
[brigade_assignment] Rehomed arbih_109th_mountain into truthful sector owner sector:arbih_1st_corps:4 (reserve)
[brigade_assignment] Rehomed arbih_181st_mountain into truthful sector owner sector:arbih_1st_corps:4 (reserve)
[brigade_assignment] Rehomed arbih_185th_light into truthful sector owner sector:arbih_1st_corps:2 (reserve)
[brigade_assignment] Rehomed hrhb_1st_herzegovina_brigade_knez_domagoj into truthful sector owner sector:hvo_southeast_herzegovina:0 (front)
[brigade_assignment] Rehomed hrhb_6th_brigade_ranko_boban into truthful sector owner sector:hvo_southeast_herzegovina:0 (front)
[brigade_assignment] Rehomed hrhb_kralj_petar_kreimir_iv_brigade into truthful sector owner sector:hvo_tomislavgrad:0 (front)
[brigade_assignment] Rehomed arbih_109th_mountain into truthful sector owner sector:arbih_1st_corps:4 (reserve)
[brigade_assignment] Rehomed arbih_181st_mountain into truthful sector owner sector:arbih_1st_corps:4 (reserve)
[brigade_assignment] Rehomed arbih_185th_light into truthful sector owner sector:arbih_1st_corps:2 (reserve)
[brigade_assignment] Rehomed arbih_109th_mountain into truthful sector owner sector:arbih_1st_corps:4 (reserve)
[brigade_assignment] Rehomed arbih_181st_mountain into truthful sector owner sector:arbih_1st_corps:4 (reserve)
[brigade_assignment] Rehomed arbih_185th_light into truthful sector owner sector:arbih_1st_corps:2 (reserve)
[brigade_assignment] Rehomed hrhb_1st_herzegovina_brigade_knez_domagoj into truthful sector owner sector:hvo_southeast_herzegovina:0 (front)
[brigade_assignment] Rehomed hrhb_6th_brigade_ranko_boban into truthful sector owner sector:hvo_southeast_herzegovina:0 (front)
[brigade_assignment] Rehomed hrhb_kralj_petar_kreimir_iv_brigade into truthful sector owner sector:hvo_tomislavgrad:0 (front)
[brigade_assignment] Rehomed arbih_109th_mountain into truthful sector owner sector:arbih_1st_corps:4 (reserve)
[brigade_assignment] Rehomed arbih_181st_mountain into truthful sector owner sector:arbih_1st_corps:4 (reserve)
[brigade_assignment] Rehomed arbih_185th_light into truthful sector owner sector:arbih_1st_corps:2 (reserve)
[brigade_assignment] FINAL_SEAL kind=turn turn=179 unresolved=0
[brigade_assignment] Rehomed arbih_109th_mountain into truthful sector owner sector:arbih_1st_corps:4 (reserve)
[brigade_assignment] Rehomed arbih_181st_mountain into truthful sector owner sector:arbih_1st_corps:4 (reserve)
[brigade_assignment] Rehomed arbih_185th_light into truthful sector owner sector:arbih_1st_corps:2 (reserve)
[brigade_assignment] Rehomed hrhb_6th_brigade_ranko_boban into truthful sector owner sector:hvo_southeast_herzegovina:0 (front)
[brigade_assignment] Rehomed hvo_rama_brigade into truthful sector owner sector:hvo_tomislavgrad:0 (front)
[brigade_assignment] Rehomed arbih_109th_mountain into truthful sector owner sector:arbih_1st_corps:4 (reserve)
[brigade_assignment] Rehomed arbih_181st_mountain into truthful sector owner sector:arbih_1st_corps:4 (reserve)
[brigade_assignment] Rehomed arbih_185th_light into truthful sector owner sector:arbih_1st_corps:2 (reserve)
[brigade_assignment] Rehomed arbih_109th_mountain into truthful sector owner sector:arbih_1st_corps:4 (reserve)
[brigade_assignment] Rehomed arbih_181st_mountain into truthful sector owner sector:arbih_1st_corps:4 (reserve)
[brigade_assignment] Rehomed arbih_185th_light into truthful sector owner sector:arbih_1st_corps:2 (reserve)
[brigade_assignment] Rehomed hrhb_6th_brigade_ranko_boban into truthful sector owner sector:hvo_southeast_herzegovina:0 (front)
[brigade_assignment] Rehomed arbih_109th_mountain into truthful sector owner sector:arbih_1st_corps:4 (reserve)
[brigade_assignment] Rehomed arbih_181st_mountain into truthful sector owner sector:arbih_1st_corps:4 (reserve)
[brigade_assignment] Rehomed arbih_185th_light into truthful sector owner sector:arbih_1st_corps:2 (reserve)
[brigade_assignment] FINAL_SEAL kind=turn turn=180 unresolved=0
[brigade_assignment] Rehomed arbih_109th_mountain into truthful sector owner sector:arbih_1st_corps:4 (reserve)
[brigade_assignment] Rehomed arbih_181st_mountain into truthful sector owner sector:arbih_1st_corps:4 (reserve)
[brigade_assignment] Rehomed arbih_185th_light into truthful sector owner sector:arbih_1st_corps:2 (reserve)
[brigade_assignment] Rehomed hrhb_6th_brigade_ranko_boban into truthful sector owner sector:hvo_southeast_herzegovina:0 (front)
[brigade_assignment] Rehomed arbih_109th_mountain into truthful sector owner sector:arbih_1st_corps:4 (reserve)
[brigade_assignment] Rehomed arbih_181st_mountain into truthful sector owner sector:arbih_1st_corps:4 (reserve)
[brigade_assignment] Rehomed arbih_185th_light into truthful sector owner sector:arbih_1st_corps:2 (reserve)
[brigade_assignment] Rehomed arbih_109th_mountain into truthful sector owner sector:arbih_1st_corps:4 (reserve)
[brigade_assignment] Rehomed arbih_181st_mountain into truthful sector owner sector:arbih_1st_corps:4 (reserve)
[brigade_assignment] Rehomed arbih_185th_light into truthful sector owner sector:arbih_1st_corps:2 (reserve)
[brigade_assignment] Rehomed hrhb_6th_brigade_ranko_boban into truthful sector owner sector:hvo_southeast_herzegovina:0 (front)
[brigade_assignment] Rehomed rs_1st_kotor_varo_light_infantry into truthful sector owner sector:vrs_1st_krajina:2 (front)
[brigade_assignment] Rehomed arbih_109th_mountain into truthful sector owner sector:arbih_1st_corps:4 (reserve)
[brigade_assignment] Rehomed arbih_181st_mountain into truthful sector owner sector:arbih_1st_corps:4 (reserve)
[brigade_assignment] Rehomed arbih_185th_light into truthful sector owner sector:arbih_1st_corps:2 (reserve)
[brigade_assignment] FINAL_SEAL kind=turn turn=181 unresolved=0
[brigade_assignment] Rehomed arbih_109th_mountain into truthful sector owner sector:arbih_1st_corps:4 (reserve)
[brigade_assignment] Rehomed arbih_181st_mountain into truthful sector owner sector:arbih_1st_corps:4 (reserve)
[brigade_assignment] Rehomed arbih_185th_light into truthful sector owner sector:arbih_1st_corps:2 (reserve)
[brigade_assignment] Rehomed hrhb_1st_brigade_mostar into truthful sector owner sector:hvo_southeast_herzegovina:0 (front)
[brigade_assignment] Rehomed hrhb_6th_brigade_ranko_boban into truthful sector owner sector:hvo_southeast_herzegovina:0 (front)
[brigade_assignment] Rehomed rs_1st_kotor_varo_light_infantry into truthful sector owner sector:vrs_1st_krajina:2 (front)
[brigade_assignment] Rehomed arbih_109th_mountain into truthful sector owner sector:arbih_1st_corps:4 (reserve)
[brigade_assignment] Rehomed arbih_181st_mountain into truthful sector owner sector:arbih_1st_corps:4 (reserve)
[brigade_assignment] Rehomed arbih_185th_light into truthful sector owner sector:arbih_1st_corps:2 (reserve)
[brigade_assignment] Rehomed arbih_109th_mountain into truthful sector owner sector:arbih_1st_corps:4 (reserve)
[brigade_assignment] Rehomed arbih_181st_mountain into truthful sector owner sector:arbih_1st_corps:4 (reserve)
[brigade_assignment] Rehomed arbih_185th_light into truthful sector owner sector:arbih_1st_corps:2 (reserve)
[brigade_assignment] Rehomed hrhb_1st_brigade_mostar into truthful sector owner sector:hvo_southeast_herzegovina:0 (front)
[brigade_assignment] Rehomed hrhb_6th_brigade_ranko_boban into truthful sector owner sector:hvo_southeast_herzegovina:0 (front)
[brigade_assignment] Rehomed rs_1st_kotor_varo_light_infantry into truthful sector owner sector:vrs_1st_krajina:2 (front)
[brigade_assignment] Rehomed arbih_109th_mountain into truthful sector owner sector:arbih_1st_corps:4 (reserve)
[brigade_assignment] Rehomed arbih_181st_mountain into truthful sector owner sector:arbih_1st_corps:4 (reserve)
[brigade_assignment] Rehomed arbih_185th_light into truthful sector owner sector:arbih_1st_corps:2 (reserve)
[brigade_assignment] FINAL_SEAL kind=turn turn=182 unresolved=0
[brigade_assignment] Rehomed arbih_109th_mountain into truthful sector owner sector:arbih_1st_corps:4 (reserve)
[brigade_assignment] Rehomed arbih_181st_mountain into truthful sector owner sector:arbih_1st_corps:4 (reserve)
[brigade_assignment] Rehomed arbih_185th_light into truthful sector owner sector:arbih_1st_corps:2 (reserve)
[brigade_assignment] Rehomed hrhb_1st_brigade_mostar into truthful sector owner sector:hvo_southeast_herzegovina:0 (front)
[brigade_assignment] Rehomed hrhb_6th_brigade_ranko_boban into truthful sector owner sector:hvo_southeast_herzegovina:0 (front)
[brigade_assignment] Rehomed rs_1st_kotor_varo_light_infantry into truthful sector owner sector:vrs_1st_krajina:2 (front)
[brigade_assignment] Rehomed arbih_109th_mountain into truthful sector owner sector:arbih_1st_corps:4 (reserve)
[brigade_assignment] Rehomed arbih_181st_mountain into truthful sector owner sector:arbih_1st_corps:4 (reserve)
[brigade_assignment] Rehomed arbih_185th_light into truthful sector owner sector:arbih_1st_corps:2 (reserve)
[brigade_assignment] Rehomed arbih_109th_mountain into truthful sector owner sector:arbih_1st_corps:4 (reserve)
[brigade_assignment] Rehomed arbih_181st_mountain into truthful sector owner sector:arbih_1st_corps:4 (reserve)
[brigade_assignment] Rehomed arbih_185th_light into truthful sector owner sector:arbih_1st_corps:2 (reserve)
[brigade_assignment] Rehomed hrhb_1st_brigade_mostar into truthful sector owner sector:hvo_southeast_herzegovina:0 (front)
[brigade_assignment] Rehomed hrhb_6th_brigade_ranko_boban into truthful sector owner sector:hvo_southeast_herzegovina:0 (front)
[brigade_assignment] Rehomed arbih_109th_mountain into truthful sector owner sector:arbih_1st_corps:4 (reserve)
[brigade_assignment] Rehomed arbih_181st_mountain into truthful sector owner sector:arbih_1st_corps:4 (reserve)
[brigade_assignment] Rehomed arbih_185th_light into truthful sector owner sector:arbih_1st_corps:2 (reserve)
[brigade_assignment] Rehomed rs_6th_sanske_infantry into truthful sector owner sector:vrs_1st_krajina:5 (front)
[brigade_assignment] FINAL_SEAL kind=turn turn=183 unresolved=0
[brigade_assignment] Rehomed arbih_109th_mountain into truthful sector owner sector:arbih_1st_corps:4 (reserve)
[brigade_assignment] Rehomed arbih_181st_mountain into truthful sector owner sector:arbih_1st_corps:4 (reserve)
[brigade_assignment] Rehomed arbih_185th_light into truthful sector owner sector:arbih_1st_corps:2 (reserve)
[brigade_assignment] Rehomed hrhb_1st_brigade_mostar into truthful sector owner sector:hvo_southeast_herzegovina:0 (front)
[brigade_assignment] Rehomed hrhb_6th_brigade_ranko_boban into truthful sector owner sector:hvo_southeast_herzegovina:0 (front)
[brigade_assignment] Rehomed arbih_109th_mountain into truthful sector owner sector:arbih_1st_corps:4 (reserve)
[brigade_assignment] Rehomed arbih_181st_mountain into truthful sector owner sector:arbih_1st_corps:4 (reserve)
[brigade_assignment] Rehomed arbih_185th_light into truthful sector owner sector:arbih_1st_corps:2 (reserve)
[brigade_assignment] Rehomed rs_6th_sanske_infantry into truthful sector owner sector:vrs_1st_krajina:3 (front)
[brigade_assignment] Rehomed arbih_109th_mountain into truthful sector owner sector:arbih_1st_corps:4 (reserve)
[brigade_assignment] Rehomed arbih_181st_mountain into truthful sector owner sector:arbih_1st_corps:4 (reserve)
[brigade_assignment] Rehomed arbih_185th_light into truthful sector owner sector:arbih_1st_corps:2 (reserve)
[brigade_assignment] Rehomed hrhb_1st_brigade_mostar into truthful sector owner sector:hvo_southeast_herzegovina:0 (front)
[brigade_assignment] Rehomed hrhb_6th_brigade_ranko_boban into truthful sector owner sector:hvo_southeast_herzegovina:0 (front)
[brigade_assignment] Rehomed arbih_109th_mountain into truthful sector owner sector:arbih_1st_corps:4 (reserve)
[brigade_assignment] Rehomed arbih_181st_mountain into truthful sector owner sector:arbih_1st_corps:4 (reserve)
[brigade_assignment] Rehomed arbih_185th_light into truthful sector owner sector:arbih_1st_corps:2 (reserve)
[brigade_assignment] Rehomed arbih_109th_mountain into truthful sector owner sector:arbih_1st_corps:4 (reserve)
[brigade_assignment] Rehomed arbih_181st_mountain into truthful sector owner sector:arbih_1st_corps:4 (reserve)
[brigade_assignment] Rehomed arbih_185th_light into truthful sector owner sector:arbih_1st_corps:2 (reserve)
[brigade_assignment] Rehomed hrhb_1st_brigade_mostar into truthful sector owner sector:hvo_southeast_herzegovina:0 (front)
[brigade_assignment] Rehomed hrhb_6th_brigade_ranko_boban into truthful sector owner sector:hvo_southeast_herzegovina:0 (front)
[brigade_assignment] Rehomed arbih_109th_mountain into truthful sector owner sector:arbih_1st_corps:4 (reserve)
[brigade_assignment] Rehomed arbih_181st_mountain into truthful sector owner sector:arbih_1st_corps:4 (reserve)
[brigade_assignment] Rehomed arbih_185th_light into truthful sector owner sector:arbih_1st_corps:2 (reserve)
[brigade_assignment] FINAL_SEAL kind=turn turn=184 unresolved=0
[brigade_assignment] Rehomed arbih_109th_mountain into truthful sector owner sector:arbih_1st_corps:4 (reserve)
[brigade_assignment] Rehomed arbih_181st_mountain into truthful sector owner sector:arbih_1st_corps:4 (reserve)
[brigade_assignment] Rehomed arbih_185th_light into truthful sector owner sector:arbih_1st_corps:2 (reserve)
[brigade_assignment] Rehomed hrhb_1st_herzegovina_brigade_knez_domagoj into truthful sector owner sector:hvo_southeast_herzegovina:0 (front)
[brigade_assignment] Rehomed hrhb_6th_brigade_ranko_boban into truthful sector owner sector:hvo_southeast_herzegovina:0 (front)
[brigade_assignment] Rehomed arbih_109th_mountain into truthful sector owner sector:arbih_1st_corps:4 (reserve)
[brigade_assignment] Rehomed arbih_181st_mountain into truthful sector owner sector:arbih_1st_corps:4 (reserve)
[brigade_assignment] Rehomed arbih_185th_light into truthful sector owner sector:arbih_1st_corps:2 (reserve)
[brigade_assignment] Rehomed arbih_109th_mountain into truthful sector owner sector:arbih_1st_corps:4 (reserve)
[brigade_assignment] Rehomed arbih_181st_mountain into truthful sector owner sector:arbih_1st_corps:4 (reserve)
[brigade_assignment] Rehomed arbih_185th_light into truthful sector owner sector:arbih_1st_corps:2 (reserve)
[brigade_assignment] Rehomed hrhb_1st_herzegovina_brigade_knez_domagoj into truthful sector owner sector:hvo_southeast_herzegovina:0 (front)
[brigade_assignment] Rehomed hrhb_6th_brigade_ranko_boban into truthful sector owner sector:hvo_southeast_herzegovina:0 (front)
[brigade_assignment] Rehomed rs_1st_tesli_infantry into truthful sector owner sector:vrs_1st_krajina:6 (front)
[brigade_assignment] Rehomed arbih_109th_mountain into truthful sector owner sector:arbih_1st_corps:4 (reserve)
[brigade_assignment] Rehomed arbih_181st_mountain into truthful sector owner sector:arbih_1st_corps:4 (reserve)
[brigade_assignment] Rehomed arbih_185th_light into truthful sector owner sector:arbih_1st_corps:2 (reserve)
[brigade_assignment] Rehomed arbih_109th_mountain into truthful sector owner sector:arbih_1st_corps:4 (reserve)
[brigade_assignment] Rehomed arbih_181st_mountain into truthful sector owner sector:arbih_1st_corps:4 (reserve)
[brigade_assignment] Rehomed arbih_185th_light into truthful sector owner sector:arbih_1st_corps:2 (reserve)
[brigade_assignment] Rehomed hrhb_1st_herzegovina_brigade_knez_domagoj into truthful sector owner sector:hvo_southeast_herzegovina:0 (front)
[brigade_assignment] Rehomed hrhb_6th_brigade_ranko_boban into truthful sector owner sector:hvo_southeast_herzegovina:0 (front)
[brigade_assignment] Rehomed rs_1st_tesli_infantry into truthful sector owner sector:vrs_1st_krajina:6 (front)
[brigade_assignment] Rehomed arbih_109th_mountain into truthful sector owner sector:arbih_1st_corps:4 (reserve)
[brigade_assignment] Rehomed arbih_181st_mountain into truthful sector owner sector:arbih_1st_corps:4 (reserve)
[brigade_assignment] Rehomed arbih_185th_light into truthful sector owner sector:arbih_1st_corps:2 (reserve)
[brigade_assignment] FINAL_SEAL kind=turn turn=185 unresolved=0
[brigade_assignment] Rehomed arbih_109th_mountain into truthful sector owner sector:arbih_1st_corps:4 (reserve)
[brigade_assignment] Rehomed arbih_181st_mountain into truthful sector owner sector:arbih_1st_corps:4 (reserve)
[brigade_assignment] Rehomed arbih_185th_light into truthful sector owner sector:arbih_1st_corps:2 (reserve)
[brigade_assignment] Rehomed hrhb_6th_brigade_ranko_boban into truthful sector owner sector:hvo_southeast_herzegovina:0 (front)
[brigade_assignment] Rehomed rs_1st_tesli_infantry into truthful sector owner sector:vrs_1st_krajina:6 (front)
[brigade_assignment] Rehomed arbih_109th_mountain into truthful sector owner sector:arbih_1st_corps:4 (reserve)
[brigade_assignment] Rehomed arbih_181st_mountain into truthful sector owner sector:arbih_1st_corps:4 (reserve)
[brigade_assignment] Rehomed arbih_185th_light into truthful sector owner sector:arbih_1st_corps:2 (reserve)
[brigade_assignment] Rehomed arbih_109th_mountain into truthful sector owner sector:arbih_1st_corps:4 (reserve)
[brigade_assignment] Rehomed arbih_181st_mountain into truthful sector owner sector:arbih_1st_corps:4 (reserve)
[brigade_assignment] Rehomed arbih_185th_light into truthful sector owner sector:arbih_1st_corps:2 (reserve)
[brigade_assignment] Rehomed hrhb_6th_brigade_ranko_boban into truthful sector owner sector:hvo_southeast_herzegovina:0 (front)
[brigade_assignment] Rehomed rs_1st_tesli_infantry into truthful sector owner sector:vrs_1st_krajina:6 (front)
[brigade_assignment] Rehomed arbih_109th_mountain into truthful sector owner sector:arbih_1st_corps:4 (reserve)
[brigade_assignment] Rehomed arbih_181st_mountain into truthful sector owner sector:arbih_1st_corps:4 (reserve)
[brigade_assignment] Rehomed arbih_185th_light into truthful sector owner sector:arbih_1st_corps:2 (reserve)
[brigade_assignment] Rehomed arbih_109th_mountain into truthful sector owner sector:arbih_1st_corps:4 (reserve)
[brigade_assignment] Rehomed arbih_181st_mountain into truthful sector owner sector:arbih_1st_corps:4 (reserve)
[brigade_assignment] Rehomed arbih_185th_light into truthful sector owner sector:arbih_1st_corps:2 (reserve)
[brigade_assignment] Rehomed hrhb_6th_brigade_ranko_boban into truthful sector owner sector:hvo_southeast_herzegovina:0 (front)
[brigade_assignment] Rehomed rs_1st_tesli_infantry into truthful sector owner sector:vrs_1st_krajina:6 (front)
[brigade_assignment] Rehomed arbih_109th_mountain into truthful sector owner sector:arbih_1st_corps:4 (reserve)
[brigade_assignment] Rehomed arbih_181st_mountain into truthful sector owner sector:arbih_1st_corps:4 (reserve)
[brigade_assignment] Rehomed arbih_185th_light into truthful sector owner sector:arbih_1st_corps:2 (reserve)
[brigade_assignment] FINAL_SEAL kind=turn turn=186 unresolved=0
[brigade_assignment] Rehomed arbih_109th_mountain into truthful sector owner sector:arbih_1st_corps:4 (reserve)
[brigade_assignment] Rehomed arbih_181st_mountain into truthful sector owner sector:arbih_1st_corps:4 (reserve)
[brigade_assignment] Rehomed arbih_185th_light into truthful sector owner sector:arbih_1st_corps:2 (reserve)
[brigade_assignment] Rehomed hrhb_6th_brigade_ranko_boban into truthful sector owner sector:hvo_southeast_herzegovina:0 (front)
[brigade_assignment] Rehomed rs_1st_tesli_infantry into truthful sector owner sector:vrs_1st_krajina:6 (front)
[brigade_assignment] Rehomed arbih_109th_mountain into truthful sector owner sector:arbih_1st_corps:4 (reserve)
[brigade_assignment] Rehomed arbih_181st_mountain into truthful sector owner sector:arbih_1st_corps:4 (reserve)
[brigade_assignment] Rehomed arbih_185th_light into truthful sector owner sector:arbih_1st_corps:2 (reserve)
[brigade_assignment] Rehomed arbih_109th_mountain into truthful sector owner sector:arbih_1st_corps:4 (reserve)
[brigade_assignment] Rehomed arbih_181st_mountain into truthful sector owner sector:arbih_1st_corps:4 (reserve)
[brigade_assignment] Rehomed arbih_185th_light into truthful sector owner sector:arbih_1st_corps:2 (reserve)
[brigade_assignment] Rehomed hrhb_6th_brigade_ranko_boban into truthful sector owner sector:hvo_southeast_herzegovina:0 (front)
[brigade_assignment] Rehomed rs_1st_tesli_infantry into truthful sector owner sector:vrs_1st_krajina:6 (front)
[brigade_assignment] Rehomed arbih_109th_mountain into truthful sector owner sector:arbih_1st_corps:4 (reserve)
[brigade_assignment] Rehomed arbih_181st_mountain into truthful sector owner sector:arbih_1st_corps:4 (reserve)
[brigade_assignment] Rehomed arbih_185th_light into truthful sector owner sector:arbih_1st_corps:2 (reserve)
[brigade_assignment] FINAL_SEAL kind=turn turn=187 unresolved=0
[brigade_assignment] Rehomed arbih_109th_mountain into truthful sector owner sector:arbih_1st_corps:4 (reserve)
[brigade_assignment] Rehomed arbih_181st_mountain into truthful sector owner sector:arbih_1st_corps:4 (reserve)
[brigade_assignment] Rehomed arbih_185th_light into truthful sector owner sector:arbih_1st_corps:2 (reserve)
[brigade_assignment] Rehomed hrhb_1st_brigade_mostar into truthful sector owner sector:hvo_southeast_herzegovina:0 (front)
[brigade_assignment] Rehomed hrhb_6th_brigade_ranko_boban into truthful sector owner sector:hvo_southeast_herzegovina:0 (front)
[brigade_assignment] Rehomed rs_1st_tesli_infantry into truthful sector owner sector:vrs_1st_krajina:6 (front)
[brigade_assignment] Rehomed arbih_109th_mountain into truthful sector owner sector:arbih_1st_corps:4 (reserve)
[brigade_assignment] Rehomed arbih_181st_mountain into truthful sector owner sector:arbih_1st_corps:4 (reserve)
[brigade_assignment] Rehomed arbih_185th_light into truthful sector owner sector:arbih_1st_corps:2 (reserve)
[brigade_assignment] Rehomed arbih_109th_mountain into truthful sector owner sector:arbih_1st_corps:4 (reserve)
[brigade_assignment] Rehomed arbih_181st_mountain into truthful sector owner sector:arbih_1st_corps:4 (reserve)
[brigade_assignment] Rehomed arbih_185th_light into truthful sector owner sector:arbih_1st_corps:2 (reserve)
[brigade_assignment] Rehomed hrhb_1st_brigade_mostar into truthful sector owner sector:hvo_southeast_herzegovina:0 (front)
[brigade_assignment] Rehomed hrhb_6th_brigade_ranko_boban into truthful sector owner sector:hvo_southeast_herzegovina:0 (front)
[brigade_assignment] Rehomed rs_1st_tesli_infantry into truthful sector owner sector:vrs_1st_krajina:6 (front)
[brigade_assignment] Rehomed arbih_109th_mountain into truthful sector owner sector:arbih_1st_corps:4 (reserve)
[brigade_assignment] Rehomed arbih_181st_mountain into truthful sector owner sector:arbih_1st_corps:4 (reserve)
[brigade_assignment] Rehomed arbih_185th_light into truthful sector owner sector:arbih_1st_corps:2 (reserve)
[brigade_assignment] FINAL_SEAL kind=turn turn=188 unresolved=0
[brigade_assignment] Rehomed arbih_109th_mountain into truthful sector owner sector:arbih_1st_corps:4 (reserve)
[brigade_assignment] Rehomed arbih_181st_mountain into truthful sector owner sector:arbih_1st_corps:4 (reserve)
[brigade_assignment] Rehomed arbih_185th_light into truthful sector owner sector:arbih_1st_corps:2 (reserve)
[brigade_assignment] Rehomed hrhb_1st_brigade_mostar into truthful sector owner sector:hvo_southeast_herzegovina:0 (front)
[brigade_assignment] Rehomed hrhb_6th_brigade_ranko_boban into truthful sector owner sector:hvo_southeast_herzegovina:0 (front)
[brigade_assignment] Rehomed rs_1st_tesli_infantry into truthful sector owner sector:vrs_1st_krajina:6 (front)
[brigade_assignment] Rehomed arbih_109th_mountain into truthful sector owner sector:arbih_1st_corps:4 (reserve)
[brigade_assignment] Rehomed arbih_181st_mountain into truthful sector owner sector:arbih_1st_corps:4 (reserve)
[brigade_assignment] Rehomed arbih_185th_light into truthful sector owner sector:arbih_1st_corps:2 (reserve)
[brigade_assignment] Rehomed arbih_109th_mountain into truthful sector owner sector:arbih_1st_corps:4 (reserve)
[brigade_assignment] Rehomed arbih_181st_mountain into truthful sector owner sector:arbih_1st_corps:4 (reserve)
[brigade_assignment] FINAL_SEAL kind=final_save turn=188 unresolved=0
outDir: runs\apr1992_definitive_188w__6deb5845c150c196__w188_n1
paths: runs\apr1992_definitive_188w__6deb5845c150c196__w188_n1\initial_save.json
       runs\apr1992_definitive_188w__6deb5845c150c196__w188_n1\final_save.json
       runs\apr1992_definitive_188w__6deb5845c150c196__w188_n1\weekly_report.jsonl
       runs\apr1992_definitive_188w__6deb5845c150c196__w188_n1\run_summary.json
       runs\apr1992_definitive_188w__6deb5845c150c196__w188_n1\control_delta.json
       runs\apr1992_definitive_188w__6deb5845c150c196__w188_n1\end_report.md
       runs\apr1992_definitive_188w__6deb5845c150c196__w188_n1\activity_summary.json
       runs\apr1992_definitive_188w__6deb5845c150c196__w188_n1\formation_delta.json
final_state_hash: dfb25cc6318bdbcc
