bash resolved to: C:\Program Files\Git\bin\bash.exe

> awwv@0.9.9-beta.1 test:vitest:balanced
> node tools/test/run_vitest_balanced.mjs --shards=4 -- --reporter=dot --silent

[balanced-vitest] workers=4; partitioned files=1; serial files=51


 RUN  v2.1.9 F:/A-War-Without-Victory

 RUN  v2.1.9 F:/A-War-Without-Victory



 RUN  v2.1.9 F:/A-War-Without-Victory
 RUN  v2.1.9 F:/A-War-Without-Victory


 ✓ tests/paradox_local_qa_harness.test.ts (51 tests) 155ms
 ✓ tests/save_migration_validator_rejection.test.ts (201 tests) 222ms
 ✓ tests/commander/elite_formation_utilization.test.ts (41 tests) 87ms
 ✓ tests/commander/operation_emit_overlap_guards.test.ts (29 tests) 80ms
 ✓ tests/army_reserve_system.test.ts (66 tests) 47ms
 ✓ tests/ui/presidential_decision_room.test.ts (64 tests) 146ms
 ✓ tests/commander/commander.test.ts (59 tests) 56ms
 ✓ tests/strict_null_inventory_progress.test.ts (90 tests) 32ms
 ✓ tests/ui_map_game_state_adapter.test.ts (70 tests) 116ms
 ✓ tests/operation_opportunities_catalog.test.ts (44 tests) 112ms
 ✓ tests/save_migration_versioned_steps.test.ts (38 tests) 36ms
 ✓ tests/paramilitary_sweep.test.ts (59 tests) 51ms
 ✓ tests/sector_offensive_idle_recovery.test.ts (15 tests) 36ms
 ✓ tests/brigade_front_distribution.test.ts (30 tests) 25ms
 ✓ tests/validate_run_consistency.test.ts (22 tests) 278ms
 ✓ tests/commander/commander_phase3_candidate_competition.test.ts (43 tests) 36ms
 ✓ tests/army_hq_gathering.test.ts (68 tests) 44ms
 ✓ tests/pre_planned_operations.test.ts (73 tests) 87ms
 ✓ tests/operation_aar.test.ts (57 tests) 30ms
 ✓ tests/brigade_territory_reconciliation.test.ts (37 tests) 45ms
 ✓ tests/ui/codex_essay_vocab_integration.test.ts (43 tests) 31ms
 ✓ tests/ui/inbox_items.test.ts (56 tests) 72ms
 ✓ tests/sector_frontline_truth.test.ts (31 tests) 304ms
 ✓ tests/recruitment_engine.test.ts (34 tests) 25ms
 ✓ tests/sector_severe_undercoverage_rebalance.test.ts (17 tests) 41ms
 ✓ tests/bot_operation_objective_focus.test.ts (17 tests) 35ms
 ✓ tests/sim/events/event_taxonomy_report.test.ts (27 tests) 1151ms
 ✓ tests/sensitive_history_canon_gate_audit.test.ts (32 tests) 96ms
[E5] Political control initialized (hybrid_1992, threshold=0.7): 5822 canonical graph nodes (SID-keyed), RBiH=2297, RS=2507, HRHB=1018. Promoted to OSID when operational data present.
 ✓ tests/codex_sensitive_claim_inventory.test.ts (29 tests) 20780ms
   ✓ real dynamic Codex claims name a non-calendar predicate and rupture tags stay on rupture essays 1216ms
   ✓ inventory-identified safe essay residuals and the rewritten NATO record carry source notes 1165ms
   ✓ unindexed Wave-4 essay deposits remain inventoried without entering the player-facing history queue 1286ms
   ✓ player-facing claims with complete citations and source notes carry a resolved source tier 1157ms
   ✓ inventory reports the 1993 placement/window contract for Neretva, Grabovica, and Uzdol 1128ms
   ✓ inventory documents the sourced 1993 central-Bosnia provenance packet 1172ms
   ✓ inventory documents the summer 1992 Herceg-Bosna posture packet 1123ms
   ✓ inventory documents conditional consequence rows as design counterfactuals 1144ms
   ✓ inventory documents every player-facing essay and dynamic section 1136ms
   ✓ inventory documents event rows paired with player-facing essays 1154ms
   ✓ inventory documents every player-facing historical event claim 1149ms
   ✓ inventory has no unresolved player-facing claim 1132ms
   ✓ inventory clears the source floor for the Jajce-to-final-offensives packet 1157ms
   ✓ inventory documents the state-identity and adjudicated-command provenance packet 1374ms
   ✓ inventory has no player-facing essay below the two-source floor 1212ms
   ✓ inventory has no generic actor-symmetry claim in player-facing history 1483ms
   ✓ inventory covers claim prose without relying on a narrow keyword list 1385ms
 ✓ tests/events_evaluate.test.ts (49 tests) 812ms
 ✓ tests/operation_preparation_force_ratio.test.ts (16 tests) 20ms
 ✓ tests/consequence_chains.test.ts (53 tests) 62ms
 ✓ tests/dynamic_codex_slice_v1.test.ts (35 tests) 74ms
 ✓ tests/ui/turn_aftermath.test.ts (25 tests) 40ms
 ✓ tests/ui_map_interactions.test.ts (27 tests) 37ms
[E5] Political control initialized (hybrid_1992, threshold=0.7): 5822 canonical graph nodes (SID-keyed), RBiH=2297, RS=2507, HRHB=1018. Promoted to OSID when operational data present.
 ✓ tests/scenario_harness_contracts.test.ts (22 tests) 65195ms
   ✓ H1.4 scenario harness smoke > scenario harness smoke: noop scenarios produce expected artifacts 11996ms
   ✓ H1.4 scenario harness smoke > scenario harness smoke: noop_4w determinism (two runs => identical final_save.json) 5488ms
   ✓ H1.4 scenario harness smoke > no-formation startups stay empty and turn-time phantoms require host commands 4122ms
   ✓ scenario end report h1.5 > writes the end-of-run report artifacts 2913ms
   ✓ scenario end report h1.5 > keeps control_delta.json stable and ordered 2940ms
   ✓ scenario failure reporting h1.5.1 > stamps the authored anchor contract into run metadata before simulation starts 300ms
   ✓ H1.7 scenario activity diagnostics > scenario activity diagnostics: activity_summary.json and Activity over run in end_report 2848ms
   ✓ H1.7 scenario activity diagnostics > phase ii run_summary includes phase_ii_attack_resolution diagnostics block 5746ms
   ✓ H1.8 scenario probe compare > scenario probe compare: probe_compare.json and probe_compare.md exist with required keys 5968ms
   ✓ H1.9 scenario baseline ops > scenario baseline_ops: run succeeds and emits expected artifacts/metrics 3120ms
   ✓ H1.1 scenario determinism > scenario determinism: same scenario run twice yields identical final_save.json 9013ms
   ✓ H2.4 scenario bots determinism > scenario bots determinism: noop_4w_bots run twice yields identical key artifacts 6265ms
   ✓ H2.4 scenario bots determinism > scenario bots run summary includes deterministic benchmark evaluation contract 3208ms
   ✓ apr1992 must-hold contract > apr1992 definitive must-hold references live corps ids and real operational osids 1019ms
 ✓ tests/officer_system.test.ts (47 tests) 26ms
 ✓ tests/command_authority_assessment_constraints.test.ts (51 tests) 23ms
 ✓ tests/triggered_operations.test.ts (31 tests) 140ms
 ✓ tests/sector_partition_buildCorpsFrontSectors_integration.test.ts (12 tests | 1 skipped) 748273ms
   ✓ G1.5: buildCorpsFrontSectors integration property — cache ON vs OFF byte-equality > cached path matches uncached path on the pristine real-save fixture 1294ms
   ✓ G1.5: buildCorpsFrontSectors integration property — cache ON vs OFF byte-equality > invocation-local front-edge relation matches the independent legacy strategy on the pristine real-save fixture 4896ms
   ✓ G1.5: buildCorpsFrontSectors integration property — cache ON vs OFF byte-equality > constructs at most one standard/strict relation per used faction, discards them between calls, observes synthetic fallbacks, and keeps unexpected canonical fallback at zero 1577ms
   ✓ G1.5: buildCorpsFrontSectors integration property — cache ON vs OFF byte-equality > cached path matches uncached path on the final-pass real-save fixture 1077ms
   ✓ G1.5: buildCorpsFrontSectors integration property — cache ON vs OFF byte-equality > cached path is stable across back-to-back invocations on identical state (no cross-invocation leakage) 1080ms
   ✓ G1.5: buildCorpsFrontSectors integration property — cache ON vs OFF byte-equality > cached path matches uncached path across ≥100 deterministic state variants 36668ms
   ✓ G1.5: buildCorpsFrontSectors integration property — cache ON vs OFF byte-equality > cached path matches uncached path across war-pass + final-pass split 2070ms
   ✓ G1.5: buildCorpsFrontSectors integration property — cache ON vs OFF byte-equality > fixed-point shortcuts preserve every sector field and direct state side effect across production modes and 100 real-save variants 144853ms
   ✓ G1.5: buildCorpsFrontSectors integration property — cache ON vs OFF byte-equality > dense occupancy preserves every sector field and direct state side effect against legacy scans across production modes and 100 real-save variants 145113ms
   ✓ G1.5: buildCorpsFrontSectors integration property — cache ON vs OFF byte-equality > invocation-local front-edge relations preserve reconciliation reports, sessions, receipts, geometry order, sectors, full state, warnings, bytes, and rerun hashes across production modes and 100 real-save variants 409237ms
 ✓ tests/events_evaluate_b3.test.ts (32 tests) 225ms
 ✓ tests/event_loader_runtime_substrate.test.ts (50 tests | 5 skipped) 286ms
 ✓ tests/alliance_lifecycle.test.ts (41 tests) 22ms
 ✓ tests/map_transition_profile_harness.test.ts (31 tests) 552ms
   ✓ map transition Electron profile harness contract > keeps player-visible evidence opt-in and records the complete interaction matrix 475ms
 ✓ tests/attack_casualty_distribution.test.ts (35 tests) 34ms
 ✓ tests/dayton_negotiation.test.ts (39 tests) 61ms
 ✓ tests/commander/corridor_quality_guard.test.ts (6 tests) 17ms
 ✓ tests/uncontested_occupation_priority.test.ts (9 tests) 20ms
 ✓ tests/command_authority_friction_stabilization.test.ts (49 tests) 16ms
 ✓ tests/corps_operation_readiness.test.ts (11 tests) 9ms
 ✓ tests/state/displacement_event_log.test.ts (22 tests) 486ms
 ✓ tests/sector_partition_buildCorpsFrontSectors_integration.test.ts (12 tests | 1 skipped) 748749ms
   ✓ G1.5: buildCorpsFrontSectors integration property — cache ON vs OFF byte-equality > cached path matches uncached path on the pristine real-save fixture 1249ms
   ✓ G1.5: buildCorpsFrontSectors integration property — cache ON vs OFF byte-equality > invocation-local front-edge relation matches the independent legacy strategy on the pristine real-save fixture 4752ms
   ✓ G1.5: buildCorpsFrontSectors integration property — cache ON vs OFF byte-equality > constructs at most one standard/strict relation per used faction, discards them between calls, observes synthetic fallbacks, and keeps unexpected canonical fallback at zero 1545ms
   ✓ G1.5: buildCorpsFrontSectors integration property — cache ON vs OFF byte-equality > cached path matches uncached path on the final-pass real-save fixture 990ms
   ✓ G1.5: buildCorpsFrontSectors integration property — cache ON vs OFF byte-equality > cached path is stable across back-to-back invocations on identical state (no cross-invocation leakage) 1047ms
   ✓ G1.5: buildCorpsFrontSectors integration property — cache ON vs OFF byte-equality > cached path matches uncached path across ≥100 deterministic state variants 37484ms
   ✓ G1.5: buildCorpsFrontSectors integration property — cache ON vs OFF byte-equality > cached path matches uncached path across war-pass + final-pass split 2090ms
   ✓ G1.5: buildCorpsFrontSectors integration property — cache ON vs OFF byte-equality > fixed-point shortcuts preserve every sector field and direct state side effect across production modes and 100 real-save variants 145025ms
   ✓ G1.5: buildCorpsFrontSectors integration property — cache ON vs OFF byte-equality > dense occupancy preserves every sector field and direct state side effect against legacy scans across production modes and 100 real-save variants 144898ms
   ✓ G1.5: buildCorpsFrontSectors integration property — cache ON vs OFF byte-equality > invocation-local front-edge relations preserve reconciliation reports, sessions, receipts, geometry order, sectors, full state, warnings, bytes, and rerun hashes across production modes and 100 real-save variants 409273ms
 ✓ tests/krivaja_roster_and_prestage.test.ts (11 tests) 145ms
 ✓ tests/commander/commander_phase5_constraint_preference.test.ts (24 tests) 23ms
 ✓ tests/phase_e_activation_simulator.test.ts (24 tests) 22ms
 ✓ tests/event_decisions.test.ts (33 tests) 143ms
 ✓ tests/operation_preparation_in_transit_context.test.ts (9 tests) 18ms
 ✓ tests/attack_resolution_osid_intel_friction.test.ts (17 tests) 47ms
 ✓ tests/sim/combat/phase3_reliability_decay.test.ts (15 tests) 13ms
 ✓ tests/tg_op_lifecycle.test.ts (19 tests) 27ms
 ✓ tests/militia_casualty_persistence.test.ts (20 tests) 36ms
 ✓ tests/divergence_events_wave_4.test.ts (12 tests) 44ms
 ✓ tests/wrapped_slides.test.ts (29 tests) 23ms
 ✓ tests/sustainability.test.ts (18 tests) 11ms
 ✓ tests/stupcanica_defender_stack_shape_b.test.ts (17 tests) 15ms
 ✓ tests/sim/political/political_peace_plan.test.ts (17 tests) 11ms
 ✓ tests/desktop_player_visible_state.test.ts (21 tests) 5346ms
   ✓ desktop player-visible state projection > keeps only the player faction durable proposal receipt through Advance, save/load, and Electron projection 5218ms
 ✓ tests/treaty.test.ts (17 tests) 10ms
 ✓ tests/engine_truth_checkpoint.test.ts (37 tests) 33ms
 ✓ tests/ui/codex_essay_resolver.test.ts (47 tests) 27ms
 ✓ tests/cost_ledger_comparison.test.ts (16 tests) 46ms
 ✓ tests/ui/first_hour_browser_gate_contract.test.ts (12 tests) 61ms
 ✓ tests/leadership_actions.test.ts (26 tests) 28ms
 ✓ tests/probe_preparation.test.ts (36 tests) 25ms
 ✓ tests/event_state_shape_validation.test.ts (9 tests) 21ms
 ✓ tests/collapse_phase1_disabled.test.ts (22 tests) 23ms
 ✓ tests/free_war_ethics_bright_line.test.ts (14 tests) 13ms
 ✓ tests/sim/political/patron_calls_phase4.test.ts (18 tests) 79ms
 ✓ tests/divergence_events_wave_12.test.ts (11 tests) 43ms
 ✓ tests/attack_morale_absorption.test.ts (23 tests) 19ms
 ✓ tests/divergence_events_wave_16.test.ts (12 tests) 42ms
 ✓ tests/ui/decision_consequence_trail.test.ts (27 tests) 24ms
 ✓ tests/brigade_aor_subsegment.test.ts (27 tests) 19ms
 ✓ tests/war_phase_step_order.test.ts (6 tests) 16ms
 ✓ tests/local_truces.test.ts (64 tests) 16ms
 ✓ tests/stranded_brigade_lifecycle.test.ts (19 tests) 16ms
 ✓ tests/sim/autonomy/autonomy_phase_c.test.ts (34 tests) 19ms
 ✓ tests/commander_driven_brigade_assignment.test.ts (12 tests) 118ms
 ✓ tests/operation_reinforcement.test.ts (19 tests) 12ms
 ✓ tests/ui_adapter_boundary.test.ts (18 tests) 144ms
 ✓ tests/negotiation_patron_pressure.test.ts (31 tests) 18ms
 ✓ tests/commander/commander_maturity_phase1.test.ts (18 tests) 23ms
 ✓ tests/scoring.test.ts (40 tests) 40ms
 ✓ tests/ui/warroom_shell_ownership.test.ts (24 tests) 288ms
 ✓ tests/run_provenance_input_surface_scan.test.ts (9 tests) 108ms
 ✓ tests/brigade_pressure.test.ts (20 tests) 13ms
 ✓ tests/divergence_events_wave_8.test.ts (11 tests) 42ms
 ✓ tests/anomaly_detector_deployment_truth.test.ts (4 tests) 32ms
 ✓ tests/ui_map_tooltip_player_visibility.test.ts (18 tests) 25ms
 ✓ tests/dayton_player_agency_smoke.test.ts (14 tests) 59ms
 ✓ tests/promote_formations.test.ts (29 tests) 10ms
 ✓ tests/divergence_events_wave_10.test.ts (11 tests) 44ms
 ✓ tests/ui/endgame_presentation_proof.test.ts (29 tests) 20ms
 ✓ tests/event_causality_chain.test.ts (9 tests) 15ms
 ✓ tests/corps_level_operations.test.ts (12 tests) 21ms
 ✓ tests/final_sector_reserve_band_truth.test.ts (3 tests) 17ms
 ✓ tests/replay_save_emit.test.ts (8 tests) 87ms
 ✓ tests/sim/events/event_acceptance_report.test.ts (17 tests) 929ms
 ✓ tests/consequence_consumers.test.ts (22 tests) 13ms
 ✓ tests/command_lever_consequences.test.ts (28 tests) 16ms
 ✓ tests/sector_partition_buildCorpsFrontSectors_integration.test.ts (12 tests | 1 skipped) 752611ms
   ✓ G1.5: buildCorpsFrontSectors integration property — cache ON vs OFF byte-equality > cached path matches uncached path on the pristine real-save fixture 1281ms
   ✓ G1.5: buildCorpsFrontSectors integration property — cache ON vs OFF byte-equality > invocation-local front-edge relation matches the independent legacy strategy on the pristine real-save fixture 4862ms
   ✓ G1.5: buildCorpsFrontSectors integration property — cache ON vs OFF byte-equality > constructs at most one standard/strict relation per used faction, discards them between calls, observes synthetic fallbacks, and keeps unexpected canonical fallback at zero 1670ms
   ✓ G1.5: buildCorpsFrontSectors integration property — cache ON vs OFF byte-equality > cached path matches uncached path on the final-pass real-save fixture 1184ms
   ✓ G1.5: buildCorpsFrontSectors integration property — cache ON vs OFF byte-equality > cached path is stable across back-to-back invocations on identical state (no cross-invocation leakage) 1119ms
   ✓ G1.5: buildCorpsFrontSectors integration property — cache ON vs OFF byte-equality > cached path matches uncached path across ≥100 deterministic state variants 37197ms
   ✓ G1.5: buildCorpsFrontSectors integration property — cache ON vs OFF byte-equality > cached path matches uncached path across war-pass + final-pass split 1972ms
   ✓ G1.5: buildCorpsFrontSectors integration property — cache ON vs OFF byte-equality > fixed-point shortcuts preserve every sector field and direct state side effect across production modes and 100 real-save variants 145462ms
   ✓ G1.5: buildCorpsFrontSectors integration property — cache ON vs OFF byte-equality > dense occupancy preserves every sector field and direct state side effect against legacy scans across production modes and 100 real-save variants 145545ms
   ✓ G1.5: buildCorpsFrontSectors integration property — cache ON vs OFF byte-equality > invocation-local front-edge relations preserve reconciliation reports, sessions, receipts, geometry order, sectors, full state, warnings, bytes, and rerun hashes across production modes and 100 real-save variants 411904ms
 ✓ tests/sim/command/phase4_ui_data_layer.test.ts (14 tests) 35ms
 ✓ tests/sim/political/phase7_dayton_plan.test.ts (19 tests) 10ms
 ✓ tests/chronicle_entries.test.ts (31 tests) 31ms
 ✓ tests/operation_opportunities_federation_western_bosnia_catalog.test.ts (11 tests) 39ms
 ✓ tests/hv_1995_lifecycle_diagnostic.test.ts (10 tests) 18ms
 ✓ tests/event_loader.test.ts (44 tests) 725ms
 ✓ tests/causality_query.test.ts (28 tests) 17ms
 ✓ tests/sector_split_brigade_assignment.test.ts (10 tests) 54ms
 ✓ tests/krivaja_roster_phase_1_5_shape_de_epsilon.test.ts (15 tests) 13ms
 ✓ tests/scenario_operation_diagnostics.test.ts (28 tests) 15ms
 ✓ tests/free_war_verdict_cost_floor.test.ts (33 tests) 19ms
 ✓ tests/command_authority_explanation_delegation.test.ts (71 tests) 24ms
 ✓ tests/sim/political/political_event_decision.test.ts (26 tests) 13ms
 ✓ tests/divergence_events_wave_14.test.ts (11 tests) 42ms
 ✓ tests/desktop_packaged_runtime_probe.test.ts (9 tests) 43ms
 ✓ tests/calibration.test.ts (5 tests) 20ms
 ✓ tests/tg_migration_recon.test.ts (18 tests) 351ms
 ✓ tests/final_sector_reconciliation_session.test.ts (10 tests) 218ms
 ✓ tests/sensitive_history_status_diagnostic.test.ts (6 tests) 581ms
 ✓ tests/commander_override.test.ts (32 tests) 22ms
 ✓ tests/ui_map_deck_counter_visibility.test.ts (34 tests) 45ms
 ✓ tests/warroom_shell_layer.test.ts (40 tests) 43ms
 ✓ tests/tooth_guard.test.ts (13 tests) 15ms
 ✓ tests/phase10_ops_fatigue.test.ts (13 tests) 11ms
 ✓ tests/force_quality_overlay_builder.test.ts (9 tests) 15ms
 ✓ tests/command_authority_lifecycle.test.ts (36 tests) 15ms
 ✓ tests/sim/autonomy/autonomy_phase_d.test.ts (40 tests) 23ms
 ✓ tests/activate_corps.test.ts (13 tests) 17ms
 ✓ tests/consequence_substrate_ownership.test.ts (15 tests) 10ms
 ✓ tests/probe_territory_flip.test.ts (18 tests) 58ms
 ✓ tests/sector_intel.test.ts (20 tests) 17ms
 ✓ tests/siege_mobilization.test.ts (16 tests) 12ms
[E5] Political control initialized (initial municipal substrate): 5822 canonical graph nodes (SID-keyed), RBiH=2739, RS=1964, HRHB=1119, null=0. Promoted to OSID when operational data present.
 ✓ tests/commander/commander_phase6_trace_qa.test.ts (14 tests) 16ms
 ✓ tests/codex_ghost_entries_wave_2.test.ts (40 tests) 22ms
[E5] Political control initialized (initial municipal substrate): 5822 canonical graph nodes (SID-keyed), RBiH=2739, RS=1964, HRHB=1119, null=0. Promoted to OSID when operational data present.
[E5] Political control initialized (initial municipal substrate): 5822 canonical graph nodes (SID-keyed), RBiH=2739, RS=1964, HRHB=1119, null=0. Promoted to OSID when operational data present.
 ✓ tests/army_hq_op_lifecycle.test.ts (17 tests) 23ms
 ✓ tests/shared_turn_inputs_contract.test.ts (29 tests) 1803ms
   ✓ shared validated turn input contract > actual scenario builder and desktop loader prepare identical numeric-key inputs 665ms
   ✓ shared validated turn input contract > actual scenario builder and desktop loader prepare identical direct-key inputs 592ms
   ✓ shared validated turn input contract > actual scenario builder accepts explicitly selected minimal shared-input omissions 344ms
 ✓ tests/competences.test.ts (13 tests) 14ms
 ✓ tests/officer_war_crimes_record_guard.test.ts (4 tests) 6ms
 ✓ tests/sim/political/survivalScore.test.ts (14 tests) 7ms
 ✓ tests/sim/command/phase5_interpretation_ux.test.ts (25 tests) 39ms
 ✓ tests/operation_opportunities_phase2_decisions.test.ts (27 tests) 27ms
 ✓ tests/event_state_shape_b2.test.ts (29 tests) 136ms
 ✓ tests/officer_learning_rate_timeline_step_curve.test.ts (11 tests) 8ms
 ✓ tests/divergence_events_wave_9.test.ts (11 tests) 43ms
 ✓ tests/trnovo_kalinovik_sector_fix.test.ts (16 tests) 15ms
 ✓ tests/divergence_events_wave_11.test.ts (11 tests) 44ms
 ✓ tests/corridor_heartbeat_overlay_builder.test.ts (8 tests) 15ms
 ✓ tests/freeze_regression.test.ts (6 tests | 1 skipped) 14ms
 ✓ tests/sector_partition_buildCorpsFrontSectors_integration.test.ts (12 tests | 1 skipped) 753928ms
   ✓ G1.5: buildCorpsFrontSectors integration property — cache ON vs OFF byte-equality > cached path matches uncached path on the pristine real-save fixture 1263ms
   ✓ G1.5: buildCorpsFrontSectors integration property — cache ON vs OFF byte-equality > invocation-local front-edge relation matches the independent legacy strategy on the pristine real-save fixture 4930ms
   ✓ G1.5: buildCorpsFrontSectors integration property — cache ON vs OFF byte-equality > constructs at most one standard/strict relation per used faction, discards them between calls, observes synthetic fallbacks, and keeps unexpected canonical fallback at zero 1552ms
   ✓ G1.5: buildCorpsFrontSectors integration property — cache ON vs OFF byte-equality > cached path matches uncached path on the final-pass real-save fixture 987ms
   ✓ G1.5: buildCorpsFrontSectors integration property — cache ON vs OFF byte-equality > cached path is stable across back-to-back invocations on identical state (no cross-invocation leakage) 1066ms
   ✓ G1.5: buildCorpsFrontSectors integration property — cache ON vs OFF byte-equality > cached path matches uncached path across ≥100 deterministic state variants 36529ms
   ✓ G1.5: buildCorpsFrontSectors integration property — cache ON vs OFF byte-equality > cached path matches uncached path across war-pass + final-pass split 1976ms
   ✓ G1.5: buildCorpsFrontSectors integration property — cache ON vs OFF byte-equality > fixed-point shortcuts preserve every sector field and direct state side effect across production modes and 100 real-save variants 145828ms
   ✓ G1.5: buildCorpsFrontSectors integration property — cache ON vs OFF byte-equality > dense occupancy preserves every sector field and direct state side effect against legacy scans across production modes and 100 real-save variants 145831ms
   ✓ G1.5: buildCorpsFrontSectors integration property — cache ON vs OFF byte-equality > invocation-local front-edge relations preserve reconciliation reports, sessions, receipts, geometry order, sectors, full state, warnings, bytes, and rerun hashes across production modes and 100 real-save variants 413575ms
 ✓ tests/collapse_s6_run_selection.test.ts (47 tests) 60ms
 ✓ tests/commander/commander_phase4_lesson_personality.test.ts (25 tests) 21ms
 ✓ tests/attack_equipment_effects.test.ts (55 tests) 20ms
 ✓ tests/ui_map_render_smoke.test.ts (25 tests) 39ms
 ✓ tests/final_sector_truth_reconciliation.test.ts (14 tests) 98ms
 ✓ tests/commander/commander_belief_layer.test.ts (15 tests) 30ms
 ✓ tests/ui_player_visibility.test.ts (19 tests) 56ms
 ✓ tests/operation_opportunities_central_bosnia_catalog.test.ts (15 tests) 39ms
 ✓ tests/ui/command_strain_interpretation.test.ts (58 tests) 25ms
 ✓ tests/ui/chronicle_causality_slides.test.ts (15 tests) 21ms
 ✓ tests/divergence_events_wave_17.test.ts (14 tests) 45ms
 ✓ tests/retroactive_tooth_eviction.test.ts (8 tests) 10ms
 ✓ tests/dayton_phase2_dial_bot_verdict.test.ts (20 tests) 47ms
 ✓ tests/divergence_events_wave_13.test.ts (11 tests) 44ms
 ✓ tests/ui/back_the_officer_read_model.test.ts (17 tests) 47ms
 ✓ tests/divergence_events_wave_5.test.ts (10 tests) 43ms
 ✓ tests/engine_honesty_legacy_contracts.test.ts (23 tests) 625ms
 ✓ tests/ui/consequence_receipts.test.ts (14 tests) 14ms
 ✓ tests/a3_army_order_interpretation.test.ts (15 tests) 17ms
 ✓ tests/sim/political/political_personality.test.ts (22 tests) 15ms
 ✓ tests/ui/pre_advance_command_review.test.ts (18 tests) 75ms
 ✓ tests/nw_bosnia_oob_correctness.test.ts (8 tests) 60ms
 ✓ tests/settlement_timeline_provenance.test.ts (19 tests) 41ms
 ✓ tests/ui/officer_resentment_receipts.test.ts (16 tests) 13ms
 ✓ tests/command_authority_interpretation_review.test.ts (49 tests) 19ms
 ✓ tests/free_war_military_priorities.test.ts (16 tests) 13ms
 ✓ tests/humanitarian_convoy_lifecycle.test.ts (18 tests) 26ms
 ✓ tests/ui/gamestore_load_reset.test.ts (17 tests) 281ms
 ✓ tests/validate_game_state_shape.test.ts (23 tests) 22ms
 ✓ tests/treaty_apply_military.test.ts (13 tests) 11ms
 ✓ tests/tg_lifecycle.test.ts (27 tests) 19ms
 ✓ tests/officer_oob_provenance.test.ts (11 tests) 85ms
 ✓ tests/brigade_reconstitution_corps_territory.test.ts (5 tests) 8ms
 ✓ tests/negotiation_offers.test.ts (14 tests) 81ms
 ✓ tests/catastrophic_stall.test.ts (8 tests) 17ms
 ✓ tests/sector_truth_audit.test.ts (5 tests) 41ms
 ✓ tests/supply_reserves_phase_b.test.ts (17 tests) 14ms
 ✓ tests/codex_ghost_entries_wave_3_builder.test.ts (31 tests) 18ms
 ✓ tests/v092_tutorial_anchor_coverage.test.ts (8 tests) 8235ms
   ✓ LANE-NIGHTSHIFT-V092-TUTORIAL-LANE-C — anchor coverage regression > T2 — every step target_ui_element has at least one emitter in src/ 3710ms
   ✓ LANE-NIGHTSHIFT-V092-TUTORIAL-LANE-C — anchor coverage regression > T7 — manifest determinism: re-running discovery yields a byte-identical anchor manifest 4077ms
 ✓ tests/player_decision_manifest.test.ts (6 tests) 10ms
 ✓ tests/attack_resource_aftermath.test.ts (18 tests) 10ms
 ✓ tests/krivaja_roster_phase_1.test.ts (14 tests) 9ms
 ✓ tests/sim/political/phase6_per_plan_floors.test.ts (15 tests) 9ms
 ✓ tests/morale_victory_feedback.test.ts (23 tests) 11ms
 ✓ tests/a2_army_co_substrate.test.ts (16 tests) 23ms
 ✓ tests/event_timeline_integrity.test.ts (23 tests) 38ms
 ✓ tests/officer_experience.test.ts (22 tests) 11ms
 ✓ tests/a1_army_hq_campaign_plan_wired.test.ts (7 tests) 16ms
 ✓ tests/army_co_emergent_lifecycle.test.ts (10 tests) 15ms
 ✓ tests/tg_fidelity.test.ts (12 tests) 81ms
 ✓ tests/v093_a11y_lane_b_map_landmarks.test.ts (7 tests) 42ms
 ✓ tests/op_directive_injection.test.ts (11 tests) 15ms
 ✓ tests/build_calibration_map_html.test.ts (7 tests) 484ms
 ✓ tests/ui/field_operation_focus_controller.test.ts (14 tests) 22ms
 ✓ tests/integration_run_diagnostics.test.ts (6 tests) 84662ms
 ✓ tests/competence_valuations.test.ts (10 tests) 10ms
 ✓ tests/desktop_packaging_extraresources_filter.test.ts (8 tests) 9ms
 ✓ tests/collapse_d_selection_combat_incidence.test.ts (16 tests) 24ms
 ✓ tests/consequence_effects.test.ts (15 tests) 13ms
 ✓ tests/army_reserve_legibility.test.ts (22 tests) 23ms
 ✓ tests/generate_formations.test.ts (17 tests) 41ms
 ✓ tests/corps_command.test.ts (15 tests) 16ms
 ✓ tests/desktop_autonomy_boundary_truth.test.ts (12 tests) 16ms
 ✓ tests/front_geometry_analysis.test.ts (12 tests) 14ms
 ✓ tests/tg_telemetry.test.ts (4 tests) 12ms
 ✓ tests/operation_axis_unreachable_diagnostic.test.ts (3 tests) 7ms
 ✓ tests/divergence_events_consequences.test.ts (7 tests) 38ms
 ✓ tests/z_index_canonical.test.ts (7 tests) 36ms
 ✓ tests/territorial_valuation.test.ts (9 tests) 10ms
 ✓ tests/dev_ui_phase16.test.ts (18 tests) 20ms
 ✓ tests/sector_topology_detached_state.test.ts (8 tests) 3014ms
   ✓ buildDetachedNarrowReadState — fidelity against the source GameState > meta/political/factions round-trip exactly 455ms
   ✓ buildDetachedNarrowReadState — fidelity against the source GameState > corps_command reshape un-flattens directive.priority_sector_id and preserves axis objectives 419ms
   ✓ buildDetachedNarrowReadState — fidelity against the source GameState > named_officers / named_officer_data / campaign_plans / brigade_movement / posture orders round-trip 354ms
   ✓ buildDetachedNarrowReadState — fidelity against the source GameState > unresolved_sector_brigades round-trips from live state through capture into the detached state (regression: a prior version silently hardcoded undefined here) 349ms
   ✓ buildDetachedWorkingFormations — fidelity and mutability > every field matches the source formation for a sample 349ms
   ✓ buildDetachedWorkingFormations — fidelity and mutability > entrenchment_turns round-trips the TRUE source value, not a hardcoded 0 (regression: a prior version assumed a hardcoded 0 starting point was behavior-inert since the field is write-only within this call graph — true for the sectors output, false for the mutation journal's before fidelity, which commitSectorTopologySolve validates against live state) 341ms
   ✓ buildDetachedWorkingFormations — fidelity and mutability > is a genuinely mutable projection independent of the source formations map 393ms
   ✓ buildDetachedWorkingFormations — fidelity and mutability > buildDetachedNarrowReadState threads a supplied workingFormations object through by reference 351ms
 ✓ tests/settlement_control.test.ts (10 tests) 11ms
 ✓ tests/ui/typography_contract.test.ts (12 tests) 97ms
 ✓ tests/frontline_density_cold_front_truth.test.ts (7 tests) 157ms
 ✓ tests/ui/army_hq_readiness_threat_copy.test.ts (13 tests) 28ms
 ✓ tests/sector_topology_mutation_journal.test.ts (3 tests) 2258ms
   ✓ sector topology mutation journal — end-to-end characterization against a real save > is behavior-neutral against the un-recorded legacy path and pins the exact live-write order 2249ms
 ✓ tests/sector_counter_attack.test.ts (27 tests) 18ms
 ✓ tests/must_hold_variable_multiplier.test.ts (22 tests) 11ms
 ✓ tests/command_authority_strain_signals.test.ts (35 tests) 28ms
 ✓ tests/dayton_d1_area_brcko.test.ts (18 tests) 58ms
 ✓ tests/hvo_central_bosnia_sectors.test.ts (6 tests) 56ms
 ✓ tests/anomaly_detector_sector_subtype.test.ts (6 tests) 142ms
 ✓ tests/ui/map_click_routing_contract.test.ts (13 tests) 20ms
 ✓ tests/desktop_persistence_contract.test.ts (17 tests) 33ms
 ✓ tests/ui/codex_tier_dependency_graph.test.ts (25 tests) 15ms
 ✓ tests/operational_tactical_group_audit.test.ts (4 tests) 19ms
 ✓ tests/ui/opening_corps_commander_display.test.ts (10 tests) 9ms
 ✓ tests/rs_six_strategic_goals_foundational.test.ts (9 tests) 13ms
 ✓ tests/sector_offensive.test.ts (13 tests) 360ms
   ✓ retired operation halt state > loads an old save and advances identically when unknown retired keys are present 342ms
 ✓ tests/sim/negotiation/compute_combat_effective.test.ts (14 tests) 9ms
 ✓ tests/fall_1995_hv_depth_priority.test.ts (7 tests) 6ms
 ✓ tests/decision_consequence_telemetry.test.ts (9 tests) 11ms
 ✓ tests/operation_launch_order_consistency_diagnostic.test.ts (11 tests) 961ms
 ✓ tests/ui_player_supply_visibility.test.ts (10 tests) 12ms
 ✓ tests/operation_completion_truth.test.ts (5 tests) 10ms
 ✓ tests/seam_b_isolation_guard.test.ts (9 tests) 10ms
 ✓ tests/troop_balance_lifecycle.test.ts (15 tests) 10ms
 ✓ tests/sim/autonomy/autonomy_phase_e_block.test.ts (14 tests) 11ms
 ✓ tests/integration_deployment_health.test.ts (11 tests) 83318ms
 ✓ tests/generals_digest_chronicle.test.ts (30 tests) 29ms
 ✓ tests/sim/events/event_notification_content_backfill.test.ts (13 tests) 85ms
 ✓ tests/divergence_events_wave_15.test.ts (12 tests) 43ms
 ✓ tests/migration_nested_ownership.test.ts (5 tests) 24ms
 ✓ tests/jna_phantom_brigades.test.ts (22 tests) 15ms
 ✓ tests/hv_integration.test.ts (17 tests) 11ms
 ✓ tests/desktop_release_ci_guardrails.test.ts (8 tests) 4625ms
   ✓ desktop path detector selects every source root imported by the packaged sim bundle 4615ms
 ✓ tests/sim/combat/order_interpretation.test.ts (12 tests) 11ms
 ✓ tests/sector_power_threat_recompute.test.ts (4 tests) 73ms
 ✓ tests/refugee_column_overlay_builder.test.ts (8 tests) 14ms
 ✓ tests/tg_og_promotion.test.ts (14 tests) 135ms
 ✓ tests/seam_a_isolation_guard.test.ts (7 tests) 10ms
 ✓ tests/osid_damage_overlay_builder.test.ts (9 tests) 13ms
 ✓ tests/dayton_institutional_expansion.test.ts (23 tests) 21ms
 ✓ tests/ui_shell_navigation.test.ts (21 tests) 18ms
 ✓ tests/desktop_campaign_start_contract.test.ts (9 tests) 7187ms
   ✓ initial_save is already in canonical loaded-save form at campaign birth 3266ms
   ✓ startNewCampaign returns canonicalized state before the first manual save 569ms
   ✓ startNewCampaign disables headless auto-control for the selected player faction 1078ms
   ✓ startNewCampaign does not expose startup control provenance as turn-zero territory history 351ms
   ✓ startNewCampaign records historical mode explicitly 347ms
   ✓ startNewCampaign queues the selected faction foundational decision at campaign birth 1566ms
 ✓ tests/war_weariness_chronicle.test.ts (15 tests) 16ms
 ✓ tests/refugee_flow_chronicle.test.ts (16 tests) 41ms
 ✓ tests/oob_t0_spawn_completeness.test.ts (1 test) 36ms
 ✓ tests/reconstitution_policy_review.test.ts (16 tests) 22ms
 ✓ tests/sector_topology_commit.test.ts (12 tests) 6179ms
   ✓ commitSectorTopologySolve — real-save round-trip and deterministic rerun > produces a live state byte-identical to the imperative oracle 2458ms
   ✓ commitSectorTopologySolve — real-save round-trip and deterministic rerun > is deterministic: two independent capture+solve+commit cycles on identical clones produce identical journals and identical resulting state 2658ms
   ✓ commitSectorTopologySolve — real-save round-trip and deterministic rerun > supports two capture+solve+commit passes against the SAME live state in sequence (regression: a prior version hardcoded the detached unresolved_sector_brigades to undefined AND entrenchment_turns to 0 instead of threading them from the capture, which produced a spurious stale-value error on any second pass within one turn, or on a first pass against any formation with nonzero entrenchment — exactly what final_sector_truth_reconciliation.ts's multi-pass reconciliation session does in production, and exactly what a real 188-week run hit) 1053ms
 ✓ tests/operation_aar_army_hq_telemetry.test.ts (7 tests) 683ms
   ✓ Army HQ AAR telemetry (flag ON) > snapshots telemetry at TG dissolution and finalize emits it AFTER the live TG is gone 359ms
 ✓ tests/final_sector_war_front_faction_side_coverage.test.ts (4 tests) 10ms
 ✓ tests/concurrent_operations.test.ts (23 tests) 11ms
 ✓ tests/state.test.ts (4 tests) 35ms
 ✓ tests/css_z_index_canonical.test.ts (4 tests) 21ms
 ✓ tests/scenario_historical_painted_anchors.test.ts (49 tests) 31ms
 ✓ tests/tg_schema_freeze.test.ts (7 tests) 50ms
 ✓ tests/displacement_takeover.test.ts (8 tests | 4 skipped) 9ms
 ✓ tests/brigade_home_return.test.ts (10 tests) 12ms
 ✓ tests/political_dimensions_snapshot.test.ts (9 tests) 9ms
 ✓ tests/sim/political/phase5a_os_tactical_acceptance.test.ts (17 tests) 10ms
 ✓ tests/front_visit_action.test.ts (15 tests) 13ms
 ✓ tests/presidential_cadence_report.test.ts (12 tests) 15ms
 ✓ tests/author_op_injection.test.ts (10 tests) 13ms
 ✓ tests/sector_contiguity_split.test.ts (12 tests) 14ms
 ✓ tests/bilateral_formation_diversion.test.ts (5 tests) 8ms
 ✓ tests/victory_and_pyrrhic_contract.test.ts (20 tests) 13ms
 ✓ tests/ui/chronicle_chapters.test.ts (11 tests) 14ms
 ✓ tests/brigade_posture.test.ts (35 tests) 14ms
 ✓ tests/mobilization_combat_suppression.test.ts (12 tests) 8ms
 ✓ tests/structural_fingerprint.test.ts (17 tests) 73ms
 ✓ tests/mobilization_bot_stance.test.ts (9 tests) 10ms
 ✓ tests/sector_false_owner_cleanup.test.ts (5 tests) 8ms
 ✓ tests/war_timeline.test.ts (38 tests) 33ms
 ✓ tests/ai_commander_event_decision.test.ts (21 tests) 17ms
 ✓ tests/receipt_citations.test.ts (43 tests) 338ms
 ✓ tests/front_edge_ownership_completion.test.ts (5 tests) 8ms
 ✓ tests/baseline_regression_collects_all_failures.test.ts (9 tests) 18ms
 ✓ tests/ui/map_transition_timing.test.ts (11 tests) 26ms
 ✓ tests/sector_offensive_planning_objective_reconciliation.test.ts (8 tests) 9ms
 ✓ tests/combat_summary.test.ts (17 tests) 11ms
 ✓ tests/pipeline_step_execution_proof.test.ts (12 tests) 10ms
 ✓ tests/essay_index_integrity.test.ts (9 tests) 163ms
 ✓ tests/negotiation_pressure.test.ts (7 tests) 8ms
 ✓ tests/operational_sitrep_views.test.ts (5 tests) 14ms
 ✓ tests/v093_a11y_lane_d_contrast_reduced_motion.test.ts (14 tests) 17ms
 ✓ tests/ui/presidential_priority_contract.test.ts (9 tests) 51ms
 ✓ tests/brigade_composition.test.ts (23 tests) 12ms
 ✓ tests/peace_dysfunction.test.ts (20 tests) 45ms
 ✓ tests/corps_operation_helpers.test.ts (31 tests) 13ms
 ✓ tests/ui_opord_player_safe_labels.test.ts (7 tests) 19ms
 ✓ tests/real_save_sector_truth_contracts.test.ts (5 tests) 2634ms
   ✓ real save sector truth contracts > does not serialize rebuilt sectors above the hard sector edge cap 776ms
   ✓ real save sector truth contracts > serializes every sector as exactly one contiguous front line 365ms
   ✓ real save sector truth contracts > does not leave zero-owner sibling fragments with overlapping same-corps territory in the final save 346ms
   ✓ real save sector truth contracts > keeps each live front edge side owned by at most one sector per faction and corps after rebuild 550ms
   ✓ real save sector truth contracts > keeps every live war-edge side owned by a same-faction sector both in the save and after rebuild 595ms
 ✓ tests/dev_ui_phase18.test.ts (5 tests) 22ms
 ✓ tests/treaty_brcko.test.ts (8 tests) 10ms
 ✓ tests/proto_brigade_spawn.test.ts (12 tests) 12ms
 ✓ tests/turn_pipeline_operational_data_reuse.test.ts (6 tests) 13ms
 ✓ tests/sarajevo_exception.test.ts (7 tests) 7ms
 ✓ tests/presidential_initiatives.test.ts (11 tests) 595ms
   ✓ positive-hold Desk projection > keeps the real turn pipeline report and state free of zero-row registry output 580ms
 ✓ tests/historical_checkpoints_contract.test.ts (16 tests) 45ms
 ✓ tests/recruitment_existing_formation_identity.test.ts (4 tests) 11ms
 ✓ tests/dayton_player_budget_enforcement.test.ts (11 tests) 44ms
 ✓ tests/commander/commander_operation_assignment.test.ts (8 tests) 15ms
 ✓ tests/ui/event_decision_auto_launch_contract.test.ts (18 tests) 21ms
 ✓ tests/graz_faction_block.test.ts (23 tests) 10ms
 ✓ tests/replay_player.test.ts (8 tests) 10ms
 ✓ tests/tg_routing.test.ts (13 tests) 782ms
 ✓ tests/displacement.test.ts (5 tests) 8ms
 ✓ tests/emergency_retreat_reachability.test.ts (5 tests) 7ms
 ✓ tests/morale_combat.test.ts (17 tests) 10ms
 ✓ tests/attack_order_staging.test.ts (18 tests) 14ms
 ✓ tests/event_effects.test.ts (12 tests) 24ms
 ✓ tests/audio_asset_provenance.test.ts (7 tests) 99ms
 ✓ tests/supply_reserves.test.ts (14 tests) 11ms
 ✓ tests/collapse_consumer_manifest.test.ts (8 tests) 48ms
 ✓ tests/krivaja_brigade_lifecycle_diagnostic.test.ts (4 tests | 3 skipped) 82ms
 ✓ tests/ui/app_boot_main_menu.test.ts (21 tests) 14ms
 ✓ tests/multi_corps_operation_visibility.test.ts (7 tests) 5ms
 ✓ tests/adapter_field_completeness.test.ts (18 tests | 2 skipped) 27ms
 ✓ tests/officer_quality_no_calendar_railroad.test.ts (4 tests) 4ms
 ✓ tests/krivaja_stupcanica_milii_double_roster_audit.test.ts (3 tests) 4ms
 ✓ tests/supply_state_derivation_cache.test.ts (5 tests) 11ms
 ✓ tests/bot_priority_shift_wiring.test.ts (11 tests) 9ms
 ✓ tests/save_load_real_roundtrip.test.ts (10 tests) 10654ms
   ✓ real-save round-trip proof > serialize(deserialize(file)) round-trip is idempotent 1503ms
   ✓ real-save round-trip proof > re-serialized state preserves all top-level keys 945ms
   ✓ real-save round-trip proof > re-serialized state preserves faction count and IDs 932ms
   ✓ real-save round-trip proof > re-serialized state preserves formation count 984ms
   ✓ real-save round-trip proof > re-serialized state preserves political_controllers count 970ms
   ✓ real-save round-trip proof > re-serialized state preserves autonomy fields when present 929ms
   ✓ real-save round-trip proof > re-serialized state preserves corps command entries 989ms
   ✓ real-save round-trip proof > re-serialized state preserves war_exhaustion values 959ms
   ✓ real-save round-trip proof > serializeGameState output is deterministic on the same input 855ms
   ✓ save-load hash preservation > deserialize-then-reserialize preserves content hash 1587ms
 ✓ tests/force_quality_trace_persistence.test.ts (3 tests) 9ms
 ✓ tests/v091_endgame_milestone_closure.test.ts (5 tests) 21ms
 ✓ tests/operational_group_convergence.test.ts (5 tests) 27ms
 ✓ tests/ai_commander_prompt.test.ts (12 tests) 9ms
 ✓ tests/op_directive_staging.test.ts (13 tests) 10ms
 ✓ tests/free_war_decision_mode.test.ts (8 tests) 7ms
 ✓ tests/ui/distance_from_history.test.ts (8 tests) 6ms
 ✓ tests/co_replacement_injection.test.ts (5 tests) 7ms
 ✓ tests/command_authority_political_income.test.ts (8 tests) 11ms

 RUN  v2.1.9 F:/A-War-Without-Victory

 ❯ tests/fixtures/vitest_balanced/deliberate_failure.fixture.ts (1 test | 1 failed) 13ms
   × is an intentional child-process failure control 11ms
     → expected 'failure-control' to be 'unexpected-success' // Object.is equality

npm.cmd : ⎯⎯⎯⎯⎯⎯⎯ Failed Tests 1 ⎯⎯⎯⎯⎯⎯⎯
At line:5 char:1
+ & npm.cmd run test:vitest:balanced *>> $log
+ ~~~~~~~~~~~~~~~~~~~~~~~~~~~~~~~~~~~~~~~~~~~
    + CategoryInfo          : NotSpecified: (⎯⎯⎯⎯⎯⎯⎯ Failed Tests 1 ⎯⎯⎯⎯⎯⎯⎯:String) [], RemoteException
    + FullyQualifiedErrorId : NativeCommandError
 

 FAIL  tests/fixtures/vitest_balanced/deliberate_failure.fixture.ts > is an intentional child-process failure control
AssertionError: expected 'failure-control' to be 'unexpected-success' // Object.is equality

Expected: "unexpected-success"
Received: "failure-control"

 ❯ tests/fixtures/vitest_balanced/deliberate_failure.fixture.ts:4:29
      2| 
      3| it('is an intentional child-process failure control', () => {
      4|   expect('failure-control').toBe('unexpected-success');
       |                             ^
      5| });
      6| 

⎯⎯⎯⎯⎯⎯⎯⎯⎯⎯⎯⎯⎯⎯⎯⎯⎯⎯⎯⎯⎯⎯⎯⎯[1/1]⎯

 Test Files  1 failed (1)
      Tests  1 failed (1)
   Start at  11:03:25
   Duration  404ms (transform 43ms, setup 19ms, collect 20ms, tests 13ms, environment 0ms, prepare 108ms)

 ✓ tests/run_vitest_balanced.test.ts (13 tests) 1625ms
   ✓ balanced Vitest execution plan > propagates a deliberately failing real Vitest child 1605ms
 ✓ tests/integration_run_summary.test.ts (10 tests) 82945ms
 ✓ tests/ui/endgame_live_store_proof.test.ts (9 tests) 682ms
   ✓ Zustand store — endgame state acceptance > accepts endgame LoadedGameState via setState 676ms
 ✓ tests/bot_three_sides_validation.test.ts (23 tests) 11ms
 ✓ tests/fall_1995_multi_axis_and_cascade.test.ts (7 tests) 12ms
 ✓ tests/aar_narrative.test.ts (28 tests) 11ms
 ✓ tests/desktop_pmtiles_protocol_route.test.ts (8 tests) 25ms
 ✓ tests/recruitment_turn.test.ts (6 tests) 12ms
 ✓ tests/operation_opportunity_state_validation.test.ts (3 tests) 10ms
 ✓ tests/launch_operator_artifacts.test.ts (5 tests) 264ms
 ✓ tests/enclave_resilience_phase_c.test.ts (19 tests) 12ms
 ✓ tests/sim/autonomy/autonomy_phase_e_enrichment.test.ts (20 tests) 11ms
 ✓ tests/ui/dayton_preview_ipc.test.ts (5 tests) 44ms
 ✓ tests/gorazde_oob_known_divergence.test.ts (3 tests) 43ms
 ✓ tests/faction_palette_canonical.test.ts (7 tests) 9ms
 ✓ tests/strategic_dimensions.test.ts (19 tests) 11ms
 ✓ tests/elite_deploy_staging.test.ts (9 tests) 24ms
 ✓ tests/ui/sector_staged_order_map_feedback.test.ts (5 tests) 26ms
 ✓ tests/ui/diplomacy_view.test.ts (8 tests) 17ms
 ✓ tests/acceptance_constraints.test.ts (11 tests) 12ms
 ✓ tests/ui/historical_operation_map_focus.test.ts (5 tests) 22ms
 ✓ tests/collapse_phase3d_severity_strain_only.test.ts (5 tests) 6ms
 ✓ tests/home_distance.test.ts (14 tests) 12ms
 ✓ tests/late_state_rupture_proof.test.ts (8 tests) 9ms
 ✓ tests/rupture_consequences.test.ts (18 tests) 15ms
 ✓ tests/event_phase_ef_foreclosure_causality.test.ts (4 tests) 152ms
 ✓ tests/condition_evaluator.test.ts (26 tests) 10ms
 ✓ tests/ui_decision_room_pushback_explanations.test.ts (7 tests) 23ms
 ✓ tests/unstaffed_front_annotation.test.ts (4 tests) 6ms
 ✓ tests/commander/operation_purpose_guard.test.ts (11 tests) 9ms
 ✓ tests/player_knowledge_integrity.test.ts (13 tests) 46ms
 ✓ tests/warroom_react_opening_owner.test.ts (7 tests) 10ms
 ✓ tests/command_briefing.test.ts (10 tests) 12ms
 ✓ tests/oob_early_war_entry.test.ts (8 tests) 8ms
 ✓ tests/event_conditions.test.ts (16 tests) 21ms
 ✓ tests/integration_event_system.test.ts (9 tests) 40ms
 ✓ tests/ui/decision_surface_registry.test.ts (12 tests) 50ms
 ✓ tests/destroyed_brigade_tracking.test.ts (9 tests) 9ms
 ✓ tests/ui/opportunity_ledger_pulse.test.ts (8 tests) 8ms
 ✓ tests/sensitive_history_semantics.test.ts (295 tests) 75ms
 ✓ tests/corps_dialogue.test.ts (25 tests) 11ms
 ✓ tests/stupcanica_w27_trigger_fix.test.ts (7 tests) 39ms
 ✓ tests/sim/perf/heap_profile.test.ts (15 tests) 2898ms
   ✓ heap_profile — ON-path write behaviour (forceWriteForTest) > writes a snapshot file when turn matches schedule 759ms
   ✓ heap_profile — ON-path write behaviour (forceWriteForTest) > is idempotent per (turn, runId): second call is no-op 712ms
   ✓ heap_profile — ON-path write behaviour (forceWriteForTest) > different runIds produce different files even on the same turn 1416ms
 ✓ tests/teocak_enclave_singleton.test.ts (15 tests) 12ms
 ✓ tests/displacement_reporting_fix.test.ts (10 tests) 8ms
 ✓ tests/ui/codex_essay_localization.test.ts (9 tests) 83ms
 ✓ tests/performance_wall_clock_report.test.ts (3 tests) 17ms
 ✓ tests/tg_casualty_distribution.test.ts (12 tests) 10ms
 ✓ tests/emergence_rear_zone.test.ts (10 tests) 6ms
 ✓ tests/agent_skill_import.test.ts (12 tests) 15948ms
   ✓ explicit skill import in disposable paths > previews a named import without writing any destination 843ms
   ✓ explicit skill import in disposable paths > requires a preview receipt before applying 784ms
   ✓ explicit skill import in disposable paths > applies only the named skill after review, including its support files 1609ms
   ✓ explicit skill import in disposable paths > refuses replacement of locally edited skills by default 1590ms
   ✓ explicit skill import in disposable paths > requires a backup for explicit replacement 1635ms
   ✓ explicit skill import in disposable paths > replaces with a reviewed diff and preserves the full old directory 1670ms
   ✓ explicit skill import in disposable paths > rejects source drift after preview 1645ms
   ✓ explicit skill import in disposable paths > rejects target drift after preview 1605ms
   ✓ explicit skill import in disposable paths > rejects a modified review diff 1628ms
   ✓ explicit skill import in disposable paths > rejects nested source/destination trees 613ms
   ✓ explicit skill import in disposable paths > refuses reused backup paths without losing local edits 1657ms
   ✓ explicit skill import in disposable paths > rejects linked source directories before traversing them 668ms
 ✓ tests/alliance_mobilization.test.ts (13 tests) 8ms
 ✓ tests/patron_defiance_receipt.test.ts (7 tests) 11ms
 ✓ tests/early_war_pool_population.test.ts (6 tests) 22ms
 ✓ tests/hrhb_patron_directive_scope.test.ts (13 tests) 8ms
 ✓ tests/supply_reachability_cache.test.ts (5 tests) 9ms
 ✓ tests/displacement_pipeline_state_schema.test.ts (8 tests) 30ms
 ✓ tests/scenario_preseeding.test.ts (24 tests) 24ms
 ✓ tests/negotiation_capital.test.ts (9 tests) 11ms
 ✓ tests/ui/chronicle_decision_ledger.test.ts (6 tests) 16ms
 ✓ tests/consequence_identity_completion.test.ts (5 tests) 41ms
 ✓ tests/war_stories.test.ts (16 tests) 7ms
 ✓ tests/h_phase_intelligence_warfare.test.ts (3 tests) 10ms
 ✓ tests/ui/presidential_decision_room_request_force.test.ts (5 tests) 25ms
 ✓ tests/emergence_front_emergence.test.ts (6 tests) 1066ms
   ✓ runTurn includes front-emergence and runs exactly once per turn 527ms
   ✓ front_emergence_report: stable ordering and deterministic replay (same state + edges → same descriptor ids) 534ms
 ✓ tests/sector_coverage_defense.test.ts (12 tests) 8ms
 ✓ tests/sector_front_territory_contract.test.ts (3 tests) 9ms
 ✓ tests/bot_manager_a1.test.ts (4 tests) 9ms
 ✓ tests/strict_null_inventory.test.ts (4 tests) 315ms
 ✓ tests/cohesion_floor_vs_dissolution.test.ts (3 tests) 9ms
 ✓ tests/pressure_system.test.ts (12 tests) 12ms
 ✓ tests/sector_topology_solver.test.ts (3 tests) 3001ms
   ✓ solveCorpsFrontSectorsPure — equivalence against the imperative oracle > produces byte-identical sectors and an equivalent mutation journal against a real save 2231ms
   ✓ solveCorpsFrontSectorsPure — equivalence against the imperative oracle > never mutates its input — the same SectorTopologySolveInput solved twice yields identical output 767ms
 ✓ tests/rs_104week_decision_cadence.test.ts (6 tests) 194ms
 ✓ tests/tg_inv6_zombie_hold.test.ts (4 tests) 5ms
 ✓ tests/ui_map_fog_and_operation_contracts.test.ts (4 tests) 38ms
 ✓ tests/elite_loan_return_to_corps.test.ts (5 tests) 7ms
 ✓ tests/localization_coverage.test.ts (3 tests) 2585ms
   ✓ localization coverage inventory > inventories every production English key and exposes the intentional fallback probe 2546ms
 ✓ tests/bilateral_displacement_cascade.test.ts (2 tests) 8ms
 ✓ tests/ui/forced_op_receipts.test.ts (9 tests) 11ms
 ✓ tests/tg_donation_readiness_fallback.test.ts (13 tests) 10ms
 ✓ tests/ui/map_context_lifecycle.test.ts (12 tests) 17ms
 ✓ tests/operation_launch_feasibility_defender_aware.test.ts (2 tests) 10ms
 ✓ tests/ui/codex_response_atom.test.ts (7 tests) 38ms
 ✓ tests/sim/events/event_presidential_acceptance.test.ts (7 tests) 745ms
 ✓ tests/supply_bridge_finding_tarjan.test.ts (9 tests) 8ms
 ✓ tests/sim/events/ea5_us_halts_comply_suppression.test.ts (7 tests) 11ms
 ✓ tests/rear_sector_bucket_truth.test.ts (3 tests) 10ms
 ✓ tests/author_op_staging.test.ts (9 tests) 9ms
 ✓ tests/sector_stances.test.ts (20 tests) 11ms
 ✓ tests/engine_health_gate.test.ts (5 tests) 916ms
   ✓ engine health gate stranded-formation domain > engine-integrity-only keeps exactly five engine checks and labels calibration observations 435ms
 ✓ tests/hook_guard_inline_script.test.ts (16 tests) 5397ms
   ✓ guard_inline_script (tier-1 blocking hook) > DENIES a multi-line inline script: double-quoted 494ms
   ✓ guard_inline_script (tier-1 blocking hook) > DENIES a multi-line inline script: single-quoted 448ms
   ✓ guard_inline_script (tier-1 blocking hook) > DENIES a multi-line inline script: --eval long form 473ms
   ✓ guard_inline_script (tier-1 blocking hook) > DENIES a multi-line inline script: with a prefix and a redirect 446ms
   ✓ guard_inline_script (tier-1 blocking hook) > DENIES a multi-line inline script: python -c 432ms
   ✓ guard_inline_script (tier-1 blocking hook) > the denial names the working alternatives, not just the prohibition 431ms
   ✓ guard_inline_script (tier-1 blocking hook) > ALLOWS a one-liner, which works 370ms
   ✓ guard_inline_script (tier-1 blocking hook) > ALLOWS a one-liner in single quotes 372ms
   ✓ guard_inline_script (tier-1 blocking hook) > ALLOWS a script file 371ms
   ✓ guard_inline_script (tier-1 blocking hook) > ALLOWS the heredoc form, which runs correctly 366ms
   ✓ guard_inline_script (tier-1 blocking hook) > ALLOWS something unrelated 384ms
   ✓ guard_inline_script (tier-1 blocking hook) > ALLOWS a heredoc whose prose describes the rule 373ms
 ✓ tests/early_war_control_strain.test.ts (6 tests) 602ms
   ✓ war runTurn default path omits phase_i control strain report 595ms
 ✓ tests/sim/events/two_level_surfacing.test.ts (4 tests) 11ms
 ✓ tests/dayton_close_out_desktop_parity.test.ts (3 tests) 38ms
 ✓ tests/turn_pipeline.test.ts (4 tests) 7892ms
   ✓ runTurn determinism > is deterministic for same state and seed 763ms
   ✓ runTurn determinism > plays the narrated ceasefire chain before opening and resolving the horizon negotiation 4639ms
   ✓ runTurn determinism > preserves the horizon negotiation when the player rejects the narrated talks 2194ms
 ✓ tests/save_migration.test.ts (9 tests) 11ms
 ✓ tests/coha_operation_pause.test.ts (3 tests) 10ms
 ✓ tests/brigade_aor.test.ts (4 tests) 6ms
 ✓ tests/militia_pools.test.ts (4 tests) 16ms
[E5][INFO] Coerced 744 null start controllers (ethnic_1991 mode; defaults=744).
[E5] Political control initialized (ethnic_1991): 744 canonical graph nodes (SID-keyed), RBiH=744, RS=0, HRHB=0. Promoted to OSID when operational data present.
[E5][INFO] Coerced 744 null start controllers (ethnic_1991 mode; defaults=744).
[E5] Political control initialized (ethnic_1991): 744 canonical graph nodes (SID-keyed), RBiH=744, RS=0, HRHB=0. Promoted to OSID when operational data present.
[E5] Political control initialized (hybrid_1992, threshold=0.7): 744 canonical graph nodes (SID-keyed), RBiH=293, RS=290, HRHB=161. Promoted to OSID when operational data present.
[E5] Political control initialized (hybrid_1992, threshold=0.7): 744 canonical graph nodes (SID-keyed), RBiH=293, RS=290, HRHB=161. Promoted to OSID when operational data present.
 ✓ tests/init_control_mode_ethnic_hybrid.test.ts (3 tests) 185ms
 ✓ tests/phase_d_causality_runtime_integration.test.ts (6 tests) 209442ms
   ✓ Phase D + Phase B causality runtime integration (apr1992_52w) > E. causality log is byte-identical across two scenario runs (determinism invariant) 101396ms
 ✓ tests/consequence_substrate_inventory_diagnostic.test.ts (4 tests) 231ms
 ✓ tests/desktop_ipc_mutation_policy.test.ts (5 tests) 7ms
 ✓ tests/combat_front_emergence.test.ts (12 tests) 8ms
 ✓ tests/ui_presidential_decision_room_wiring.test.ts (15 tests) 35ms
 ✓ tests/state/player_faction_contract.test.ts (5 tests) 21ms
 ✓ tests/officer_quality.test.ts (21 tests) 8ms
 ✓ tests/standing_og_doctrine_contract.test.ts (14 tests) 327ms
 ✓ tests/op_halt_staging.test.ts (11 tests) 9ms
 ✓ tests/tg_identity_commander.test.ts (11 tests) 274ms
 ✓ tests/formations_validate.test.ts (2 tests) 4ms
 ✓ tests/dev_ui_phase17.test.ts (6 tests) 8ms
 ✓ tests/combat_state_schema.test.ts (7 tests) 26ms
 ✓ tests/dayton_d2_entity_autonomy.test.ts (7 tests) 44ms
 ✓ tests/map_derived_artifact_ownership.test.ts (1 test) 166ms
 ✓ tests/sector_topology_snapshot.test.ts (8 tests) 1188ms
   ✓ captureSectorTopologySolveInput — fidelity against a real save > captures every section-6 family with strict ID/key ordering and preserved authored array order 429ms
   ✓ captureSectorTopologySolveInput — fidelity against a real save > retains no mutable identity from the source — mutating state/edges/spatial after capture does not change the snapshot 408ms
   ✓ captureSectorTopologySolveInput — fidelity against a real save > Object.freeze blocks mutation of plain-object/array leaves at runtime 344ms
 ✓ tests/ai_commander_ipc.test.ts (16 tests) 12ms
 ✓ tests/front_posture_commitment.test.ts (7 tests) 8ms
 ✓ tests/brigade_stacking_sector_truth.test.ts (6 tests) 124ms
 ✓ tests/codex_essays_wave_4.test.ts (76 tests) 45ms
[E5] Political control initialized (initial municipal substrate): 744 canonical graph nodes (SID-keyed), RBiH=350, RS=233, HRHB=161, null=0. Promoted to OSID when operational data present.
[E5] Political control initialized (initial municipal substrate): 744 canonical graph nodes (SID-keyed), RBiH=350, RS=233, HRHB=161, null=0. Promoted to OSID when operational data present.
[E5] Political control initialized (initial municipal substrate): 744 canonical graph nodes (SID-keyed), RBiH=350, RS=233, HRHB=161, null=0. Promoted to OSID when operational data present.
[E5] Political control initialized (initial municipal substrate): 744 canonical graph nodes (SID-keyed), RBiH=350, RS=233, HRHB=161, null=0. Promoted to OSID when operational data present.
 ✓ tests/current_version_factory_shape.test.ts (4 tests) 325ms
 ✓ tests/treaty_apply_territorial.test.ts (8 tests) 8ms
 ✓ tests/opportunity_campaign_proof_diagnostic.test.ts (2 tests) 123ms
 ✓ tests/r7_sensitive_history_phase1_content.test.ts (7 tests) 12ms
 ✓ tests/ui_map_battle_casualty_truth.test.ts (8 tests) 11ms
 ✓ tests/ui/officer_dossier.test.ts (11 tests) 78ms
 ✓ tests/event_families.test.ts (18 tests) 6ms
 ✓ tests/sector_front_edge_relation.test.ts (4 tests) 13ms
 ✓ tests/desktop_replay_live_accumulator.test.ts (8 tests) 8ms
 ✓ tests/early_war_control_flip.test.ts (11 tests) 973ms
   ✓ war runTurn default path omits phase_i control-flip report 598ms
   ✓ war runTurn is not gated by war_start_turn in two-phase model 364ms
 ✓ tests/hook_registry.test.ts (6 tests) 2493ms
   ✓ hook registry > every hook script survives an empty payload without erroring 2485ms
 ✓ tests/sector_offensive_launch_gates.test.ts (9 tests) 13ms
 ✓ tests/ui_army_hq_war_summary_visibility.test.ts (8 tests) 8ms
 ✓ tests/sector_coverage_truth_preservation.test.ts (5 tests) 15ms
 ✓ tests/corps_interior_movement_ownership.test.ts (1 test) 4ms
 ✓ tests/event_family_graph.test.ts (12 tests) 47ms
 ✓ tests/final_calibration_candidate_report.test.ts (8 tests) 8ms
 ✓ tests/sarajevo_core_defense.test.ts (6 tests) 9ms
 ✓ tests/data_prereq_check_h1_2.test.ts (5 tests) 80ms
 ✓ tests/war_termination.test.ts (22 tests) 43ms
 ✓ tests/ui_map_operations_mode.test.ts (4 tests) 6ms
 ✓ tests/consequence_breadth_v2.test.ts (14 tests) 28ms
 ✓ tests/garrison_pin_must_hold_front_edge.test.ts (14 tests) 13ms
 ✓ tests/free_war_army_hq_override_idle_gate.test.ts (10 tests) 8ms
 ✓ tests/militia_rework.test.ts (10 tests) 12ms
 ✓ tests/supply_reachability_osid.test.ts (7 tests) 9ms
 ✓ tests/hook_guard_stash_pop.test.ts (26 tests) 14716ms
   ✓ guard_stash_pop (tier-1 blocking hook) > DENIES git stash pop 619ms
   ✓ guard_stash_pop (tier-1 blocking hook) > DENIES git stash pop -q 662ms
   ✓ guard_stash_pop (tier-1 blocking hook) > DENIES git stash pop --quiet 658ms
   ✓ guard_stash_pop (tier-1 blocking hook) > DENIES git stash apply 628ms
   ✓ guard_stash_pop (tier-1 blocking hook) > DENIES git stash drop 676ms
   ✓ guard_stash_pop (tier-1 blocking hook) > DENIES git stash clear 586ms
   ✓ guard_stash_pop (tier-1 blocking hook) > DENIES git   stash   pop 659ms
   ✓ guard_stash_pop (tier-1 blocking hook) > DENIES cd /f/A-War-Without-Victory && git stash pop && npm test 659ms
   ✓ guard_stash_pop (tier-1 blocking hook) > DENIES npm test; git stash pop 643ms
   ✓ guard_stash_pop (tier-1 blocking hook) > DENIES echo hi | git stash pop 616ms
   ✓ guard_stash_pop (tier-1 blocking hook) > DENIES echo $(git stash pop) 678ms
   ✓ guard_stash_pop (tier-1 blocking hook) > the denial explains what to do instead, not just that it refused 644ms
   ✓ guard_stash_pop (tier-1 blocking hook) > ALLOWS git stash pop stash@{0} 589ms
   ✓ guard_stash_pop (tier-1 blocking hook) > ALLOWS git stash apply stash@{3} 688ms
   ✓ guard_stash_pop (tier-1 blocking hook) > ALLOWS git stash drop stash@{1} 595ms
   ✓ guard_stash_pop (tier-1 blocking hook) > ALLOWS git stash list 506ms
   ✓ guard_stash_pop (tier-1 blocking hook) > ALLOWS git stash show stash@{0} 475ms
   ✓ guard_stash_pop (tier-1 blocking hook) > ALLOWS git stash -q -- some/file.ts 480ms
   ✓ guard_stash_pop (tier-1 blocking hook) > ALLOWS git status 525ms
   ✓ guard_stash_pop (tier-1 blocking hook) > ALLOWS git checkout HEAD -- some/file.ts 551ms
   ✓ guard_stash_pop (tier-1 blocking hook) > ALLOWS a mere mention: echo 'git stash pop is dangerous' 503ms
   ✓ guard_stash_pop (tier-1 blocking hook) > ALLOWS a mere mention: git commit -m "docs: never run git stash pop without a ref" 507ms
   ✓ guard_stash_pop (tier-1 blocking hook) > ALLOWS a mere mention: grep -rn "git stash pop" docs/ 506ms
   ✓ guard_stash_pop (tier-1 blocking hook) > ALLOWS a heredoc whose body discusses the rule in prose 537ms
   ✓ guard_stash_pop (tier-1 blocking hook) > ALLOWS a commit whose message names the rule (the exact command it first blocked) 522ms
 ✓ tests/canon_officer_corps_refs.test.ts (6 tests) 11ms
 ✓ tests/serialize_gamestate_nonfinite_guard.test.ts (6 tests) 12ms
 ✓ tests/ci_workflow_test_paths_exist.test.ts (3 tests) 32ms
 ✓ tests/operation_delivery_audit_predicate_split.test.ts (5 tests | 4 skipped) 114ms
 ✓ tests/playtest_evidence_packet.test.ts (3 tests) 9ms
 ✓ tests/ui/objective_target_options.test.ts (6 tests) 9ms
 ✓ tests/washington_joint_pressure.test.ts (3 tests) 7ms
 ✓ tests/ui/formation_stranded_visibility.test.ts (7 tests) 6ms
 ✓ tests/operation_lifecycle_assertion.test.ts (4 tests) 6ms
 ✓ tests/supply_comprehension_readmodel.test.ts (10 tests) 10ms
 ✓ tests/early_war_entry_gating.test.ts (7 tests) 1951ms
   ✓ runTurn accepts war when referendum_held is false 612ms
   ✓ runTurn accepts war when war_start_turn is null 352ms
   ✓ runTurn accepts war when current_turn < war_start_turn 363ms
   ✓ runTurn accepts war phase and advances turn 301ms
   ✓ runTurn tolerates AoR entries on war path 316ms
 ✓ tests/ui/r7_english_readability_phase1.test.ts (7 tests) 9ms
 ✓ tests/operation_progress_replacement_truth.test.ts (1 test) 5ms
 ✓ tests/desktop_non_field_command_lever_guard.test.ts (6 tests) 6ms
 ✓ tests/desktop_command_strain_proof.test.ts (6 tests) 6ms
 ✓ tests/ui_map_contested_bands.test.ts (4 tests) 9ms
 ✓ tests/ui/filed_record_truth.test.ts (4 tests) 6ms
 ✓ tests/early_war_authority_degradation.test.ts (6 tests) 602ms
   ✓ war runTurn default path omits phase_i authority report 595ms
 ✓ tests/force_quality_diagnostic_artifact_ownership.test.ts (1 test) 62ms
 ✓ tests/scenario_loader_dayton_close_out.test.ts (6 tests) 12ms
 ✓ tests/ui/map_overlay_timing_contract.test.ts (6 tests) 18ms
[E5] Political control initialized (initial municipal substrate): 1 canonical graph nodes (SID-keyed), RBiH=1, RS=0, HRHB=0, null=0. Promoted to OSID when operational data present.
[E5] Political control initialized (initial municipal substrate): 1 canonical graph nodes (SID-keyed), RBiH=1, RS=0, HRHB=0, null=0. Promoted to OSID when operational data present.
[E5] Political control initialized (ethnic_1991): 1 canonical graph nodes (SID-keyed), RBiH=1, RS=0, HRHB=0. Promoted to OSID when operational data present.
[E5] Political control initialized (ethnic_1991): 1 canonical graph nodes (SID-keyed), RBiH=1, RS=0, HRHB=0. Promoted to OSID when operational data present.
[E5] Political control initialized (hybrid_1992, threshold=0.7): 1 canonical graph nodes (SID-keyed), RBiH=1, RS=0, HRHB=0. Promoted to OSID when operational data present.
[E5] Political control initialized (hybrid_1992, threshold=0.7): 1 canonical graph nodes (SID-keyed), RBiH=1, RS=0, HRHB=0. Promoted to OSID when operational data present.
 ✓ tests/bc07_operational_initial_master_consumption.test.ts (3 tests) 30ms
 ✓ tests/sector_rearrangement.test.ts (3 tests) 8ms
 ✓ tests/ui/render_churn_guards.test.ts (7 tests) 6ms
 ✓ tests/rear_pocket_abandonment.test.ts (5 tests) 8ms
 ✓ tests/ui/map_loading_state.test.ts (2 tests) 16ms
 ✓ tests/endgame_save_load_round_trip.test.ts (4 tests) 32ms
 ✓ tests/collapse_phase1_bfs_disabled_inert.test.ts (3 tests) 6ms
 ✓ tests/ui/warroom_tactical_map_lifecycle.test.ts (5 tests) 7ms
 ✓ tests/ui/army_hq_role_clarity.test.ts (7 tests) 8ms
 ✓ tests/ui/directive_outcome_receipts.test.ts (5 tests) 7ms
 ✓ tests/release_notes_generator.test.ts (4 tests) 412ms
 ✓ tests/desktop_calibration_compare.test.ts (9 tests) 33624ms
   ✓ desktop calibration comparison provenance > binds both branches to one current startup snapshot and labels player-choice divergence 2384ms
   ✓ desktop calibration comparison provenance > puts non-player factions in historical mode for a historical-default comparison 2361ms
   ✓ desktop calibration comparison provenance > distinguishes standing same-turn authorization from between-turn request approval 2324ms
   ✓ desktop calibration comparison provenance > emits byte-identical JSON for identical zero-turn inputs 4669ms
   ✓ desktop calibration comparison provenance > requires the Electron log and autosave inputs as a pair 1518ms
   ✓ desktop calibration comparison provenance > binds a validated Electron replay and attributes actions outside the controlled policy 9769ms
   ✓ desktop calibration comparison provenance > rejects faction provenance mismatches 1771ms
   ✓ desktop calibration comparison provenance > rejects turn provenance mismatches 1769ms
   ✓ desktop calibration comparison provenance > rejects scenario provenance mismatches 1737ms
 ✓ tests/identity_migration.test.ts (9 tests) 22ms
 ✓ tests/lesson_pointer_integrity.test.ts (9 tests) 3871ms
   ✓ life-lessons pointer integrity > no pointer is broken 1298ms
   ✓ life-lessons pointer integrity > every pointer in BOTH the index and the archive resolves 1270ms
   ✓ life-lessons pointer integrity > the baseline contains no entry that now resolves 1278ms
 ✓ tests/officer_learning_rate_shape_c.test.ts (6 tests) 4ms
 ✓ tests/ui/dilemma_spine.test.ts (13 tests) 8ms
 ✓ tests/scenario_activity_truth.test.ts (4 tests) 5ms
 ✓ tests/multi_axis_operations.test.ts (19 tests) 9ms
 ✓ tests/divergence_events_wave_18.test.ts (6 tests) 39ms
 ✓ tests/drift_recall_precedence.test.ts (11 tests) 9ms
 ✓ tests/post_turn_invariant_barrier.test.ts (4 tests) 1379ms
   ✓ post-turn invariant barrier > returns a discriminated structured failure instead of logging or throwing 497ms
   ✓ post-turn invariant barrier > does not publish displacement events before a failing post-turn barrier 303ms
 ✓ tests/docs_truth_no_skip_guard.test.ts (2 tests) 7ms
 ✓ tests/sim/autonomy/autonomy_phase_b.test.ts (9 tests) 9ms
 ✓ tests/displacement_pipeline_municipality_aggregation.test.ts (4 tests) 4ms
 ✓ tests/ui/audio_preferences.test.ts (8 tests) 11ms
 ✓ tests/codex_bijeljina_event_wiring.test.ts (7 tests) 7ms
 ✓ tests/phase_e_municipality_support.test.ts (2 tests) 6ms
 ✓ tests/ui/inboxItems.notifications.test.ts (1 test) 6ms
 ✓ tests/formation_life_sector_front_inertness.test.ts (1 test) 6ms
 ✓ tests/sector_brigade_status_assertion.test.ts (4 tests) 6ms
 ✓ tests/deck_click_selection_priority.test.ts (7 tests) 9ms
 ✓ tests/sarajevo_siege_params_integration.test.ts (3 tests) 7ms
 ✓ tests/front_pressure_accumulate.test.ts (1 test) 6ms
 ✓ tests/supply_phase_e1.test.ts (7 tests) 6ms
 ✓ tests/replay_frame_summary_schema_boundary.test.ts (7 tests) 7ms
 ✓ tests/game_state_turn_week_invariant.test.ts (4 tests) 8ms
 ✓ tests/replay_save_finalizer_artifact_ownership.test.ts (1 test) 63ms
 ✓ tests/wall_clock_target_report.test.ts (2 tests) 6ms
 ✓ tests/front_segments.test.ts (1 test) 6ms
 ✓ tests/war_weariness_descriptor.test.ts (6 tests) 7ms
 ✓ tests/formation_fatigue_frontline_assignment.test.ts (3 tests) 3ms
 ✓ tests/state_supply_queue_cursor.test.ts (5 tests) 9ms
 ✓ tests/sector_foca_kalinovik_front_ownership_real_save.test.ts (2 tests) 714ms
   ✓ Herzegovina Foca/Kalinovik front ownership from real save > keeps every live Herzegovina-rim war edge owned by a Herzegovina sector when rebuilt from the final state 540ms
 ✓ tests/operational_settlement_geometry_integrity.test.ts (1 test) 128ms
 ✓ tests/tg_pre_planned_reservation.test.ts (4 tests) 5ms
 ✓ tests/profile_hotspot_report.test.ts (2 tests) 6ms
 ✓ tests/desktop_start_campaign_authorization.test.ts (6 tests) 17346ms
   ✓ desktop startNewCampaign historical operation authorization > launches selected player-faction historical operations under standing authorization 479ms
   ✓ desktop startNewCampaign historical operation authorization > carries resolved historical operation receipts through an advance 4356ms
   ✓ desktop startNewCampaign historical operation authorization > launches an accepted selected player-faction historical operation on advance 3309ms
   ✓ desktop startNewCampaign historical operation authorization > gives accepted and preserved staged opening operations the same first-advance planning credit 6111ms
   ✓ desktop startNewCampaign historical operation authorization > assists only participants of accepted selected player-faction historical operations 3086ms
 ✓ tests/srk_siege_morale_audit.test.ts (6 tests) 9ms
 ✓ tests/observer_flag_writer.test.ts (16 tests) 72ms
 ✓ tests/scenario_timing_instrumentation.test.ts (1 test) 6727ms
   ✓ scenario timing instrumentation > emits opt-in timing JSON without changing deterministic run artifacts 6726ms
 ✓ tests/tg_determinism.test.ts (5 tests) 41ms
 ✓ tests/intel_gated_operations.test.ts (12 tests) 8ms
 ✓ tests/ui/author_op_eligibility.test.ts (17 tests) 15ms
 ✓ tests/baseline_artifact_ownership.test.ts (1 test) 5ms
 ✓ tests/orphan_operation_brigades.test.ts (3 tests) 23ms
 ✓ tests/ui/stale_state_resets.test.ts (5 tests) 9ms
 ✓ tests/sarajevo_lifeline_consolidation_set.test.ts (4 tests) 7ms
 ✓ tests/ui/render_proof_real_fixtures.test.ts (15 tests) 39ms
 ✓ tests/bilateral_front_edges.test.ts (4 tests) 7ms
 ✓ tests/knowledge_kb_index.test.ts (1 test) 21ms
 ✓ tests/srebrenica_rupture_trace_diagnostic.test.ts (3 tests) 3ms
 ✓ tests/schema_validators.test.ts (6 tests) 7ms
 ✓ tests/ui/warroom_marker_date.test.ts (21 tests) 373ms
   ✓ warroom marker date — determinism > stays inside the design bounds for every glyph of every turn it can reach 357ms
 ✓ tests/ui/accessibility_clickable_controls.test.ts (3 tests) 21ms
 ✓ tests/save_migration_fixture_artifact_ownership.test.ts (1 test) 56ms
warning: in the working copy of 'docs/plans/plan.md', LF will be replaced by CRLF the next time Git touches it
warning: in the working copy of 'src/real.ts', LF will be replaced by CRLF the next time Git touches it
warning: in the working copy of 'docs/plans/plan.md', LF will be replaced by CRLF the next time Git touches it
warning: in the working copy of 'src/real.ts', LF will be replaced by CRLF the next time Git touches it
 ✓ tests/scenario_sarajevo_overrides_schema.test.ts (3 tests) 6ms
 ✓ tests/task_manifests.test.ts (14 tests) 820ms
 ✓ tests/ui_map_front_stability.test.ts (4 tests) 5ms
 ✓ tests/ui/bottom_status_strip_overflow.test.ts (4 tests) 7ms
 ✓ tests/dayton_headless_close_out.test.ts (12 tests) 45ms
 ✓ tests/ui_map_supply_reach.test.ts (3 tests) 7ms
 ✓ tests/op_directive_objection.test.ts (15 tests) 13ms
 ✓ tests/triggered_operations_late_1995.test.ts (10 tests) 7ms
 ✓ tests/emergence_aor_instantiation.test.ts (11 tests) 7ms
 ✓ tests/final_operation_truth_reconciliation.test.ts (4 tests) 8ms
 ✓ tests/emergence_validation_suite.test.ts (10 tests) 1211ms
   ✓ Phase E validation: Phase D invariants still hold (exhaustion monotonic) 474ms
   ✓ Phase E validation: Phase E is deterministic across multiple turns 471ms
 ✓ tests/ui/warroom_ticker_event_receipts.test.ts (12 tests) 15ms
 ✓ tests/elite_loan_recall.test.ts (5 tests) 6ms
 ✓ tests/ui/v47_readability_remediation.test.ts (16 tests) 24ms
 ✓ tests/hrhb_events_jul_sep_1992.test.ts (16 tests) 13ms
 ✓ tests/rupture_silence_when_defended.test.ts (4 tests) 9ms
 ✓ tests/war_dispatches.test.ts (32 tests) 38ms
 ✓ tests/final_sector_truth_reconciliation_cache.test.ts (8 tests) 69ms
 ✓ tests/systems_2_3_4_7_9_10_acceptance_gates.test.ts (1 test) 6560ms
   ✓ systems 2/3/4/7/9/10 acceptance gates: phase_ii run populates required state 6559ms
 ✓ tests/displacement_dest_osid_t2b.test.ts (4 tests) 4ms
 ✓ tests/ui/proactive_force_launch.test.ts (13 tests) 12ms
 ✓ tests/operational_contact_graph_shared_border_precision.test.ts (1 test) 5ms
 ✓ tests/brigade_history.test.ts (15 tests) 12ms
 ✓ tests/ui/peace_war_transition.test.ts (6 tests) 7ms
 ✓ tests/unstaffed_sibling_sector_absorption.test.ts (3 tests) 8ms
 ✓ tests/exhaustion_accumulate.test.ts (1 test) 4ms
 ✓ tests/presidential_command_durable_consumers.test.ts (1 test) 35ms
 ✓ tests/test_discovery_contract.test.ts (4 tests) 2033ms
   ✓ test discovery contracts > routes desktop contract guardrails through vitest instead of node:test 536ms
   ✓ test discovery contracts > splits vitest files into fast and scenario slices without overlap 553ms
   ✓ test discovery contracts > fully retires node:test residue from discovery 461ms
   ✓ test discovery contracts > ignores helper files under tests that are not test-entrypoints 481ms
 ✓ tests/desktop_replay_live_wire_smoke.test.ts (16 tests) 10ms
 ✓ tests/open_gates_register.test.ts (18 tests) 453ms
 ✓ tests/desktop_officer_decision_history.test.ts (5 tests) 20ms
 ✓ tests/commander/primary_sector_operation_objectives.test.ts (2 tests) 11ms
 ✓ tests/cold_front_sector_suppression.test.ts (9 tests) 6ms
 ✓ tests/scenario_init_formations.test.ts (1 test) 9996ms
   ✓ init_formations: apr1992_4w has 3 formations and run is deterministic 9995ms
 ✓ tests/supply_bridge_finding_property.test.ts (2 tests) 199275ms
   ✓ Tarjan vs legacy parity — G1 property test (10k trials) > 10000 randomized BiH-shape trials: Tarjan bridge-set === legacy bridge-set 199077ms
 ✓ tests/tg_invariants.test.ts (8 tests) 8ms
 ✓ tests/tutorial_content_v1.test.ts (6 tests) 10ms
 ✓ tests/consequence_pressure_c2_patron_distance.test.ts (4 tests) 40ms
 ✓ tests/phase5_check.test.ts (1 test) 2246ms
   ✓ phase5 sanity: region expansion, edge override, deterministic + no timestamps 2245ms
 ✓ tests/browser_campaign_start_fallback.test.ts (4 tests) 266ms
 ✓ tests/codex_source_quality.test.ts (2 tests) 12ms
 ✓ tests/presidential_command_convergence_diagnostic.test.ts (6 tests) 107ms
 ✓ tests/ui/presidential_toolbar_severity_pip.test.ts (6 tests) 5ms
 ✓ tests/ui/warroom_priority_docket.test.ts (5 tests) 28ms
 ✓ tests/codex_ghost_entries_wave_3.test.ts (39 tests) 18ms
 ✓ tests/ai_commander_validation.test.ts (15 tests) 10ms
 ✓ tests/emergence_pressure_determinism.test.ts (1 test) 860ms
   ✓ same initial state + same edges yields identical serialized output after N turns 859ms
 ✓ tests/scenario_anchor_contract.test.ts (6 tests) 108836ms
 ✓ tests/ui/chronicle_wrapped_setup_provenance.test.ts (1 test) 8ms
 ↓ tests/scenario_golden_baselines_h2_3.test.ts (1 test | 1 skipped)
 ✓ tests/early_war_jna_transition.test.ts (7 tests) 621ms
   ✓ war runTurn reports the JNA transition lifecycle 614ms
 ✓ tests/cost_ledger_war_crimes_findings.test.ts (1 test) 33ms
 ✓ tests/combat_command_friction_effect.test.ts (4 tests) 8ms
 ✓ tests/divergence_events_wave_19_reader_annotations.test.ts (2 tests) 37ms
 ✓ tests/commander/anti_paralysis_supply_gate.test.ts (3 tests) 6ms
 ✓ tests/ai_play_decision_context_contract.test.ts (1 test) 6ms
 ✓ tests/logistics_priority_wiring_red.test.ts (5 tests) 6ms
 ✓ tests/desktop_player_decision_gate_contract.test.ts (2 tests) 6ms
 ✓ tests/save_load_real_roundtrip_adapter.test.ts (5 tests) 4561ms
   ✓ adapter-after-deserialize contract > parseGameState produces consistent field counts on raw vs round-tripped state 1256ms
   ✓ adapter-after-deserialize contract > adapter formation IDs match between raw and round-tripped state 1099ms
   ✓ adapter-after-deserialize contract > formation field values spot-check: sample brigade and corps survive roundtrip identically 1151ms
   ✓ adapter-after-deserialize contract > corps command field values spot-check: sample corps stance and exhaustion survive roundtrip 1054ms
 ✓ tests/tutorial_objectives.test.ts (7 tests) 6ms
 ✓ tests/front_breaches.test.ts (1 test) 4ms
 ✓ tests/emergent_brigade_formation.test.ts (20 tests) 10ms
 ✓ tests/co_replacement_staging.test.ts (12 tests) 9ms
 ✓ tests/paramilitary_severity_bands.test.ts (3 tests) 7ms
 ✓ tests/ui_front_edge_display_ownership_real_save.test.ts (3 tests) 657ms
   ✓ real-save front-edge display ownership > gives every visible hover edge a sector id in the live save 358ms
 ✓ tests/alliance_territorial_incidents.test.ts (5 tests) 7ms
 ✓ tests/scenario_runner_artifact_repair.test.ts (1 test) 13ms
 ✓ tests/recruitment_context.test.ts (2 tests) 4ms
 ✓ tests/ui/combat_effectiveness_sparse_data.test.ts (3 tests) 7ms
 ✓ tests/control_change_attribution.test.ts (3 tests) 5ms
 ✓ tests/runtime_dependency_resolution.test.ts (12 tests) 1581ms
 ✓ tests/patron_pressure.test.ts (1 test) 5ms
 ✓ tests/ui/error_copy_contract.test.ts (5 tests) 6ms
 ✓ tests/historical_elite_reservations.test.ts (1 test) 4ms
 ✓ tests/triggered_op_temporal_contract.test.ts (5 tests) 4ms
 ✓ tests/ui/surface_backdrop_readability.test.ts (3 tests) 8ms
 ✓ tests/embargo_profiles.test.ts (1 test) 3ms
 ✓ tests/contain_predicate_diagnostic.test.ts (13 tests) 9ms
 ✓ tests/sim_strict_ordering_contract.test.ts (1 test) 75ms
 ✓ tests/map_validate_strict_ordering_contract.test.ts (1 test) 15ms
 ✓ tests/presidential_cadence_cli_provenance.test.ts (1 test) 612ms
   ✓ presidential cadence CLI source-save provenance > rejects a turn-0 save advertised as end turn 1 without writing output 611ms
 ✓ tests/scenario_control_change_attribution_contract.test.ts (1 test) 4010ms
   ✓ scenario control change attribution contract > emits control-change attribution and no longer writes control_events.jsonl 4009ms
 ✓ tests/game_state_adapter_estimated_civilian_risk.test.ts (2 tests) 20ms
 ✓ tests/adjacent_enemy_cache.test.ts (1 test) 4ms
 ✓ tests/ui_map_enclave_visibility.test.ts (1 test) 20ms
 ✓ tests/commander/zone_persistence_sanitize.test.ts (2 tests) 4ms
 ✓ tests/v08_to_v09_hardening_guardrails.test.ts (4 tests) 5ms
 ✓ tests/turn_pipeline_order.test.ts (2 tests) 5ms
 ✓ tests/ui/gui_audit_polish_cleanup.test.ts (4 tests) 6ms
 ✓ tests/ui/warroom_launch_screen_contract.test.ts (1 test) 5ms
 ✓ tests/sarajevo_constant_inventory.test.ts (1 test) 476ms
   ✓ Sarajevo constant inventory diagnostic > emits a deterministic inventory of Sarajevo-named numeric constants 475ms
 ✓ tests/ui/oob_corps_card_responsive.test.ts (2 tests) 6ms
 ✓ tests/desktop_sim_bundle_smoke.test.ts (1 test) 4407ms
   ✓ desktop sim bundle smoke > can be built and required in CommonJS mode 4406ms
 ✓ tests/hrhb_1992_decision_cadence.test.ts (1 test) 5ms
 ✓ tests/sim/command/phase2_operation_interpretation.test.ts (2 tests) 11ms
 ✓ tests/ui/decision_room_header_contrast.test.ts (2 tests) 5ms
 ✓ tests/rs_t40_benchmark_reanchor.test.ts (2 tests) 4ms
 ✓ tests/ui/packaged_font_network_contract.test.ts (7 tests) 8ms
 ✓ tests/corps_status_reason.test.ts (3 tests) 5ms
 ✓ tests/bot_strategy_adaptation_a1.test.ts (2 tests) 3ms
 ✓ tests/ozren_oob_home_osid.test.ts (1 test) 3ms
 ✓ tests/ui/modal_palette_unification.test.ts (2 tests) 5ms
 ✓ tests/ui/dev_host_consistency.test.ts (2 tests) 5ms
 ✓ tests/legitimacy_helpers.test.ts (1 test) 3ms
 ✓ tests/brigade_movement_order_helper.test.ts (1 test) 6ms
 ✓ tests/eol_policy.test.ts (1 test) 90ms
 ✓ tests/ui/retired_chrome_removed.test.ts (1 test) 5ms
 ✓ tests/game_state_field_classification.test.ts (4 tests) 39814ms
   ✓ GameState field classification diagnostic > emits every GameState and MilitaryState field with deterministic lifecycle evidence 2511ms
   ✓ GameState field classification diagnostic > does not infer persistence from optionality or misleading legacy prose 970ms
   ✓ GameState field classification diagnostic > keeps the live GameState and MilitaryState inventory complete and repo-relative 36330ms
 ✓ tests/ui_map_modes.test.ts (1 test) 4ms
 ✓ tests/consequence_event_11_weapons_embargo_partial_lift.test.ts (7 tests) 20ms
 ✓ tests/ui/app_primary_command_quick_select_cleanup.test.ts (1 test) 4ms
 ✓ tests/ui/r7_situation_tab_layout_readability.test.ts (1 test) 4ms
 ✓ tests/ui/chronicle_endgame_mount.test.ts (6 tests) 24ms
 ✓ tests/ui/r7_army_hq_layout_readability.test.ts (1 test) 4ms
 ✓ tests/hook_guard_pipe_exit_code.test.ts (17 tests) 15529ms
   ✓ guard_pipe_exit_code (tier-1 for the unambiguous shape) > DENIES npm run desktop:map:build 2>&1 | tail -5; echo "BUILD_EXIT=$?" 1286ms
   ✓ guard_pipe_exit_code (tier-1 for the unambiguous shape) > DENIES npx tsc --noEmit | tail -3; echo "rc=$?" 1246ms
   ✓ guard_pipe_exit_code (tier-1 for the unambiguous shape) > DENIES git push -q 2>&1 | tail -1; echo "PUSH_EXIT=$?" 1212ms
   ✓ guard_pipe_exit_code (tier-1 for the unambiguous shape) > DENIES cmd | head -20 && echo "$?" 1246ms
   ✓ guard_pipe_exit_code (tier-1 for the unambiguous shape) > DENIES cmd | cut -d: -f1; rc="$?" 1285ms
   ✓ guard_pipe_exit_code (tier-1 for the unambiguous shape) > DENIES cmd | wc -l; echo "count rc=$?" 1213ms
   ✓ guard_pipe_exit_code (tier-1 for the unambiguous shape) > DENIES cmd | sed -n "1,5p"; if [ "$?" -eq 0 ]; then echo ok; fi 1216ms
   ✓ guard_pipe_exit_code (tier-1 for the unambiguous shape) > the denial names the filter that swallowed the status, and offers a fix 1247ms
   ✓ guard_pipe_exit_code (tier-1 for the unambiguous shape) > WARNS but does not deny: git branch | grep -q foo; if [ "$?" -eq 0 ]; then echo yes; fi 1275ms
   ✓ guard_pipe_exit_code (tier-1 for the unambiguous shape) > stays QUIET for cmd | tail -5; echo done 788ms
   ✓ guard_pipe_exit_code (tier-1 for the unambiguous shape) > stays QUIET for set -o pipefail; cmd | tail -5; echo "$?" 361ms
   ✓ guard_pipe_exit_code (tier-1 for the unambiguous shape) > stays QUIET for npm test > /tmp/x.log 2>&1; rc=$?; tail -5 /tmp/x.log 705ms
   ✓ guard_pipe_exit_code (tier-1 for the unambiguous shape) > stays QUIET for echo hello world 715ms
   ✓ guard_pipe_exit_code (tier-1 for the unambiguous shape) > ALLOWS a heredoc whose body quotes the rule 706ms
   ✓ guard_pipe_exit_code (tier-1 for the unambiguous shape) > ALLOWS the offending string carried as a single-quoted argument 730ms
 ✓ tests/front_pressure_supply_modulation.test.ts (2 tests) 7ms
 ✓ tests/paramilitary_fade_week.test.ts (1 test) 3ms
 ✓ tests/painted_control_targets.test.ts (10 tests) 190ms
 ✓ tests/operation_prediction.test.ts (12 tests) 10ms
 ✓ tests/srebrenica_diagnostic_v2.test.ts (4 tests) 3ms
 ✓ tests/warroom_new_campaign_flow_truth.test.ts (9 tests) 14ms
 ✓ tests/control_flip_proposals.test.ts (3 tests) 5ms
 ✓ tests/command_authority_economy.test.ts (11 tests) 12ms
 ✓ tests/ui_map_panel_rail.test.ts (6 tests) 6ms
 ✓ tests/ai_commander_parser.test.ts (15 tests) 11ms
 ✓ tests/operation_name_collision.test.ts (6 tests) 9ms
 ✓ tests/formation_hq_relocation.test.ts (6 tests | 1 skipped) 5ms
 ✓ tests/ui/command_surface_repurpose_panels.test.ts (7 tests) 28ms
 ✓ tests/generated_artifact_ownership_matrix_contract.test.ts (1 test) 2186ms
   ✓ generated artifact ownership matrix is a complete static contract 2185ms
 ✓ tests/early_war_state_schema.test.ts (8 tests) 24ms
 ✓ tests/phase_c_supply_agency.test.ts (4 tests) 8ms
 ✓ tests/ui/first_hour_fired_event_labels.test.ts (4 tests) 29ms
 ✓ tests/generated_artifact_inventory.test.ts (4 tests) 1062ms
   ✓ generated artifact inventory diagnostic > keeps every live scenario, replay/run, baseline, diagnostic, and package family owned 1012ms
 ✓ tests/tutorial_onboarding_skeleton.test.ts (4 tests) 8ms
 ✓ tests/build_historical_shadow.test.ts (6 tests) 38ms
 ✓ tests/early_war_turn_structure.test.ts (5 tests) 1624ms
   ✓ war runTurn executes expected leading phases in order 604ms
   ✓ Peace phase runTurn leaves areasOfResponsibility empty (no AoRs in Peace phase) 359ms
   ✓ war runTurn default path does not include legacy phase-i subphases 321ms
   ✓ war runTurn with formation_spawn_directive remains stable 319ms
 ✓ tests/tg_recovery_suppression.test.ts (4 tests) 143ms
 ✓ tests/back_the_officer_human_only_determinism.test.ts (4 tests) 241ms
 ✓ tests/equipment_quality_modifier_substrate.test.ts (7 tests) 8ms
 ✓ tests/enclave_sector_march.test.ts (5 tests) 8ms
 ✓ tests/ui/ops_planning_target_discovery.test.ts (31 tests) 1363ms
   ✓ ops planning target discovery > localizes OpsMap compact legend chrome in BCS mode 458ms
 ✓ tests/decoration_system.test.ts (17 tests) 15ms
 ✓ tests/desktop_packaging_targets.test.ts (4 tests) 203ms
 ✓ tests/loaned_elite_rescue_reserve_cap.test.ts (6 tests) 11ms
 ✓ tests/end_state.test.ts (5 tests) 731ms
   ✓ end state > runs the normal turn pipeline when end_state is absent 712ms
 ✓ tests/ui_shell_frame_contract.test.ts (9 tests) 13ms
 ✓ tests/enclave_operation_eligibility.test.ts (7 tests) 5ms
 ✓ tests/desktop_runtime_probe_cache_artifact.test.ts (6 tests) 8ms
 ✓ tests/sector_territory_contiguity_repair.test.ts (7 tests) 8ms
 ✓ tests/ui_map_sector_lookup.test.ts (5 tests) 8ms
 ✓ tests/oob_elite_commander_contract.test.ts (4 tests) 7ms
 ✓ tests/sector_build_derived_context.test.ts (4 tests) 11ms
 ✓ tests/onboarding_spotlight_targets.test.ts (3 tests) 551ms
   ✓ onboarding spotlight targets > has a rendered data-tutorial-step emitter for every non-null step target 547ms
 ✓ tests/bot_brigade_context_counts.test.ts (2 tests) 5ms
 ✓ tests/ui/advance_turn_button_gated_feedback.test.ts (20 tests) 567ms
 ✓ tests/displacement_pipeline_displacement_accumulation.test.ts (5 tests) 18ms
 ✓ tests/sensitive_history_canon_gate_audit_strict_gate.test.ts (3 tests) 731ms
   ✓ sensitive_history_canon_gate_audit — strict CI gate > the actual --strict --violations-only CLI exits zero when only INFO remains 613ms
 ✓ tests/render_task_prompt.test.ts (8 tests) 20ms
 ✓ tests/salient_withdrawal.test.ts (4 tests) 6ms
 ✓ tests/serialization_attribution_contract.test.ts (7 tests) 19ms
 ✓ tests/ui/ops_modal_auto_propose.test.ts (11 tests) 9ms
 ✓ tests/ui/endgame_snapshot_verdict_fidelity.test.ts (13 tests) 127ms
 ✓ tests/ui/war_summary_campaign_cost_i18n.test.ts (12 tests) 601ms
 ✓ tests/ui/presidential_categories.test.ts (17 tests) 26ms
 ✓ tests/desktop_startup_snapshot_guardrails.test.ts (3 tests) 6241ms
   ✓ desktop sim build fails loudly when the baked startup snapshot is missing 3137ms
   ✓ desktop sim build fails loudly when the baked startup snapshot drifts 3100ms
 ✓ tests/oob_loader.test.ts (4 tests) 26ms
 ✓ tests/ui/decision_consequence_records_panel.test.ts (9 tests) 418ms
 ✓ tests/hook_guard_lookup_absence.test.ts (11 tests) 3230ms
   ✓ guard_lookup_absence (advisory) > WARNS about readiness = 'active' — the 2026-08-26 search, verbatim 349ms
   ✓ guard_lookup_absence (advisory) > WARNS about status = "open" — double quotes 339ms
   ✓ guard_lookup_absence (advisory) > WARNS about phase: 'war' — object-literal form, not assignment 348ms
   ✓ guard_lookup_absence (advisory) > says what to search instead, not merely that the search is narrow 357ms
   ✓ guard_lookup_absence (advisory) > stays QUIET for readiness = — THE HOOK'S OWN ADVICE — warning here would make it self-defeating 330ms
   ✓ guard_lookup_absence (advisory) > stays QUIET for readiness — a bare field name 338ms
   ✓ guard_lookup_absence (advisory) > stays QUIET for function deriveReadinessState — searching for the computed writer itself 317ms
   ✓ guard_lookup_absence (advisory) > stays QUIET for x = 1 — an unquoted number is not a pinned string literal 311ms
 ✓ tests/consolidation_scoring.test.ts (7 tests) 5ms
 ✓ tests/emergence_pressure_gating.test.ts (2 tests) 522ms
   ✓ phase_ii runTurn includes phase-e-pressure-update and runs exactly once per turn 518ms
 ✓ tests/ui/jna_synthetic_command_presentation.test.ts (7 tests) 407ms
 ✓ tests/cpu_profile_analysis.test.ts (2 tests) 7ms
 ✓ tests/save_migration_drift_artifact_ownership.test.ts (1 test) 6ms
 ✓ tests/local_front_density_modifier_precedence.test.ts (4 tests) 4ms
 ✓ tests/formation_life_far_from_home_truth.test.ts (1 test) 6ms
 ✓ tests/formation_territory_assertion.test.ts (3 tests) 5ms
 ✓ tests/corps_front_sector_duplicate_edge_canonicalization.test.ts (1 test) 5ms
 ✓ tests/ui/army_reserve_elite_commander.test.ts (8 tests) 578ms
 ✓ tests/ui_chronicle_review_tools.test.ts (5 tests) 8ms
 ✓ tests/reserve_request_identity_boundary.test.ts (1 test) 19ms
 ✓ tests/ui/shell_navigation_ownership.test.ts (13 tests) 497ms
 ✓ tests/telemetry_queue.test.ts (3 tests) 11ms
 ✓ tests/ui/command_briefing_consolidation.test.ts (4 tests) 28ms
 ✓ tests/modal_wrapper.test.ts (10 tests) 92ms
 ✓ tests/ui/event_decision_modal_decision_context.test.ts (7 tests) 137ms
 ✓ tests/ui/ui_copy_raw_id_fallbacks.test.ts (6 tests) 367ms
 ✓ tests/ui/corps_detail_sector_truth.test.ts (7 tests) 304ms
 ✓ tests/ui/turn_aftermath_quiet_digest.test.ts (11 tests) 164ms
 ✓ tests/modal_dismissible.test.ts (8 tests) 91ms
 ✓ tests/integration_scenario_roundtrip.test.ts (3 tests) 12568ms
   ✓ scenario round-trip > 4w scenario run produces final_save.json with expected properties 3799ms
   ✓ scenario round-trip > serialize -> deserialize round-trip preserves state identity 3071ms
   ✓ scenario round-trip > same scenario run twice yields identical final_save hash 5697ms
 ✓ tests/phase_d_validation.test.ts (5 tests) 6ms
 ✓ tests/ui/panel_rail_ownership.test.ts (5 tests) 6ms
 ✓ tests/organizational_penetration_formula.test.ts (4 tests) 4ms
 ✓ tests/baseline_regression_ci_guardrails.test.ts (4 tests) 8ms
 ✓ tests/ui/paramilitary_review_modal.test.ts (4 tests) 324ms
 ✓ tests/desktop_campaign_replacement_metadata.test.ts (4 tests) 10ms
 ✓ tests/ui/workstream_d_surface_contract.test.ts (4 tests) 7ms
 ✓ tests/ui/verdict_share_summary.test.ts (3 tests) 8ms
 ✓ tests/ui/dayton_institutional_dimensions_render.test.ts (5 tests) 286ms
 ✓ tests/ui/codex_panel_tier_graph.test.ts (5 tests) 117ms
 ✓ tests/empty_state.test.ts (9 tests) 15ms
 ✓ tests/loading_skeleton.test.ts (6 tests) 17ms
 ✓ tests/ivp_breakdown_modal_boundary.test.ts (4 tests) 8ms
 ✓ tests/ui/warroom_activity_art.test.ts (7 tests) 7ms
 ✓ tests/ui_settings_telemetry_controls.test.ts (3 tests) 355ms
 ✓ tests/ui/warroom_scene_continuity.test.ts (4 tests) 119ms
 ✓ tests/integration_state_assertions.test.ts (6 tests) 86142ms
 ✓ tests/ui/order_queue_player_copy.test.ts (2 tests) 157ms
 ✓ tests/ui_map_officers_phase_e.test.ts (2 tests) 24ms
 ✓ tests/ui/peace_plan_art.test.ts (8 tests) 7ms
 ✓ tests/operational_osid_universe_invariant.test.ts (8 tests) 127ms
 ✓ tests/serialize_gamestate_no_derived_fields.test.ts (7 tests) 15ms
 ✓ tests/ui/command_card_strip_accessibility.test.ts (3 tests) 270ms
 ✓ tests/local_executor_harness.test.ts (16 tests) 1390ms
 ✓ tests/territorial_anomaly_sector_coverage_truth.test.ts (5 tests) 30ms
 ✓ tests/sim/political/phase5c_holbrooke_events.test.ts (15 tests) 31ms
 ✓ tests/event_effects_nonfinite_guard.test.ts (10 tests) 10ms
 ✓ tests/ongoing_mobilization.test.ts (4 tests) 7ms
 ✓ tests/ui/map_data_loader_cache.test.ts (5 tests) 27ms
 ✓ tests/ui/emergency_posture_confirm.test.ts (2 tests) 279ms
 ✓ tests/early_war_displacement_hooks.test.ts (7 tests) 582ms
   ✓ war runTurn default path omits phase_i displacement hooks report 577ms
 ✓ tests/combat_supply_pressure.test.ts (8 tests) 8ms
 ✓ tests/dev_ui_exports_deterministic.test.ts (5 tests) 6ms
 ✓ tests/tg_effective_personnel.test.ts (7 tests) 10ms
 ✓ tests/diplomacy_modal_boundary.test.ts (3 tests) 95ms
 ✓ tests/ui/opening_splash.test.ts (7 tests) 184ms
 ✓ tests/ui/territory_over_time_chart_timing.test.ts (3 tests) 64ms
 ✓ tests/ui/audio_cue_observer.test.ts (1 test) 25ms
 ✓ tests/ui/event_modal_effect_filter.test.ts (2 tests) 177ms
 ✓ tests/scenario_init_control.test.ts (2 tests) 10088ms
   ✓ init_control apr1992 ethnic: zvornik has ethnic overrides (split), bijeljina majority is RS 5454ms
   ✓ init_control apr1995: municipal anchors match apr1995 source snapshot 4633ms
 ✓ tests/ui/settings_screen_i18n.test.ts (3 tests) 243ms
 ✓ tests/formation_life_packet_inventory.test.ts (1 test) 7ms
 ✓ tests/ui/main_menu_language.test.ts (2 tests) 231ms
 ✓ tests/ui/faction_report_mobile_subdivision.test.ts (7 tests) 57ms

 Test Files  337 passed | 1 skipped (338)
      Tests  3296 passed | 6 skipped (3302)
   Start at  10:47:14
   Duration  1248.71s (transform 23.39s, setup 765ms, collect 109.10s, tests 1001.65s, environment 29.42s, prepare 35.77s)

 ✓ tests/q3_event_1992_chronology.test.ts (7 tests) 20ms
 ✓ tests/ui/paramilitary_inbox_items.test.ts (5 tests) 54ms
 ✓ tests/desktop_packaging_contract.test.ts (2 tests) 14ms
 ✓ tests/ui/verdict_scene.test.ts (3 tests) 6ms
 ↓ tests/sector_front_role_truth_real_save.test.ts (2 tests | 2 skipped)
 ✓ tests/supply_reachability.test.ts (5 tests) 5ms
 ✓ tests/ui/dayton_institutional_dimensions.test.ts (9 tests) 9ms
 ✓ tests/codex_sensitive_history_source_notes.test.ts (5 tests) 3343ms
   ✓ every inventoried sensitive claim has an explicit status and owner 1182ms
   ✓ production choice classification has no direct refused acts and excludes lexical references 1078ms
   ✓ Neretva, Grabovica, and Uzdol anchors are source-owned September 1993 content 1050ms
 ✓ tests/sensitive_history_player_choice_content.test.ts (2 tests) 26ms
 ✓ tests/economy_production.test.ts (13 tests) 15ms
 ✓ tests/endgame_188w_diagnostics.test.ts (4 tests) 171ms
 ✓ tests/ui/presidential_blockers.test.ts (8 tests) 39ms
 ✓ tests/op_halt_injection.test.ts (6 tests) 8ms
 ✓ tests/force_quality_checkpoint_windows_diagnostic.test.ts (1 test) 292ms
 ✓ tests/combat_exhaustion.test.ts (7 tests) 8ms
 ✓ tests/audio_ambient_generation.test.ts (8 tests) 96628ms
   ✓ deterministic ambient-bed generator > renders deterministic canonical PCM for ambient_archive and rejects digest drift 33930ms
   ✓ deterministic ambient-bed generator > renders deterministic canonical PCM for ambient_field and rejects digest drift 33460ms
   ✓ deterministic ambient-bed generator > renders deterministic canonical PCM for ambient_warroom and rejects digest drift 29218ms
 ✓ tests/corps_front_sector_corps_ownership.test.ts (1 test) 52ms
 ✓ tests/patron_supply_defiance.test.ts (5 tests) 7ms
 ✓ tests/force_quality_trajectory_diagnostic.test.ts (5 tests) 7800ms
   ✓ force_quality_trajectory diagnostic > emits valid output schema with required fields 1071ms
   ✓ force_quality_trajectory diagnostic > is deterministic — two invocations produce byte-identical output 2095ms
   ✓ force_quality_trajectory diagnostic > is read-only — does not mutate the run directory 1442ms
   ✓ force_quality_trajectory diagnostic > emits officer_quality snapshots and rate-of-change shape 1048ms
   ✓ force_quality_trajectory diagnostic > officer_quality snapshots are deterministic across invocations 2142ms
 ✓ tests/ui/codex_a1c_response_morphing.test.ts (4 tests) 180ms
 ✓ tests/brigade_deploy_orders.test.ts (3 tests) 7ms
 ✓ tests/officer_config_consumers.test.ts (3 tests) 621ms
   ✓ officer_config consumers (issue #25 sub-task D) > every active officer_config field has at least one consumer in src/ 434ms
warning: in the working copy of 'base.txt', LF will be replaced by CRLF the next time Git touches it
warning: in the working copy of 'unique.txt', LF will be replaced by CRLF the next time Git touches it

1 branch(es) refused: run with --archive first.
warning: in the working copy of 'base.txt', LF will be replaced by CRLF the next time Git touches it
warning: in the working copy of 'base.txt', LF will be replaced by CRLF the next time Git touches it
warning: in the working copy of 'landed.txt', LF will be replaced by CRLF the next time Git touches it
warning: in the working copy of 'base.txt', LF will be replaced by CRLF the next time Git touches it
warning: in the working copy of 'base.txt', LF will be replaced by CRLF the next time Git touches it
warning: in the working copy of 'precious.txt', LF will be replaced by CRLF the next time Git touches it
warning: in the working copy of 'base.txt', LF will be replaced by CRLF the next time Git touches it
 ✓ tests/branch_hygiene_safety.test.ts (5 tests) 4691ms
   ✓ branch hygiene never destroys unique work > refuses to prune a branch with unique commits and no archive tag 1207ms
   ✓ branch hygiene never destroys unique work > prunes a branch whose commits already landed in main 1292ms
   ✓ branch hygiene never destroys unique work > archives unique work, then prunes it, leaving the commits recoverable 1361ms
   ✓ branch hygiene never destroys unique work > never touches main or the checked-out branch 828ms
 ✓ tests/docs_desktop_v09_truth.test.ts (7 tests) 33ms
 ✓ tests/distance_weighted_defense.test.ts (21 tests) 8ms
 ✓ tests/sector_topology_trace.test.ts (1 test) 3542ms
   ✓ sector topology deterministic trace — end-to-end characterization against a real save > is behavior-neutral, populates an ordered trace, and does not leak across invocations 3541ms
 ✓ tests/jna_withdrawal_consequences.test.ts (4 tests) 26ms
 ✓ tests/integration_pool_integrity.test.ts (4 tests) 80745ms
 ✓ tests/game_state_no_derived_fields.test.ts (7 tests) 9ms
 ✓ tests/serialize_gamestate_stability.test.ts (4 tests) 10ms
 ✓ tests/terrain_tiles_artifact_ownership.test.ts (1 test) 111ms
 ✓ tests/ui_map_build_warning_contract.test.ts (3 tests) 6ms
 ✓ tests/ui_presidential_toolbar_summary_click.test.ts (4 tests) 9ms
 ✓ tests/ui/map_critical_first_init.test.ts (3 tests) 7ms
 ✓ tests/fatigue_distribution_replay_fixture_artifact_ownership.test.ts (1 test) 56ms
 ✓ tests/supply_gating.test.ts (5 tests) 3ms
 ✓ tests/turn_result_production_callers.test.ts (2 tests) 7424ms
   ✓ TurnResult production caller handling > desktop keeps the input save unchanged and returns a deterministic actionable invariant error 7116ms
   ✓ TurnResult production caller handling > deterministic scenario CLI stops on the first invariant failure without advancing its input 307ms
 ✓ tests/ui/osid_display_name_integrity.test.ts (3 tests) 32ms
 ✓ tests/front_regions.test.ts (1 test) 5ms
 ✓ tests/map_scenario_queue_cursor.test.ts (6 tests) 8ms
 ✓ tests/operation_storm_theater_gate.test.ts (2 tests) 5ms
 ✓ tests/desktop_ipc_mutex.test.ts (4 tests) 7ms
 ✓ tests/supply_pressure_vs_condition_reconciliation.test.ts (2 tests) 6ms
 ✓ tests/test_runner_contract.test.ts (3 tests) 6ms
 ✓ tests/desktop_persisted_sector_continuity.test.ts (1 test) 5024ms
   ✓ desktop persisted sector continuity > loads the exact standing OG, assignments, command query, and player-visible projection without mutation 5023ms
 ✓ tests/combat_movement_queue_cursor.test.ts (3 tests) 7ms
 ✓ tests/commander/reinforcement_signal_flow.test.ts (1 test) 4ms
 ✓ tests/scenario_latest_run_final_save_artifact_ownership.test.ts (1 test) 5ms
 ✓ tests/player_safe_operation_name.test.ts (8 tests) 7ms
 ✓ tests/front_posture_normalize.test.ts (1 test) 4ms
 ✓ tests/commander/local_occupation_population_threading.test.ts (1 test) 5ms
 ✓ tests/scenario_turn_result_failure.test.ts (1 test) 906ms
   ✓ scenario harness TurnResult handling > reports the first invariant failure and never persists its invalid next state 905ms
 ✓ tests/desktop_game_over_advance_gate.test.ts (2 tests) 6ms
 ✓ tests/ui/accessibility_form_labels.test.ts (1 test) 7ms
 ✓ tests/apr1992_doboj_initial_control_truth.test.ts (2 tests) 7ms
 ✓ tests/h1_11_baseline_ops_sensitivity.test.ts (3 tests) 36980ms
   ✓ sensitivity harness: determinism (two runs yield byte-identical report) 18500ms
   ✓ sensitivity harness: monotonicity and intensity ordering (exhaustion and displacement non-decreasing with scalar) 14075ms
   ✓ sensitivity harness: safety (political control unchanged in run) 4404ms
 ✓ tests/early_war_militia_emergence.test.ts (6 tests) 886ms
   ✓ RS declared increases militia growth; second runTurn shows higher RS strength in MUN with SDS 558ms
   ✓ war runTurn default path omits phase_i militia emergence report 322ms
 ✓ tests/officer_bio_read_model.test.ts (3 tests) 635ms
 ✓ tests/compile_turn_summary_washington_timing.test.ts (1 test) 6ms
 ✓ tests/peace_plans_war_ended_early_producer.test.ts (3 tests) 35ms
 ✓ tests/data_derived_debug_artifact_ownership.test.ts (1 test) 57ms
 ✓ tests/front_assignment.test.ts (5 tests) 6ms
 ✓ tests/ui_i18n.test.ts (13 tests) 37ms
 ✓ tests/scenario_sweep_artifact_ownership.test.ts (1 test) 27ms
 ✓ tests/sim_scenario.test.ts (1 test) 750ms
   ✓ sim:scenario emits deterministic per-turn summary (no apply) 749ms
 ✓ tests/displacement_pipeline_displacement_triggers.test.ts (6 tests) 7ms
 ✓ tests/operation_opportunity_launched_dossier.test.ts (14 tests) 11ms
 ✓ tests/recruitment_test_matrix_artifact_ownership.test.ts (1 test) 8ms
 ✓ tests/sector_front_glow_continuity_real_save.test.ts (1 test) 3070ms
   ✓ sector front glow continuity (real save) > renders each sector glow as one continuous chain per offset side 3068ms
 ✓ tests/ui/recruitment_autonomy_routes.test.ts (4 tests) 6ms
 ✓ tests/late_sibling_front_fragment_merge.test.ts (1 test) 6ms
 ✓ tests/capture_provenance.test.ts (3 tests) 5ms
 ✓ tests/replay_artifact_ownership.test.ts (1 test) 62ms
 ✓ tests/ui/tactical_frame_trust.test.ts (3 tests) 4ms
 ✓ tests/formations_deterministic.test.ts (3 tests) 29ms
 ✓ tests/sim_formations_report.test.ts (1 test) 18ms
 ✓ tests/strategic_posture_review_action.test.ts (5 tests) 11ms
 ✓ tests/operation_objective_hostility.test.ts (2 tests) 4ms
 ✓ tests/morale_displacement_schema.test.ts (7 tests) 26ms
 ✓ tests/desktop_icon_contract.test.ts (5 tests) 7ms
 ✓ tests/sim/autonomy/autonomy_event_routing.test.ts (3 tests) 7ms
 ✓ tests/collapse_phase4e_consumer.test.ts (8 tests) 5ms
 ✓ tests/scenario_continue_from_save_equivalence.test.ts (3 tests) 60786ms
   ✓ scenario continue-from-save equivalence > matches uninterrupted 52-week final state when resuming from a canonical weekly save with seed split-proof-alpha 29093ms
   ✓ scenario continue-from-save equivalence > matches uninterrupted 52-week final state when resuming from a canonical weekly save with seed split-proof-bravo 27521ms
   ✓ scenario continue-from-save equivalence > rejects an explicit resume week that disagrees with the save turn 4170ms
 ✓ tests/humanitarian_capital_attribution.test.ts (4 tests) 5ms
 ✓ tests/organizational_penetration_seed_from_control.test.ts (3 tests) 5ms
 ✓ tests/standing_og_defense.test.ts (1 test) 4ms
 ✓ tests/save_migration_round_trip_contract.test.ts (42 tests) 1083ms
   ✓ save migration round-trip fixture contract > round-trips absent and present TG exhaustion/AHQ recovery markers without a schema bump 452ms
 ✓ tests/presidential_cadence_provenance.test.ts (18 tests) 13ms
 ✓ tests/counter_offer_generator.test.ts (6 tests) 9ms
 ✓ tests/ui/toolbar_fit_contract.test.ts (8 tests) 8ms
 ✓ tests/supply_airdrop.test.ts (9 tests) 7ms
 ✓ tests/phase10_ops_fatigue_scenario.test.ts (1 test) 1301ms
   ✓ determinism: same fatigue scenario run twice produces identical scenario_summary.json 1300ms
 ✓ tests/ui_decision_room_supply_visibility.test.ts (6 tests) 20ms
 ✓ tests/pressure_exposure_osid.test.ts (5 tests) 6ms
 ✓ tests/displacement_routing.test.ts (23 tests) 10ms
 ✓ tests/cohesion_divisor_rescale.test.ts (4 tests) 5ms
 ✓ tests/ui/control_geojson_merged_children.test.ts (7 tests) 9ms
 ✓ tests/osid_damage_seed_builder.test.ts (2 tests) 95ms
 ✓ tests/baseline_ops_sensitivity_artifact_ownership.test.ts (1 test) 61ms
 ✓ tests/persona_prompt_restructure.test.ts (7 tests) 8ms
 ✓ tests/commander/sector_reassignment_emit_truth.test.ts (2 tests) 9ms
warning: in the working copy of 'docs/plans/some-plan.md', LF will be replaced by CRLF the next time Git touches it
warning: in the working copy of 'src/other/Other.ts', LF will be replaced by CRLF the next time Git touches it
warning: in the working copy of 'src/widget/Widget.tsx', LF will be replaced by CRLF the next time Git touches it
warning: in the working copy of 'tests/index_derivation.test.ts', LF will be replaced by CRLF the next time Git touches
 it
warning: in the working copy of 'tests/unrelated.test.ts', LF will be replaced by CRLF the next time Git touches it
warning: in the working copy of 'tests/widget.test.ts', LF will be replaced by CRLF the next time Git touches it
warning: in the working copy of 'tools/derive_index.cjs', LF will be replaced by CRLF the next time Git touches it
 ✓ tests/affected_tests.test.ts (6 tests) 912ms
 ✓ tests/supply_panel_contract.test.ts (2 tests) 39ms
 ✓ tests/playtest_telemetry.test.ts (5 tests) 19ms
 ✓ tests/ui/dayton_readouts.test.ts (13 tests) 8ms
 ✓ tests/jajce_cascade_morale_audit.test.ts (4 tests) 18ms
 ✓ tests/integration_save_load.test.ts (4 tests) 12ms
 ✓ tests/brigade_name_localization.test.ts (7 tests) 27ms
 ✓ tests/zero_combat_corps_cold_front.test.ts (2 tests) 6ms
 ✓ tests/codex_srebrenica_rupture_receipt.test.ts (8 tests) 10ms
 ✓ tests/ui/paramilitary_review_modal_i18n.test.ts (3 tests) 7ms
 ✓ tests/operational_data_osid.test.ts (12 tests) 39ms
 ✓ tests/emergence_pipeline_integration.test.ts (5 tests) 1476ms
   ✓ Pipeline: current emergence steps run in the canonical order 499ms
   ✓ Pipeline: Phase E derivation is deterministic (same state + edges -> same reports) 457ms
 ✓ tests/balkan_battlegrounds_knowledge_base_artifact_ownership.test.ts (1 test) 60ms
 ✓ tests/letter_home_i18n.test.ts (2 tests) 6ms
 ✓ tests/bilateral_ceasefire_redeployment.test.ts (2 tests) 5ms
 ✓ tests/interior_movement_corps_boundary.test.ts (1 test) 4ms
 ✓ tests/presidential_decision_room_counter_offer.test.ts (4 tests) 22ms
 ✓ tests/scenario_sister_parity.test.ts (5 tests) 8ms
 ✓ tests/displacement_pipeline_validation.test.ts (4 tests) 1543ms
   ✓ Phase F: settlement and municipality displacement both move when triggered 518ms
   ✓ Phase F: deterministic re-run identical 499ms
 ✓ tests/front_sector_player_visibility.test.ts (2 tests) 21ms
 ✓ tests/sarajevo_real_save_contracts.test.ts (2 tests | 1 skipped) 344ms
   ✓ Sarajevo core fog visibility from real save > keeps Sarajevo Dio - Novi Grad Sarajevo visible for RS player view when it is a live frontline settlement 343ms
 ✓ tests/combat_pipeline.test.ts (2 tests) 895ms
   ✓ runTurn combat pipeline order > includes paramilitary-advance after supply-resolution in war phase 534ms
   ✓ runTurn combat pipeline order > includes paramilitary-advance on the default war path 360ms
 ✓ tests/bot_corps_corridor.test.ts (1 test) 5ms
 ✓ tests/plan_index.test.ts (7 tests) 116ms
 ✓ tests/ui/desktop_load_error_classification.test.ts (10 tests) 6ms
 ✓ tests/fatigue_exhaustion_coupling.test.ts (2 tests) 3ms
 ✓ tests/supply_cascade_deterministic_order.test.ts (1 test) 6ms
 ✓ tests/ui/warroom_board_luminance.test.ts (7 tests) 6635ms
   ✓ warroom board luminance table > is reproduced byte-for-byte by its generating script 6616ms
 ✓ tests/ui_map_selection_store.test.ts (7 tests) 9ms
 ✓ tests/presidential_cadence_catalog_audit.test.ts (5 tests) 199ms
 ✓ tests/operation_tempo.test.ts (2 tests) 9ms
 ✓ tests/ui/tactical_map_chunking_contract.test.ts (3 tests) 15ms
 ✓ tests/production_facilities_a3.test.ts (2 tests) 4ms
 ✓ tests/acceptance_brcko_completeness.test.ts (3 tests) 6ms
 ✓ tests/ui/audio_bus.test.ts (6 tests) 12ms
 ✓ tests/test_runner_default_contract.test.ts (5 tests) 7ms
 ✓ tests/hook_guard_scope_drift.test.ts (14 tests) 7862ms
   ✓ guard_scope_drift (advisory) > FIRES for npm run sim:scenario:run:188w — the 188-week scoring run 814ms
   ✓ guard_scope_drift (advisory) > FIRES for npm run sim:scenario:run:40w — the 40-week diagnostic 761ms
   ✓ guard_scope_drift (advisory) > FIRES for node tools/engine_health_gate.cjs --update — a threshold blessing 783ms
   ✓ guard_scope_drift (advisory) > FIRES for cd /f/A-War-Without-Victory && npm run sim:scenario:run:188w — behind a cd 796ms
   ✓ guard_scope_drift (advisory) > names the declared lane and asks rather than judging 755ms
   ✓ guard_scope_drift (advisory) > stays QUIET for node tools/engine_health_gate.cjs — the gate WITHOUT --update spends nothing 537ms
   ✓ guard_scope_drift (advisory) > stays QUIET for npm run test:vitest — the test suite is not a scenario run 585ms
   ✓ guard_scope_drift (advisory) > stays QUIET for git status — unrelated 508ms
   ✓ guard_scope_drift (advisory) > stays QUIET for a MERE MENTION: echo 'npm run sim:scenario:run:188w is expensive' — a quoted mention in an echo 537ms
   ✓ guard_scope_drift (advisory) > stays QUIET for a MERE MENTION: grep -rn "sim:scenario:run" docs/ — searching the docs for it 504ms
   ✓ guard_scope_drift (advisory) > stays QUIET for a MERE MENTION: git commit -m "docs: explain why sim:scenario:run:188w is gated" — a commit message 505ms
   ✓ guard_scope_drift (advisory) > stays QUIET for a heredoc whose body discusses scenario runs 538ms
 ✓ tests/ui/verdict_visibility.test.ts (22 tests) 9ms
 ✓ tests/scenario_guardrails.test.ts (4 tests) 3788ms
   ✓ scenario guardrails > omits the unused engine ceiling workaround from scenario override inventory 3778ms
 ✓ tests/commander/empty_sector_relief_reassignments.test.ts (4 tests) 7ms
 ✓ tests/sarajevo_override_regression.test.ts (1 test) 35185ms
   ✓ Sarajevo override regression scenario > runs deterministically and exercises the defense-bonus override during the siege 35184ms
 ✓ tests/ui_map_order_actions.test.ts (3 tests) 16ms
 ✓ tests/release_research_exclusion.test.ts (1 test) 66ms
 ✓ tests/ui/warroom_date_i18n.test.ts (3 tests) 6ms
 ✓ tests/ipc_contract_shape.test.ts (3 tests) 6ms
 ✓ tests/ui/main_menu_responsive_layout.test.ts (3 tests) 4ms
 ✓ tests/ui/tutorial_persistence.test.ts (3 tests) 24ms
 ✓ tests/operation_commitment_audit.test.ts (2 tests) 6ms
 ✓ tests/scenario_reporting_contracts.test.ts (2 tests) 6ms
 ✓ tests/ui/army_hq_presidential_handoff.test.ts (2 tests) 20ms
 ✓ tests/scenario_strict_ordering_contract.test.ts (1 test) 31ms
 ✓ tests/hook_guard_dirty_citation.test.ts (7 tests) 4099ms
   ✓ guard_dirty_citation (advisory) > WARNS about a file that exists but is untracked 779ms
   ✓ guard_dirty_citation (advisory) > the untracked warning says the citation would be fiction, not merely stale 768ms
   ✓ guard_dirty_citation (advisory) > stays QUIET for a tracked file that is clean 749ms
   ✓ guard_dirty_citation (advisory) > stays QUIET for a path that does not exist 686ms
   ✓ guard_dirty_citation (advisory) > accepts the path under `path` as well as `file_path` 768ms
 ✓ tests/workstream_d_map_inspection.test.ts (1 test) 8ms
 ✓ tests/ui/audio_event_adapter.test.ts (2 tests) 5ms
 ✓ tests/paramilitary_named_units_catalog.test.ts (3 tests) 7ms
 ✓ tests/event_timing.test.ts (14 tests) 8ms
 ✓ tests/defense_stacking_cap.test.ts (4 tests) 5ms
 ✓ tests/rbih_t40_benchmark_reanchor.test.ts (4 tests) 5ms
 ✓ tests/stance_aware_density_gate.test.ts (6 tests) 5ms
 ✓ tests/osid_adjacency_memoization.test.ts (6 tests) 8ms
 ✓ tests/lifecycle_legacy_terms_gate.test.ts (2 tests) 4ms
 ✓ tests/ui/command_briefing_banner_contract.test.ts (5 tests) 9ms
 ✓ tests/assignable_front_segments.test.ts (1 test) 4ms
 ✓ tests/state_clone.test.ts (2 tests) 7ms
 ↓ tests/sector_drina_frontline_integrity.test.ts (1 test | 1 skipped)
 ✓ tests/political_control_audit_cli.test.ts (2 tests) 2503ms
   ✓ political-control audit CLIs > reports Phase D0 validation failures without crashing on the derived index shape 1264ms
   ✓ political-control audit CLIs > runs the null-control diagnosis against the current derived index 1237ms
 ✓ tests/ui/warroom_player_faction.test.ts (1 test) 4ms
 ✓ tests/ui/formation_counter_viewport_sync.test.ts (1 test) 6ms
 ✓ tests/war_phase_paramilitary_canon_contract.test.ts (2 tests) 5ms
 ✓ tests/player_faction_shell_boundary_truth.test.ts (1 test) 3ms
 ✓ tests/ui/no_crt_command_surfaces.test.ts (1 test) 4ms
 ✓ tests/engine_invariant_no_timestamp_state.test.ts (1 test) 4ms
 ✓ tests/ui/r7_officer_tenure.test.ts (5 tests) 5ms
 ✓ tests/scenario_runner_report_truth.test.ts (1 test) 5ms
 ✓ tests/upper_drina_front_event_state_truth.test.ts (1 test) 48ms
 ✓ tests/ui_map_no_sector_demarcation_overlay.test.ts (1 test) 5ms
 ✓ tests/alliance_initial_value.test.ts (2 tests) 4ms
 ✓ tests/ui/r7_decision_room_layout_readability.test.ts (1 test) 4ms
 ✓ tests/deterministic_random.test.ts (1 test) 4ms
 ✓ tests/negative_source_assertion_hygiene.test.ts (3 tests) 16259ms
   ✓ negative source assertions are stripped, or baselined > keeps the baseline shrinking-only in spirit — every entry still exists 16039ms
 ✓ tests/ui_map_sector_frontline_fills.test.ts (4 tests) 7ms
 ✓ tests/front_segments_validate.test.ts (1 test) 4ms
 ✓ tests/map_workspace_script_contract.test.ts (3 tests) 5ms
 ✓ tests/local_executor_verify_quotes.test.ts (10 tests) 7ms
 ✓ tests/terrain_snapshot_artifact_ownership.test.ts (1 test) 58ms
 ✓ tests/exhaustion_gate_sector_offensive.test.ts (16 tests) 7ms
 ✓ tests/ui/operation_aar_records_review.test.ts (30 tests) 1128ms
 ✓ tests/ui/endgame_verdict_screen_mount.test.ts (52 tests) 198ms
 ✓ tests/hook_guard_large_read.test.ts (9 tests) 3036ms
   ✓ guard_large_read (advisory) > SUGGESTS delegation for docs/plans/MASTER_ROADMAP.md — a ~48 KB plan 515ms
   ✓ guard_large_read (advisory) > SUGGESTS delegation for docs/PROJECT_LEDGER.md — the ledger, hundreds of KB 492ms
   ✓ guard_large_read (advisory) > hands over the command with the file already filled in 490ms
   ✓ guard_large_read (advisory) > stays QUIET for { file_path: 'tools/local_executor/ask.mjs' } — a small file — the round trip is not worth it 408ms
   ✓ guard_large_read (advisory) > stays QUIET for { file_path: 'docs/plans/MASTER_ROADMAP.md', offset: 100, limit: 50 } — already scoped by the caller 360ms
   ✓ guard_large_read (advisory) > stays QUIET for { file_path: 'docs/Balkan_BattlegroundsI.pdf' } — a PDF the local model cannot read either 426ms
 ✓ tests/control_event_consistency.test.ts (9 tests) 7ms
 ✓ tests/determinism_static_scan_r1_5.test.ts (1 test) 277ms
 ✓ tests/sim/autonomy/autonomy_state.test.ts (4 tests) 5ms
 ✓ tests/ui/decision_family_modals.test.ts (19 tests) 443ms
 ✓ tests/endgame_snapshot_freeze.test.ts (4 tests) 33ms
 ✓ tests/replay_surface_truth.test.ts (4 tests) 12ms
 ✓ tests/warroom_player_visibility.test.ts (22 tests) 148ms
 ✓ tests/ui/army_hq_timing_copy.test.ts (18 tests) 482ms
 ✓ tests/ui/map_shell_persistence.test.ts (17 tests) 186ms
 ✓ tests/ui/oob_operations_panel.test.ts (30 tests) 913ms
 ✓ tests/ui/warroom_shell_accessibility.test.ts (17 tests) 728ms
   ✓ WarroomShellLayer accessibility proof > exposes hotspots as keyboard-focusable buttons with stable labels 301ms
 ✓ tests/ui/personnel_player_safe_display.test.ts (16 tests) 420ms
 ✓ tests/ui/settlement_supply_status.test.ts (23 tests) 378ms
 ✓ tests/ui/president_desk_shell.test.ts (21 tests) 500ms
 ✓ tests/ui/gui_audit_dead_controls.test.ts (10 tests) 417ms
 ✓ tests/ui/diplomacy_panel.test.ts (10 tests) 295ms
 ✓ tests/ui/catalog_wireup_integration.test.ts (8 tests) 182ms
 ✓ tests/v092_tutorial_lane_e_overlay_a11y.test.ts (7 tests) 137ms
 ✓ tests/ui/situation_briefing_progressive_disclosure.test.ts (9 tests) 103ms
 ✓ tests/ui/decision_room_review_proposal.test.ts (10 tests) 271ms
 ✓ tests/integration_anomaly.test.ts (4 tests) 80645ms
 ✓ tests/ui/faction_branch_tags_badge.test.ts (7 tests) 166ms
 ✓ tests/ui/peace_plan_modal.test.ts (9 tests) 393ms
 ✓ tests/ui/map_mode_shortcut_contract.test.ts (10 tests) 58ms
 ✓ tests/ui/war_cost_summary.test.ts (15 tests) 71ms
 ✓ tests/hook_guard_truncated_search.test.ts (15 tests) 8729ms
   ✓ guard_truncated_search (tier-1 blocking hook) > DENIES grep -rlE "date|Date" tests/ui/*.test.ts | head -5 — the 2026-09-11 error, verbatim 742ms
   ✓ guard_truncated_search (tier-1 blocking hook) > DENIES grep -rln ".github/workflows" tests/ | head -5 — the original incident, verbatim 675ms
   ✓ guard_truncated_search (tier-1 blocking hook) > DENIES grep -rl pattern src/ | tail -3 — tail truncates just as much 658ms
   ✓ guard_truncated_search (tier-1 blocking hook) > DENIES rg -l pattern src/ | head -10 — ripgrep form 647ms
   ✓ guard_truncated_search (tier-1 blocking hook) > DENIES cd /f/x && grep -rl pat src/ | head -2 — behind a cd 749ms
   ✓ guard_truncated_search (tier-1 blocking hook) > DENIES grep -rl pat src/ | head -5 > /dev/null; grep -rl pat src/ | sort — a bad first statement still counts 675ms
   ✓ guard_truncated_search (tier-1 blocking hook) > the denial offers the complete-list alternatives 661ms
   ✓ guard_truncated_search (tier-1 blocking hook) > ALLOWS grep -r pattern src/ | head -5 — a CONTENT grep is lines, not an inventory 534ms
   ✓ guard_truncated_search (tier-1 blocking hook) > ALLOWS grep -rl pattern src/ | sort — reading the whole list 585ms
   ✓ guard_truncated_search (tier-1 blocking hook) > ALLOWS grep -rl pattern src/ | wc -l — counting 613ms
   ✓ guard_truncated_search (tier-1 blocking hook) > ALLOWS grep -rl pattern src/ > /tmp/all.txt — capturing it complete 573ms
   ✓ guard_truncated_search (tier-1 blocking hook) > ALLOWS ls -S docs/plans/*.md | head -10 — ls is not a search 540ms
   ✓ guard_truncated_search (tier-1 blocking hook) > ALLOWS git log --oneline | head -5 — an unrelated pipeline 556ms
   ✓ guard_truncated_search (tier-1 blocking hook) > ALLOWS echo 'grep -rl x | head -5 is banned' — a quoted mention of the rule 517ms
 ✓ tests/campaign_unlock.test.ts (9 tests) 18ms
 ✓ tests/v092_playtest_package_docs.test.ts (4 tests) 11ms
 ✓ tests/defensive_front_gap_count_cache.test.ts (1 test) 5ms
 ✓ tests/brigade_location_control.test.ts (2 tests) 5ms
 ✓ tests/use_prediction_normalize.test.ts (4 tests) 6ms
 ✓ tests/ui/commander_read_model_surfaces.test.ts (6 tests) 188ms
 ✓ tests/ui/embedded_bridge_parent_source.test.ts (2 tests) 106ms
 ✓ tests/player_journey_qa_gate_contract.test.ts (3 tests) 7ms
 ✓ tests/ui/directive_card_act_art.test.ts (12 tests) 14ms
 ✓ tests/ui/qualitative_effectiveness_display.test.ts (4 tests) 243ms
 ✓ tests/victory_conditions_a2.test.ts (2 tests) 3604ms
   ✓ scenario runner writes victory section to run_summary when victory_conditions provided 3601ms
 ✓ tests/sector_stance_orders.test.ts (1 test) 5ms
 ✓ tests/ui/supply_intelligence_mobilization.test.ts (8 tests) 41ms
 ✓ tests/commander_override_reachability.test.ts (1 test) 5ms
 ✓ tests/turn_pipeline_operational_graph_reuse.test.ts (3 tests) 7ms
 ✓ tests/ui/desktop_campaign_replacement_ownership.test.ts (5 tests) 605ms
 ✓ tests/ui/game_start_intro.test.ts (13 tests) 280ms
 ✓ tests/modal_migration_2.test.ts (25 tests) 10ms
 ✓ tests/ui/replay_scrubber_autoplay.test.ts (6 tests) 263ms
 ✓ tests/ui/command_relationship_campaign_drag_proof.test.ts (6 tests) 62ms
 ✓ tests/ui/orbatpanel_drilldown_routing.test.ts (4 tests) 222ms
 ✓ tests/ui/verdict_and_tutorial_art.test.ts (9 tests) 9ms
 ✓ tests/ui/audio_ambient_floor.test.ts (5 tests) 38ms
 ✓ tests/ui/pause_escape_shortcuts.test.ts (6 tests) 97ms
 ✓ tests/ui/chronicle_focus_routing.test.ts (3 tests) 224ms
 ✓ tests/ui/bottom_status_active_paths.test.ts (9 tests) 163ms
 ✓ tests/ui/event_illustration_art.test.ts (5 tests) 165ms
 ✓ tests/integration_formation_integrity.test.ts (3 tests) 80701ms
 ✓ tests/scenario_vrs_operation_proof.test.ts (1 test) 23988ms
   ✓ proof scenario: VRS operation produces combat, progress, and deterministic final state 23987ms
 ✓ tests/supply_phase_e2_bombardment.test.ts (8 tests) 6ms
 ✓ tests/supply_reserves_embargo_cap.test.ts (2 tests) 6ms
 ✓ tests/ui/war_summary_opsec_reconciliation.test.ts (3 tests) 89ms
 ✓ tests/displacement_pipeline_pipeline_integration.test.ts (2 tests | 1 skipped) 5ms
 ✓ tests/officer_state_persistence.test.ts (3 tests) 626ms
 ✓ tests/hv_phantom_line_system_parity.test.ts (3 tests) 6ms
 ✓ tests/ui/r7_president_desk_layout_readability.test.ts (2 tests) 5ms
 ✓ tests/early_war_injected_graph_parity.test.ts (1 test) 918ms
   ✓ Peace phase: injected settlementGraph produces same nextState as loadSettlementGraph path 916ms
 ✓ tests/ui/aar_panel_drilldown_routing.test.ts (2 tests) 139ms
 ✓ tests/startup_snapshot_artifact_ownership.test.ts (1 test) 6ms
 ✓ tests/combat_command_friction.test.ts (4 tests) 5ms
 ✓ tests/operation_birth_anomaly_contract.test.ts (1 test) 27ms
 ✓ tests/ui/bosnian_place_name_diacritics.test.ts (9 tests) 47ms
 ✓ tests/ui/field_operation_plan_context_card.test.ts (3 tests) 138ms
 ✓ tests/desktop_load_sector_ratings.test.ts (1 test) 604ms
   ✓ desktop loaded-save sector ratings > rehydrates authoritative ratings for the player-visible adapter without changing canonical state 603ms
 ✓ tests/postmerge_ghost_sector_prune.test.ts (2 tests) 5ms
 ✓ tests/officer_mini_bio_schema.test.ts (2 tests) 13ms
 ✓ tests/state/serialize.notifications.test.ts (2 tests) 18ms
 ✓ tests/gorazde_enclave_contract.test.ts (7 tests) 8ms
 ✓ tests/opportunity_health_diagnostic.test.ts (1 test) 98ms
 ✓ tests/engine_health_wave1_ops_truth.test.ts (1 test) 4ms
 ✓ tests/logistics_priority_ipc_path.test.ts (2 tests) 6ms
 ✓ tests/ui/onboarding_persistence_replacement.test.ts (3 tests) 135ms
 ✓ tests/bot_response.test.ts (10 tests) 7ms
 ✓ tests/to_terrain_combat.test.ts (5 tests) 6ms
 ✓ tests/emergence_pressure_schema.test.ts (3 tests) 19ms
 ✓ tests/painted_compare_artifact_ownership.test.ts (1 test) 57ms
 ✓ tests/adjacency_map_cached.test.ts (6 tests) 8ms
 ✓ tests/municipality_support_staging.test.ts (3 tests) 5ms
 ✓ tests/scenario_player_faction_contract.test.ts (4 tests) 7ms
 ✓ tests/ui_map_political_metrics.test.ts (3 tests) 6ms
 ✓ tests/ui/audio_manifest.test.ts (4 tests) 34ms
 ✓ tests/warroom_smoke.test.ts (2 tests) 19ms
 ✓ tests/diagnostics_output_artifact_ownership.test.ts (1 test) 60ms
 ✓ tests/ci_dependency_install_contract.test.ts (2 tests) 8ms
 ✓ tests/ivp_breakdown.test.ts (5 tests) 7ms
 ✓ tests/sandbox_slice_determinism.test.ts (2 tests) 5ms
 ✓ tests/ui_sector_glow_continuity.test.ts (2 tests) 8ms
 ✓ tests/ui/inboxItems.faction_scope.test.ts (1 test) 7ms
 ✓ tests/ui/audio_hook_points.test.ts (2 tests) 144ms
 ✓ tests/ui/field_operation_plan_r1_contract.test.ts (4 tests) 9ms
 ✓ tests/resolve_counter_offers_phase.test.ts (2 tests) 5ms
 ✓ tests/embargo_phase_resolution.test.ts (8 tests) 7ms
 ✓ tests/ui/convoy_decision_modal.test.ts (4 tests) 254ms
 ✓ tests/ui_map_desktop_bridge.test.ts (6 tests) 10ms
 ✓ tests/sim/events/dismiss_notifications.test.ts (2 tests) 5ms
 ✓ tests/enclave_personnel_cap.test.ts (8 tests) 5ms
 ✓ tests/front_edges_strict_order.test.ts (2 tests) 5ms
 ✓ tests/front_posture_regions_expand.test.ts (1 test) 4ms
 ✓ tests/replay_payload_mode_contract.test.ts (1 test) 6501ms
   ✓ scenario replay payload mode contract > defaults to manifest-only replay output without changing final save bytes 6499ms
 ✓ tests/desktop_save_records.test.ts (2 tests) 17ms
 ✓ tests/fatigue_distribution_audit_diagnostic.test.ts (1 test) 7ms
 ✓ tests/player_experience_gate_script.test.ts (4 tests) 7ms
 ✓ tests/ui/modal_stack_priority.test.ts (5 tests) 9ms
 ✓ tests/ui/chronicle_chapter_ui.test.ts (3 tests) 141ms
 ✓ tests/ui/force_quality_overlay_coord_validity.test.ts (1 test) 7ms
 ✓ tests/wia_trickleback.test.ts (3 tests) 5ms
 ✓ tests/rear_only_sector_live_owner.test.ts (1 test) 5ms
 ✓ tests/routine_console_diagnostics.test.ts (4 tests) 8ms
 ✓ tests/ui/ops_planning_draft_guard.test.ts (3 tests) 5ms
 ✓ tests/generate_apr1994_hover_map.test.ts (1 test) 96ms
 ✓ tests/ui_map_ethnic_truth.test.ts (5 tests) 7ms
 ✓ tests/emergence_pressure_diffusion_basic.test.ts (4 tests) 4ms
 ✓ tests/ui/officer_event_time_truth.test.ts (1 test) 123ms
 ✓ tests/displacement_pipeline_capacity_hooks.test.ts (4 tests) 6ms
 ✓ tests/save_migration_counter_offers.test.ts (2 tests) 18ms
 ✓ tests/alliance_phase0_handoff.test.ts (5 tests) 5ms
 ✓ tests/scenario_integrity_walk.test.ts (1 test) 12ms
 ✓ tests/recurrence.test.ts (7 tests) 5ms
 ✓ tests/scenario_displacement_census_seeding.test.ts (1 test) 1429ms
   ✓ War phase scenario with census seeds displacement_state from 1991 population 1428ms
 ✓ tests/ui/main_menu_field_records.test.ts (1 test) 228ms
 ✓ tests/scenario_run_output_artifact_ownership.test.ts (1 test) 58ms
 ✓ tests/supply_design_completion_diagnostic.test.ts (1 test) 175ms
 ↓ tests/supply_sensitive_history_smoke.test.ts (1 test | 1 skipped)
 ✓ tests/ui/interactive_text_floor.test.ts (3 tests) 88ms
 ✓ tests/ui_map_corps_selection_highlight.test.ts (3 tests) 19ms
 ✓ tests/sarajevo_lifeline_save_migration.test.ts (3 tests) 20ms
 ✓ tests/ui/credits_screen_i18n.test.ts (2 tests) 152ms
 ✓ tests/gorazde_pocket_event_state_truth.test.ts (5 tests) 176ms
 ✓ tests/desktop_ipc_mutation_wiring.test.ts (2 tests) 6ms
 ✓ tests/data_extract1990_h1_2_2.test.ts (1 test) 1358ms
   ✓ data:extract1990 produces valid mapping when Excel present 1357ms
 ✓ tests/launch_artifact_ownership.test.ts (1 test) 59ms
 ✓ tests/ui/command_briefing_priority_count.test.ts (3 tests) 5ms
 ✓ tests/ui/map_modes_no_duplicate_labels.test.ts (3 tests) 4ms
 ✓ tests/ui/autonomy_panel_levels.test.ts (1 test) 221ms
 ✓ tests/ui_map_front_lines_phase_a.test.ts (1 test) 6ms
 ✓ tests/negotiation_counter_offer_state.test.ts (1 test) 8ms
 ✓ tests/game_state_shape.test.ts (3 tests) 7ms
 ✓ tests/ui_map_camera_constraints.test.ts (4 tests) 6ms
 ✓ tests/pipeline_skip_diagnostics.test.ts (2 tests) 1132ms
   ✓ phase pipeline skip diagnostics > records a missing prerequisite skip in the turn report 574ms
   ✓ phase pipeline skip diagnostics > keeps normal war-phase diagnostic output deterministic 557ms
 ✓ tests/ui/coachmark_layer.test.ts (1 test) 124ms
 ✓ tests/dynamic_interaction_layers.test.ts (3 tests) 5ms

 Test Files  335 passed | 1 skipped (336)
      Tests  3679 passed | 12 skipped (3691)
   Start at  10:47:14
   Duration  1503.98s (transform 24.53s, setup 728ms, collect 135.78s, tests 1220.63s, environment 39.95s, prepare 35.49s)

 ✓ tests/corps_subordinates_index.test.ts (2 tests) 5ms
 ✓ tests/scenario_registry.test.ts (9 tests) 8ms
 ✓ tests/ui_chronicle_turn_record_link.test.ts (2 tests) 4ms
 ✓ tests/sarajevo_siege_params_resolution.test.ts (3 tests) 7ms
 ✓ tests/state_strict_ordering_contract.test.ts (1 test) 53ms
 ✓ tests/morale_change_theater_scope.test.ts (3 tests) 4ms
 ✓ tests/ui/warroom_desktop_state_ownership.test.ts (4 tests) 4ms
 ✓ tests/d3_president_directive_bridge_metadata.test.ts (4 tests) 5ms
 ✓ tests/scenario_transient_scratch_artifact_ownership.test.ts (1 test) 56ms
 ✓ tests/v090_consequence_milestone_closure.test.ts (2 tests) 5ms
 ✓ tests/displacement_civilian_casualties_contract.test.ts (3 tests) 4ms
 ✓ tests/combat_graph_queue_cursor.test.ts (2 tests) 7ms
 ✓ tests/army_co_browser_boundary.test.ts (2 tests) 9ms
 ✓ tests/ui/chronicle_chapter_guardrails.test.ts (3 tests) 8ms
 ✓ tests/desktop_strict_ordering_contract.test.ts (1 test) 26ms
 ✓ tests/codex_safe_factual_corrections.test.ts (2 tests) 3ms
 ✓ tests/srebrenica_chain_detector.test.ts (5 tests) 6ms
[E5] Political control initialized (initial municipal substrate): 5822 canonical graph nodes (SID-keyed), RBiH=2739, RS=1964, HRHB=1119, null=0. Promoted to OSID when operational data present.
[E5] Political control initialized (initial municipal substrate): 5822 canonical graph nodes (SID-keyed), RBiH=2739, RS=1964, HRHB=1119, null=0. Promoted to OSID when operational data present.
 ✓ tests/scenario_sarajevo_overrides_save_migration.test.ts (2 tests) 851ms
   ✓ Sarajevo overrides save/load coordination > loads old scenarios without overrides and resolves code defaults 462ms
   ✓ Sarajevo overrides save/load coordination > preserves overrides through startup state serialization round-trip 387ms
 ✓ tests/telemetry_redaction.test.ts (2 tests) 5ms
 ✓ tests/ui/accessibility_reduced_motion.test.ts (2 tests) 5ms
 ✓ tests/ui/personnel_text_readability.test.ts (2 tests) 4ms
 ✓ tests/paramilitary_review_decision_manifest.test.ts (1 test) 6ms
 ✓ tests/ui_map_maplibre_dasharray_contract.test.ts (2 tests) 5ms
 ✓ tests/save_migration_drift_audit.test.ts (1 test) 175ms
 ✓ tests/historical_early_takeover_timing.test.ts (2 tests) 5ms
 ✓ tests/sim/events/event_notification_residuals_diagnostic.test.ts (1 test) 118ms
 ✓ tests/scenario_latest_run_final_save_map_copy.test.ts (1 test) 11ms
 ✓ tests/patron_directives.test.ts (3 tests) 4ms
 ✓ tests/scenario_no_initial_brigades.test.ts (1 test) 5144ms
   ✓ player_choice + no_initial_brigade_formations starts with corps only, then recruits brigades 5143ms
 ✓ tests/ui/autonomy_panel_route_retirement.test.ts (1 test) 5ms
 ✓ tests/sarajevo_id_set_canon_annotation.test.ts (1 test) 4ms
 ✓ tests/ui/retired_chrome_imports.test.ts (2 tests) 5ms
 ✓ tests/artifact_determinism.test.ts (1 test) 617ms
   ✓ derived artifacts contain no timestamps 616ms
 ✓ tests/casualty_ledger_browser_runtime.test.ts (1 test) 6ms
 ✓ tests/desktop_convoy_decision_contract.test.ts (5 tests) 6ms
 ✓ tests/ui/r7_advance_turn_layout_readability.test.ts (1 test) 4ms
 ✓ tests/rear_pocket_consolidation_alliance_gate.test.ts (2 tests) 5ms
 ✓ tests/hardcoded_rail_audit.test.ts (4 tests) 314ms
 ✓ tests/ui/war_planning_map_date_i18n.test.ts (2 tests) 4ms
 ✓ tests/ui/map_context_menu_i18n.test.ts (5 tests) 11ms
 ✓ tests/ui/no_unicode_escapes_in_rendered_text.test.ts (1 test) 4ms
 ✓ tests/ui/presidential_command_model_surface.test.ts (3 tests) 10ms
 ✓ tests/ui/r7_directive_card_layout_readability.test.ts (1 test) 5ms
 ✓ tests/ui/peace_plan_dismissal_scope.test.ts (3 tests) 5ms
 ✓ tests/ui/accessibility_contrast_tokens.test.ts (2 tests) 5ms
 ✓ tests/corps_front_sectors_multi.test.ts (2 tests) 4ms
 ✓ tests/ui/presidential_toolbar_error_copy.test.ts (1 test) 3ms
 ✓ tests/enclave_integrity.test.ts (1 test) 6ms
 ✓ tests/srebrenica_linkup_event_state_truth.test.ts (1 test) 50ms
 ✓ tests/ui/osid_damage_overlay_coord_validity.test.ts (1 test) 6ms
 ✓ tests/operation_formation_resolver.test.ts (4 tests) 6ms
 ✓ tests/cli_harness_queue_cursor.test.ts (2 tests) 6ms
 ✓ tests/turn_pipeline_determinism_smoke.test.ts (2 tests) 16ms
 ✓ tests/ui/lever_single_host_guard.test.ts (1 test) 139ms
 ✓ tests/bot_supply_awareness_target_scoring.test.ts (2 tests) 4ms
 ✓ tests/ui/gui_polish_typography_floor.test.ts (2 tests) 9ms
 ✓ tests/serialize_gamestate_rejects_wrappers.test.ts (2 tests) 4ms
 ✓ tests/operational_settlements_geometry_validity.test.ts (2 tests) 127ms
 ✓ tests/anomaly_morale_collapse_truth.test.ts (2 tests) 5ms
 ✓ tests/capability_progression.test.ts (1 test) 3ms
 ✓ tests/knowledge_kb_validate.test.ts (2 tests) 5ms
 ✓ tests/ui/event_decision_advisor_label.test.ts (5 tests) 5ms
 ✓ tests/engine_invariant_no_seeded_random.test.ts (24 tests) 13ms
 ✓ tests/paramilitary_name_pool_exclusion.test.ts (2 tests) 7ms
 ✓ tests/front_edge_foca_shared_border_real_save.test.ts (1 test) 444ms
   ✓ Foca shared-border front edge on live save > emits every current Donje Zesce hostile shared-boundary edge when controllers differ 443ms
 ✓ tests/combat_strict_ordering_contract.test.ts (1 test) 111ms
 ✓ tests/data_strict_ordering_contract.test.ts (1 test) 7ms
 ✓ tests/ui/gui_audit_label_discipline.test.ts (41 tests) 914ms
 ✓ tests/ui/formation_detail_parity.test.ts (40 tests) 840ms
 ✓ tests/ui/event_modal_effect_labels.test.ts (2 tests) 5ms
 ✓ tests/autonomy_panel_player_faction_truth.test.ts (1 test) 4ms
 ✓ tests/ui_map_browser_safe_imports.test.ts (1 test) 73ms
 ✓ tests/turn_pipeline_weekly_increment.test.ts (3 tests) 4ms
 ✓ tests/ui/directive_card_stop_op_action.test.ts (28 tests) 716ms
 ✓ tests/bot_benchmark_eval_a1.test.ts (1 test) 2ms
 ✓ tests/event_response_ownership_catalog.test.ts (1 test) 28ms
 ✓ tests/ui/ops_view_right_panel_exclusivity.test.ts (3 tests) 4ms
 ✓ tests/map_interaction_hitbox_contract.test.ts (3 tests) 5ms
 ✓ tests/scenario_runner_final_seal_contract.test.ts (1 test) 5ms
 ✓ tests/historical_envelopes_citations.test.ts (2 tests) 5ms
 ✓ tests/ui/ai_advisor_panel.test.ts (1 test) 11ms
 ✓ tests/player_safe_operation_force_balance.test.ts (1 test) 4ms
 ✓ tests/ui/direct_brigade_move_affordance_retired.test.ts (1 test) 6ms
 ✓ tests/alliance_floor.test.ts (3 tests) 4ms
 ✓ tests/formation_spawn_directive_narrowing.test.ts (1 test) 4ms
 ✓ tests/ui/r7_codex_layout_readability.test.ts (1 test) 4ms
 ✓ tests/strict_null_inventory_efficiency.test.ts (1 test) 5ms
 ✓ tests/ui/codex_panel_dynamic_mount.test.ts (19 tests) 1158ms
 ✓ tests/ui_map_no_corridor_heartbeat_default_overlay.test.ts (1 test) 4ms
 ✓ tests/ui/r7_number_formatters.test.ts (5 tests) 6ms
 ✓ tests/ui/chief_of_staff_briefing_i18n.test.ts (11 tests) 58ms
 ✓ tests/ui/turn_aftermath_modal_i18n.test.ts (14 tests) 461ms
 ✓ tests/ui/corps_front_panel_routing.test.ts (46 tests) 1221ms
 ✓ tests/ui/presidential_decision_room_panel_i18n.test.ts (16 tests) 1191ms
   ✓ PresidentialDecisionRoomPanel i18n > groups six opening operation authorizations into one packet with one historical authorization action 538ms
 ✓ tests/ui/event_decision_modal_phase3.test.ts (17 tests) 412ms
 ✓ tests/ui/decision_room_flat_contract.test.ts (11 tests) 479ms
 ✓ tests/ui/army_hq_sector_truth.test.ts (14 tests) 238ms
 ✓ tests/warroom_react_opening_lifecycle.test.ts (12 tests) 1702ms
   ✓ desktop React opening lifecycle > keeps recovery armed when transport loads without a committed React ready signal 920ms
 ✓ tests/ui/oob_drilldown_routing.test.ts (16 tests) 651ms
 ✓ tests/ui/operation_lifecycle_projection.test.ts (10 tests) 211ms
 ✓ tests/ui/endgame_interaction_proof.test.ts (19 tests) 1022ms
 ✓ tests/ui/aar_tooltip_friction_labels.test.ts (12 tests) 250ms
 ✓ tests/ui/codex_panel_unlock_state.test.ts (14 tests) 142ms
 ✓ tests/ui/settlement_timeline_i18n.test.ts (14 tests) 130ms
 ✓ tests/ui/opening_transition.test.ts (25 tests) 166ms
 ✓ tests/a5_army_co_pushback_ui.test.ts (11 tests) 90ms
 ✓ tests/ui/inbox_dedup.test.ts (14 tests) 276ms
 ✓ tests/ui/event_decision_modal_catalog.test.ts (1 test) 3332ms
   ✓ production modal-ready event catalog rendering > renders every accepted ready row as a complete player-facing decision modal 3331ms
 ✓ tests/v093_a11y_lane_a_modal_stack.test.ts (8 tests) 79ms
 ✓ tests/ui/command_drilldown_routing.test.ts (11 tests) 391ms
 ✓ tests/v093_a11y_lane_e_forms_live_regions.test.ts (12 tests) 61ms
 ✓ tests/ui/onboarding_track_d_consolidation.test.ts (14 tests) 283ms
 ✓ tests/ui/map_production_graphics_cleanup.test.ts (7 tests) 300ms
 ✓ tests/v092_tutorial_lane_b_auto_dismiss.test.ts (6 tests) 9ms
 ✓ tests/ui/officer_mini_bio.test.ts (8 tests) 287ms
 ✓ tests/v093_a11y_lane_c_warroom_decision_room.test.ts (10 tests) 71ms
 ✓ tests/ui/stack_expansion_overlay_viewport.test.ts (6 tests) 274ms
 ✓ tests/ui_chronicle_operation_aar_link.test.ts (8 tests) 420ms
 ✓ tests/ui/own_force_report_gap.test.ts (6 tests) 207ms
 ✓ tests/ui/main_menu_opening_flow.test.ts (11 tests) 755ms
 ✓ tests/warroom_turn_preview_boundary.test.ts (8 tests) 8ms
 ✓ tests/newspaper_modal_officer_boundary.test.ts (6 tests) 8ms
 ✓ tests/ui/endgame_verdict_replay_tab_live.test.ts (5 tests) 62ms
 ✓ tests/ui/formation_counter_dom_overlay.test.ts (5 tests) 111ms
 ✓ tests/ui/decision_room_stop_op_executing.test.ts (5 tests) 165ms
 ✓ tests/modal_migration_3.test.ts (29 tests) 11ms
 ✓ tests/ui/records_button_behavior.test.ts (5 tests) 209ms
 ✓ tests/ui/command_strain_i18n_boundary.test.ts (6 tests) 50ms
 ✓ tests/ui/turn_aftermath_records_panel_i18n.test.ts (5 tests) 178ms
 ✓ tests/ui/bottom_status_strip_labels.test.ts (7 tests) 283ms
 ✓ tests/ui/desk_authority_header.test.ts (10 tests) 180ms
 ✓ tests/load_error_toast.test.ts (10 tests) 64ms
 ✓ tests/ui/supply_fallbacks.test.ts (10 tests) 98ms
 ✓ tests/ui/gamestore_field_inspection.test.ts (7 tests) 13ms
 ✓ tests/ui/error_boundary_isolation.test.ts (4 tests) 139ms
 ✓ tests/ui/dayton_negotiation_modal.test.ts (5 tests) 494ms
 ✓ tests/ui/cinematic_verdict.test.ts (6 tests) 21ms
 ✓ tests/modal_migration.test.ts (21 tests) 10ms
 ✓ tests/ui/army_hq_ultrawide_layout.test.ts (9 tests) 141ms
 ✓ tests/ui/panel_rail_exclusivity.test.ts (5 tests) 133ms
 ✓ tests/ui/order_interpretation_panel_i18n.test.ts (1 test) 49ms
 ✓ tests/ui/brigade_row_supply_labels.test.ts (7 tests) 200ms
 ✓ tests/player_start_surface_contracts.test.ts (3 tests) 1417ms
   ✓ player start surface contracts > queues only the selected faction foundational decision and resolves every response option 1239ms
 ✓ tests/ui/archive_spine_contract.test.ts (3 tests) 76ms
 ✓ tests/ui/field_operation_focus_viewport.test.ts (2 tests) 79ms
 ✓ tests/ui/war_summary_personnel_label.test.ts (3 tests) 135ms
 ✓ tests/ui/army_reserve_hook_order.test.ts (3 tests) 208ms
 ✓ tests/ui/commander_selection_modal_copy.test.ts (1 test) 58ms
 ✓ tests/ui/ops_brigade_card_i18n.test.ts (3 tests) 271ms
 ✓ tests/ui/event_modal_dismissal.test.ts (4 tests) 207ms
 ✓ tests/ui/onboarding_automount_edge_cases.test.ts (5 tests) 141ms
 ✓ tests/ui/main_menu_i18n.test.ts (4 tests) 332ms
 ✓ tests/ui/diplomacy_player_truth.test.ts (1 test) 52ms
 ✓ tests/ui/sarajevo_lifeline_panel.test.ts (6 tests) 70ms
 ✓ tests/ui/president_desk_decision_card_fallback.test.ts (3 tests) 61ms
 ✓ tests/ui/supply_legend_overlap_contract.test.ts (4 tests) 77ms
 ✓ tests/diplomacy_panel_patron_relations.test.ts (4 tests) 15ms
 ✓ tests/ui/chronicle_spine_scrubber.test.ts (4 tests) 104ms
 ✓ tests/ui/war_summary_empty_states.test.ts (8 tests) 203ms
 ✓ tests/ui/recruitment_modal_player_copy.test.ts (2 tests) 171ms
 ✓ tests/ui/pause_menu_i18n.test.ts (3 tests) 166ms
 ✓ tests/ui/game_over_i18n.test.ts (2 tests) 164ms
 ✓ tests/ui/convoy_decision_modal_i18n.test.ts (1 test) 156ms
 ✓ tests/ui/directive_rejection_inbox.test.ts (3 tests) 57ms
 ✓ tests/ui/presidential_desk_assets.test.ts (5 tests) 7ms
 ✓ tests/ui/peace_status_panel_copy.test.ts (1 test) 73ms
 ✓ tests/ui/ghost_entry_prose.test.ts (5 tests) 6ms
 ✓ tests/magazine_modal_boundary.test.ts (1 test) 33ms
 ✓ tests/ui/side_picker_i18n.test.ts (3 tests) 268ms
 ✓ tests/ui/app_global_shortcut_focus_contract.test.ts (2 tests) 21ms
 ✓ tests/ui/settings_screen_shell_cleanup.test.ts (4 tests) 240ms
 ✓ tests/ui/settings_audio_preferences.test.ts (2 tests) 199ms

 Test Files  331 passed | 1 skipped (332)
      Tests  2963 passed | 9 skipped (2972)
   Start at  10:47:14
   Duration  1638.89s (transform 26.03s, setup 733ms, collect 135.01s, tests 1364.74s, environment 34.86s, prepare 34.50s)

 ✓ tests/ui/peace_war_transition_overlay.test.ts (3 tests) 127ms
 ✓ tests/ui/map_mode_counter_legend.test.ts (2 tests) 64ms
 ✓ tests/ui/tactical_card_sparse_truth.test.ts (1 test) 60ms
 ✓ tests/ui/decision_room_navigation_owner.test.ts (1 test) 5ms
 ✓ tests/ui/warroom_settings_modal_i18n.test.ts (1 test) 68ms

 Test Files  335 passed | 1 skipped (336)
      Tests  3235 passed | 4 skipped (3239)
   Start at  10:47:14
   Duration  1647.02s (transform 27.09s, setup 773ms, collect 124.68s, tests 1381.12s, environment 35.60s, prepare 34.86s)


 RUN  v2.1.9 F:/A-War-Without-Victory

 ✓ tests/operation_opportunities_substrate.test.ts (49 tests) 39ms
 ✓ tests/sector_partition_instrumentation.test.ts (36 tests) 198ms
 ✓ tests/sector_offensive_in_transit_predictor.test.ts (31 tests) 29ms
 ✓ tests/commander/briefing_campaign_intent.test.ts (17 tests) 23ms
 ✓ tests/attack_post_battle_effects.test.ts (70 tests) 30ms
 ✓ tests/collapse_s6_criteria_4_7_enclave_outcome.test.ts (17 tests) 22ms
 ✓ tests/collapse_phase1_g2_section6_invariant.test.ts (7 tests) 10ms
 ✓ tests/peace_plans.test.ts (35 tests) 55ms
 ✓ tests/run_provenance_stamp.test.ts (26 tests) 5984ms
   ✓ the consumed set is the set a headless run actually reads > ★ the 188w stamp is exactly 31 named rows, derived not remembered 4372ms
 ✓ tests/c2_corps_directive_telemetry.test.ts (17 tests) 68ms
 ✓ tests/mainstaff_op_availability.test.ts (21 tests) 23ms
[E5] Political control initialized (hybrid_1992, threshold=0.7): 5822 canonical graph nodes (SID-keyed), RBiH=2297, RS=2507, HRHB=1018. Promoted to OSID when operational data present.
[E5] Political control initialized (hybrid_1992, threshold=0.7): 5822 canonical graph nodes (SID-keyed), RBiH=2297, RS=2507, HRHB=1018. Promoted to OSID when operational data present.
 ✓ tests/startup_snapshot_contract.test.ts (19 tests) 4883ms
   ✓ baked April 1992 startup artifact matches canonical builder truth after checkout normalization 1366ms
   ✓ desktop new campaign overlays remain canonical after loading the baked artifact 536ms
   ✓ baked April 1992 startup sector truth audits clean without rebuilt-state mutation 592ms
   ✓ rebuilt April 1992 Bosanska Krupa frontage belongs to 2nd Krajina Corps 502ms
   ✓ startup snapshot validator reports the committed artifact as current 987ms
 ✓ tests/bot_orders_perf_profile.test.ts (5 tests) 28ms
 ✓ tests/a4_army_co_roster_personalities.test.ts (16 tests) 20ms
 ✓ tests/c1_corps_directive_consumer.test.ts (17 tests) 50ms
 ✓ tests/phase_e3_combined_activation.test.ts (18 tests) 12ms
 ✓ tests/b1_political_directive_producer.test.ts (22 tests) 18ms
 ✓ tests/srk_strangle_posture.test.ts (20 tests) 8ms
 ✓ tests/b2_political_leader_data.test.ts (20 tests) 24ms
 ✓ tests/osid_column_movement.test.ts (20 tests) 16ms
 ✓ tests/q2_deviation_reason.test.ts (9 tests) 26ms
 ✓ tests/operation_execution_staging_truth.test.ts (4 tests) 17ms
 ✓ tests/analyze_faction_graph_dedupe.test.ts (8 tests) 4780ms
   ✓ analyzeFactionGraphCached — G1 property test > cached === legacy structurally over 10,000 random trials (deterministic LCG) 2408ms
   ✓ analyzeFactionGraphOptimized — Tier 2 G1 property test (direct optimized vs legacy) > optimized === legacy structurally over 10,000 random trials (deterministic LCG) 2337ms
 ✓ tests/intel_ambush_depth.test.ts (18 tests) 26ms
 ✓ tests/phase_e_military_credibility_caution_bias.test.ts (15 tests) 12ms
 ✓ tests/d1_persona_infrastructure.test.ts (14 tests) 43ms
 ✓ tests/brigade_temporal_emit.test.ts (11 tests) 11ms
 ✓ tests/d2_persona_telemetry_wire.test.ts (6 tests) 54ms
 ✓ tests/contain_posture_release_laneA.test.ts (15 tests) 7ms
 ✓ tests/phase_e2_cohesion_caution_bias.test.ts (13 tests) 10ms
 ✓ tests/collapse_flag_lifecycle.test.ts (14 tests) 20ms
 ✓ tests/phase_e_patron_confidence_ops_hesitation.test.ts (13 tests) 11ms
 ✓ tests/political_dimension_propagation_gate.test.ts (15 tests) 11ms
 ✓ tests/api_commander_directive_context.test.ts (7 tests) 7ms
 ✓ tests/brigade_dissolution_paths.test.ts (8 tests) 8ms
 ✓ tests/siege_morale_drain.test.ts (18 tests) 11ms
 ✓ tests/sarajevo_siege_legibility.test.ts (19 tests) 18ms
 ✓ tests/d2_run_orchestration.test.ts (9 tests) 20ms
 ✓ tests/reason_code_debug.test.ts (22 tests) 12ms
 ✓ tests/contain_posture_release_laneV.test.ts (12 tests) 7ms
 ✓ tests/casualty_realism_v2_gate.test.ts (13 tests) 10ms
 ✓ tests/enclave_displacement_default_on.test.ts (5 tests) 8ms
 ✓ tests/morale_collapse_override.test.ts (10 tests) 9ms
 ✓ tests/sarajevo_lifeline_derivation.test.ts (11 tests) 9ms
 ✓ tests/enclave_formation_displacement.test.ts (8 tests) 7ms
 ✓ tests/sarajevo_lifeline_consumers.test.ts (3 tests) 7ms
 ✓ tests/sarajevo_lifeline_stale_cache.test.ts (3 tests) 7ms
 ✓ tests/test_suite_inventory.test.ts (9 tests) 1995ms
   ✓ test-suite hazard inventory > discovers every Vitest file exactly once in strict path order 1287ms
   ✓ test-suite hazard inventory > gives unprofiled files a realistic deterministic weight 698ms
 ✓ tests/intel_ambush_depth_gate.test.ts (6 tests) 6ms
 ✓ tests/collapse_run_marker_hygiene.test.ts (4 tests) 14ms
 ✓ tests/playtest_telemetry_flag.test.ts (4 tests) 5ms

 Test Files  51 passed (51)
      Tests  809 passed (809)
   Start at  11:14:43
   Duration  49.40s (transform 7.94s, setup 118ms, collect 15.76s, tests 18.73s, environment 13ms, prepare 4.99s)

EXIT_CODE=0
