
> awwv@0.9.9-beta.1 test:vitest
> node tools/test/run_vitest_default.mjs

[balanced-vitest] workers=4; partitioned files=1; serial files=51

 RUN  v2.1.9 F:/A-War-Without-Victory


 RUN  v2.1.9 F:/A-War-Without-Victory


 RUN  v2.1.9 F:/A-War-Without-Victory


 RUN  v2.1.9 F:/A-War-Without-Victory

 ✓ tests/save_migration_validator_rejection.test.ts (201 tests) 235ms
 ✓ tests/operation_aar.test.ts (56 tests) 34ms
 ✓ tests/brigade_territory_reconciliation.test.ts (37 tests) 46ms
 ✓ tests/commander/elite_formation_utilization.test.ts (39 tests) 42ms
 ✓ tests/ui/presidential_decision_room.test.ts (64 tests) 148ms
 ✓ tests/paradox_local_qa_harness.test.ts (46 tests) 144ms
 ✓ tests/ui/codex_essay_vocab_integration.test.ts (43 tests) 32ms
 ✓ tests/paramilitary_sweep.test.ts (59 tests) 51ms
 ✓ tests/commander/commander.test.ts (55 tests) 50ms
 ✓ tests/operation_opportunities_catalog.test.ts (44 tests) 114ms
 ✓ tests/ui/inbox_items.test.ts (56 tests) 71ms
 ✓ tests/ui_map_game_state_adapter.test.ts (67 tests) 116ms
 ✓ tests/army_reserve_system.test.ts (60 tests) 49ms
 ✓ tests/validate_run_consistency.test.ts (22 tests) 286ms
 ✓ tests/army_hq_gathering.test.ts (68 tests) 55ms
 ✓ tests/pre_planned_operations.test.ts (59 tests) 71ms
 ✓ tests/brigade_front_distribution.test.ts (30 tests) 26ms
 ✓ tests/strict_null_inventory_progress.test.ts (90 tests) 31ms
 ✓ tests/save_migration_versioned_steps.test.ts (38 tests) 37ms
 ✓ tests/sector_frontline_truth.test.ts (31 tests) 320ms
 ✓ tests/ui_map_interactions.test.ts (27 tests) 39ms
 ✓ tests/recruitment_engine.test.ts (34 tests) 24ms
 ✓ tests/officer_system.test.ts (47 tests) 26ms
 ✓ tests/events_evaluate.test.ts (49 tests) 927ms
 ✓ tests/consequence_chains.test.ts (53 tests) 69ms
 ✓ tests/dynamic_codex_slice_v1.test.ts (35 tests) 73ms
 ✓ tests/sector_severe_undercoverage_rebalance.test.ts (17 tests) 43ms
 ✓ tests/ui/turn_aftermath.test.ts (25 tests) 37ms
 ✓ tests/sim/events/event_taxonomy_report.test.ts (27 tests) 1177ms
 ✓ tests/sensitive_history_canon_gate_audit.test.ts (32 tests) 102ms
 ✓ tests/codex_sensitive_claim_inventory.test.ts (29 tests) 20201ms
   ✓ real dynamic Codex claims name a non-calendar predicate and rupture tags stay on rupture essays 1296ms
   ✓ inventory-identified safe essay residuals and the rewritten NATO record carry source notes 1196ms
   ✓ unindexed Wave-4 essay deposits remain inventoried without entering the player-facing history queue 1164ms
   ✓ player-facing claims with complete citations and source notes carry a resolved source tier 1151ms
   ✓ inventory reports the 1993 placement/window contract for Neretva, Grabovica, and Uzdol 1151ms
   ✓ inventory documents the sourced 1993 central-Bosnia provenance packet 1216ms
   ✓ inventory documents the summer 1992 Herceg-Bosna posture packet 1194ms
   ✓ inventory documents conditional consequence rows as design counterfactuals 1188ms
   ✓ inventory documents every player-facing essay and dynamic section 1172ms
   ✓ inventory documents event rows paired with player-facing essays 1206ms
   ✓ inventory documents every player-facing historical event claim 1124ms
   ✓ inventory has no unresolved player-facing claim 1121ms
   ✓ inventory clears the source floor for the Jajce-to-final-offensives packet 1136ms
   ✓ inventory documents the state-identity and adjudicated-command provenance packet 1184ms
   ✓ inventory has no player-facing essay below the two-source floor 1196ms
   ✓ inventory has no generic actor-symmetry claim in player-facing history 1142ms
   ✓ inventory covers claim prose without relying on a narrow keyword list 1135ms
 ✓ tests/sector_offensive_idle_recovery.test.ts (15 tests) 34ms
 ✓ tests/operation_preparation_force_ratio.test.ts (16 tests) 21ms
 ✓ tests/commander/commander_phase3_candidate_competition.test.ts (43 tests) 33ms
 ✓ tests/bot_operation_objective_focus.test.ts (16 tests) 35ms
[E5] Political control initialized (hybrid_1992, threshold=0.7): 5822 canonical graph nodes (SID-keyed), RBiH=2297, RS=2507, HRHB=1018. Promoted to OSID when operational data present.
[E5] Political control initialized (hybrid_1992, threshold=0.7): 5822 canonical graph nodes (SID-keyed), RBiH=2297, RS=2507, HRHB=1018. Promoted to OSID when operational data present.
 ✓ tests/scenario_harness_contracts.test.ts (22 tests) 66216ms
   ✓ H1.4 scenario harness smoke > scenario harness smoke: noop scenarios produce expected artifacts 12353ms
   ✓ H1.4 scenario harness smoke > scenario harness smoke: noop_4w determinism (two runs => identical final_save.json) 5969ms
   ✓ H1.4 scenario harness smoke > no-formation startups stay empty and turn-time phantoms require host commands 4010ms
   ✓ scenario end report h1.5 > writes the end-of-run report artifacts 3093ms
   ✓ scenario end report h1.5 > keeps control_delta.json stable and ordered 3017ms
   ✓ H1.7 scenario activity diagnostics > scenario activity diagnostics: activity_summary.json and Activity over run in end_report 2900ms
   ✓ H1.7 scenario activity diagnostics > phase ii run_summary includes phase_ii_attack_resolution diagnostics block 5663ms
   ✓ H1.8 scenario probe compare > scenario probe compare: probe_compare.json and probe_compare.md exist with required keys 6048ms
   ✓ H1.9 scenario baseline ops > scenario baseline_ops: run succeeds and emits expected artifacts/metrics 3122ms
   ✓ H1.1 scenario determinism > scenario determinism: same scenario run twice yields identical final_save.json 8874ms
   ✓ H2.4 scenario bots determinism > scenario bots determinism: noop_4w_bots run twice yields identical key artifacts 6344ms
   ✓ H2.4 scenario bots determinism > scenario bots run summary includes deterministic benchmark evaluation contract 3261ms
   ✓ apr1992 must-hold contract > apr1992 definitive must-hold references live corps ids and real operational osids 1011ms
 ✓ tests/command_authority_assessment_constraints.test.ts (51 tests) 26ms
 ✓ tests/sector_partition_buildCorpsFrontSectors_integration.test.ts (12 tests | 1 skipped) 734000ms
   ✓ G1.5: buildCorpsFrontSectors integration property — cache ON vs OFF byte-equality > cached path matches uncached path on the pristine real-save fixture 1356ms
   ✓ G1.5: buildCorpsFrontSectors integration property — cache ON vs OFF byte-equality > invocation-local front-edge relation matches the independent legacy strategy on the pristine real-save fixture 4906ms
   ✓ G1.5: buildCorpsFrontSectors integration property — cache ON vs OFF byte-equality > constructs at most one standard/strict relation per used faction, discards them between calls, observes synthetic fallbacks, and keeps unexpected canonical fallback at zero 1564ms
   ✓ G1.5: buildCorpsFrontSectors integration property — cache ON vs OFF byte-equality > cached path matches uncached path on the final-pass real-save fixture 1025ms
   ✓ G1.5: buildCorpsFrontSectors integration property — cache ON vs OFF byte-equality > cached path is stable across back-to-back invocations on identical state (no cross-invocation leakage) 1062ms
   ✓ G1.5: buildCorpsFrontSectors integration property — cache ON vs OFF byte-equality > cached path matches uncached path across ≥100 deterministic state variants 37091ms
   ✓ G1.5: buildCorpsFrontSectors integration property — cache ON vs OFF byte-equality > cached path matches uncached path across war-pass + final-pass split 2015ms
   ✓ G1.5: buildCorpsFrontSectors integration property — cache ON vs OFF byte-equality > fixed-point shortcuts preserve every sector field and direct state side effect across production modes and 100 real-save variants 142949ms
   ✓ G1.5: buildCorpsFrontSectors integration property — cache ON vs OFF byte-equality > dense occupancy preserves every sector field and direct state side effect against legacy scans across production modes and 100 real-save variants 142977ms
   ✓ G1.5: buildCorpsFrontSectors integration property — cache ON vs OFF byte-equality > invocation-local front-edge relations preserve reconciliation reports, sessions, receipts, geometry order, sectors, full state, warnings, bytes, and rerun hashes across production modes and 100 real-save variants 398630ms
 ✓ tests/event_loader.test.ts (44 tests) 831ms
 ✓ tests/commander/commander_phase4_lesson_personality.test.ts (25 tests) 21ms
 ✓ tests/desktop_packaged_runtime_probe.test.ts (9 tests) 49ms
 ✓ tests/ui_map_render_smoke.test.ts (25 tests) 40ms
 ✓ tests/sim/political/patron_calls_phase4.test.ts (18 tests) 90ms
 ✓ tests/final_sector_reconciliation_session.test.ts (10 tests) 228ms
 ✓ tests/commander_override.test.ts (32 tests) 22ms
 ✓ tests/tooth_guard.test.ts (13 tests) 16ms
 ✓ tests/stranded_brigade_lifecycle.test.ts (19 tests) 16ms
 ✓ tests/sector_partition_buildCorpsFrontSectors_integration.test.ts (12 tests | 1 skipped) 748286ms
   ✓ G1.5: buildCorpsFrontSectors integration property — cache ON vs OFF byte-equality > cached path matches uncached path on the pristine real-save fixture 1372ms
   ✓ G1.5: buildCorpsFrontSectors integration property — cache ON vs OFF byte-equality > invocation-local front-edge relation matches the independent legacy strategy on the pristine real-save fixture 5118ms
   ✓ G1.5: buildCorpsFrontSectors integration property — cache ON vs OFF byte-equality > constructs at most one standard/strict relation per used faction, discards them between calls, observes synthetic fallbacks, and keeps unexpected canonical fallback at zero 1595ms
   ✓ G1.5: buildCorpsFrontSectors integration property — cache ON vs OFF byte-equality > cached path matches uncached path on the final-pass real-save fixture 1050ms
   ✓ G1.5: buildCorpsFrontSectors integration property — cache ON vs OFF byte-equality > cached path is stable across back-to-back invocations on identical state (no cross-invocation leakage) 1119ms
   ✓ G1.5: buildCorpsFrontSectors integration property — cache ON vs OFF byte-equality > cached path matches uncached path across ≥100 deterministic state variants 37103ms
   ✓ G1.5: buildCorpsFrontSectors integration property — cache ON vs OFF byte-equality > cached path matches uncached path across war-pass + final-pass split 2059ms
   ✓ G1.5: buildCorpsFrontSectors integration property — cache ON vs OFF byte-equality > fixed-point shortcuts preserve every sector field and direct state side effect across production modes and 100 real-save variants 146802ms
   ✓ G1.5: buildCorpsFrontSectors integration property — cache ON vs OFF byte-equality > dense occupancy preserves every sector field and direct state side effect against legacy scans across production modes and 100 real-save variants 146800ms
   ✓ G1.5: buildCorpsFrontSectors integration property — cache ON vs OFF byte-equality > invocation-local front-edge relations preserve reconciliation reports, sessions, receipts, geometry order, sectors, full state, warnings, bytes, and rerun hashes across production modes and 100 real-save variants 404621ms
 ✓ tests/ui/codex_essay_resolver.test.ts (47 tests) 24ms
 ✓ tests/ui/first_hour_browser_gate_contract.test.ts (12 tests) 107ms
 ✓ tests/collapse_phase1_disabled.test.ts (22 tests) 24ms
 ✓ tests/ui_player_visibility.test.ts (19 tests) 57ms
 ✓ tests/attack_equipment_effects.test.ts (55 tests) 29ms
 ✓ tests/map_transition_profile_harness.test.ts (31 tests) 623ms
   ✓ map transition Electron profile harness contract > keeps player-visible evidence opt-in and records the complete interaction matrix 534ms
 ✓ tests/sim/autonomy/autonomy_phase_c.test.ts (34 tests) 20ms
 ✓ tests/command_authority_friction_stabilization.test.ts (49 tests) 18ms
 ✓ tests/ui_map_deck_counter_visibility.test.ts (34 tests) 43ms
 ✓ tests/phase_e_activation_simulator.test.ts (24 tests) 23ms
 ✓ tests/operation_preparation_in_transit_context.test.ts (9 tests) 19ms
 ✓ tests/triggered_operations.test.ts (27 tests) 155ms
 ✓ tests/scoring.test.ts (40 tests) 39ms
 ✓ tests/ui/decision_consequence_trail.test.ts (27 tests) 22ms
 ✓ tests/event_state_shape_b2.test.ts (29 tests) 163ms
 ✓ tests/officer_learning_rate_timeline_step_curve.test.ts (11 tests) 9ms
 ✓ tests/final_sector_truth_reconciliation.test.ts (14 tests) 100ms
 ✓ tests/divergence_events_wave_9.test.ts (11 tests) 46ms
 ✓ tests/probe_territory_flip.test.ts (18 tests) 61ms
 ✓ tests/trnovo_kalinovik_sector_fix.test.ts (16 tests) 15ms
 ✓ tests/run_provenance_input_surface_scan.test.ts (9 tests) 109ms
 ✓ tests/state/displacement_event_log.test.ts (22 tests) 497ms
 ✓ tests/divergence_events_wave_11.test.ts (11 tests) 44ms
 ✓ tests/krivaja_roster_and_prestage.test.ts (11 tests) 127ms
 ✓ tests/operation_reinforcement.test.ts (19 tests) 14ms
 ✓ tests/corridor_heartbeat_overlay_builder.test.ts (8 tests) 16ms
 ✓ tests/commander/commander_phase6_trace_qa.test.ts (14 tests) 17ms
 ✓ tests/freeze_regression.test.ts (6 tests | 1 skipped) 14ms
 ✓ tests/commander/commander_maturity_phase1.test.ts (18 tests) 23ms
 ✓ tests/brigade_aor_subsegment.test.ts (24 tests) 19ms
 ✓ tests/sim/events/event_acceptance_report.test.ts (17 tests) 963ms
 ✓ tests/attack_resolution_osid_intel_friction.test.ts (17 tests) 48ms
 ✓ tests/sim/command/phase4_ui_data_layer.test.ts (14 tests) 37ms
 ✓ tests/divergence_events_wave_17.test.ts (14 tests) 47ms
 ✓ tests/generals_digest_chronicle.test.ts (30 tests) 30ms
 ✓ tests/army_hq_op_lifecycle.test.ts (17 tests) 23ms
 ✓ tests/sim/political/phase7_dayton_plan.test.ts (19 tests) 11ms
 ✓ tests/ui/pre_advance_command_review.test.ts (18 tests) 77ms
 ✓ tests/sim/combat/phase3_reliability_decay.test.ts (15 tests) 13ms
 ✓ tests/hv_1995_lifecycle_diagnostic.test.ts (10 tests) 19ms
 ✓ tests/militia_casualty_persistence.test.ts (20 tests) 34ms
 ✓ tests/divergence_events_wave_15.test.ts (12 tests) 44ms
 ✓ tests/krivaja_roster_phase_1_5_shape_de_epsilon.test.ts (15 tests) 12ms
 ✓ tests/commander/operation_emit_overlap_guards.test.ts (12 tests) 20ms
 ✓ tests/sustainability.test.ts (18 tests) 11ms
 ✓ tests/stupcanica_defender_stack_shape_b.test.ts (17 tests) 16ms
 ✓ tests/sensitive_history_status_diagnostic.test.ts (6 tests) 754ms
 ✓ tests/sim/political/political_peace_plan.test.ts (17 tests) 11ms
 ✓ tests/validate_game_state_shape.test.ts (23 tests) 23ms
 ✓ tests/leadership_actions.test.ts (26 tests) 29ms
 ✓ tests/command_lever_consequences.test.ts (28 tests) 14ms
 ✓ tests/sector_partition_buildCorpsFrontSectors_integration.test.ts (12 tests | 1 skipped) 750443ms
   ✓ G1.5: buildCorpsFrontSectors integration property — cache ON vs OFF byte-equality > cached path matches uncached path on the pristine real-save fixture 1311ms
   ✓ G1.5: buildCorpsFrontSectors integration property — cache ON vs OFF byte-equality > invocation-local front-edge relation matches the independent legacy strategy on the pristine real-save fixture 4976ms
   ✓ G1.5: buildCorpsFrontSectors integration property — cache ON vs OFF byte-equality > constructs at most one standard/strict relation per used faction, discards them between calls, observes synthetic fallbacks, and keeps unexpected canonical fallback at zero 1583ms
   ✓ G1.5: buildCorpsFrontSectors integration property — cache ON vs OFF byte-equality > cached path matches uncached path on the final-pass real-save fixture 1027ms
   ✓ G1.5: buildCorpsFrontSectors integration property — cache ON vs OFF byte-equality > cached path is stable across back-to-back invocations on identical state (no cross-invocation leakage) 1056ms
   ✓ G1.5: buildCorpsFrontSectors integration property — cache ON vs OFF byte-equality > cached path matches uncached path across ≥100 deterministic state variants 36946ms
   ✓ G1.5: buildCorpsFrontSectors integration property — cache ON vs OFF byte-equality > cached path matches uncached path across war-pass + final-pass split 2170ms
   ✓ G1.5: buildCorpsFrontSectors integration property — cache ON vs OFF byte-equality > fixed-point shortcuts preserve every sector field and direct state side effect across production modes and 100 real-save variants 147430ms
   ✓ G1.5: buildCorpsFrontSectors integration property — cache ON vs OFF byte-equality > dense occupancy preserves every sector field and direct state side effect against legacy scans across production modes and 100 real-save variants 147542ms
   ✓ G1.5: buildCorpsFrontSectors integration property — cache ON vs OFF byte-equality > invocation-local front-edge relations preserve reconciliation reports, sessions, receipts, geometry order, sectors, full state, warnings, bytes, and rerun hashes across production modes and 100 real-save variants 405950ms
 ✓ tests/dayton_phase2_dial_bot_verdict.test.ts (20 tests) 54ms
 ✓ tests/ui/endgame_presentation_proof.test.ts (29 tests) 20ms
 ✓ tests/divergence_events_wave_13.test.ts (11 tests) 45ms
 ✓ tests/tg_og_promotion.test.ts (14 tests) 164ms
 ✓ tests/chronicle_entries.test.ts (31 tests) 30ms
 ✓ tests/ui/back_the_officer_read_model.test.ts (17 tests) 50ms
 ✓ tests/dayton_institutional_expansion.test.ts (23 tests) 20ms
 ✓ tests/divergence_events_wave_5.test.ts (10 tests) 45ms
 ✓ tests/collapse_d_selection_combat_incidence.test.ts (16 tests) 24ms
 ✓ tests/event_decisions.test.ts (33 tests) 153ms
[E5] Political control initialized (initial municipal substrate): 5822 canonical graph nodes (SID-keyed), RBiH=2739, RS=1964, HRHB=1119, null=0. Promoted to OSID when operational data present.
[E5] Political control initialized (initial municipal substrate): 5822 canonical graph nodes (SID-keyed), RBiH=2739, RS=1964, HRHB=1119, null=0. Promoted to OSID when operational data present.
[E5] Political control initialized (initial municipal substrate): 5822 canonical graph nodes (SID-keyed), RBiH=2739, RS=1964, HRHB=1119, null=0. Promoted to OSID when operational data present.
 ✓ tests/shared_turn_inputs_contract.test.ts (29 tests) 1898ms
   ✓ shared validated turn input contract > actual scenario builder and desktop loader prepare identical numeric-key inputs 691ms
   ✓ shared validated turn input contract > actual scenario builder and desktop loader prepare identical direct-key inputs 607ms
   ✓ shared validated turn input contract > actual scenario builder accepts explicitly selected minimal shared-input omissions 375ms
 ✓ tests/sim/political/survivalScore.test.ts (14 tests) 8ms
 ✓ tests/engine_honesty_legacy_contracts.test.ts (23 tests) 672ms
   ✓ engine honesty legacy contracts > does not keep dead theatre compatibility helpers or the unused operational-situation modal path 307ms
 ✓ tests/operation_opportunities_federation_western_bosnia_catalog.test.ts (11 tests) 41ms
 ✓ tests/nw_bosnia_oob_correctness.test.ts (8 tests) 75ms
 ✓ tests/local_truces.test.ts (64 tests) 17ms
 ✓ tests/causality_query.test.ts (28 tests) 17ms
 ✓ tests/treaty_apply_military.test.ts (13 tests) 11ms
 ✓ tests/refugee_column_overlay_builder.test.ts (8 tests) 14ms
 ✓ tests/free_war_military_priorities.test.ts (15 tests) 15ms
 ✓ tests/tg_lifecycle.test.ts (27 tests) 21ms
 ✓ tests/command_authority_lifecycle.test.ts (36 tests) 16ms
 ✓ tests/replay_save_emit.test.ts (8 tests) 95ms
 ✓ tests/officer_oob_provenance.test.ts (11 tests) 92ms
 ✓ tests/desktop_player_visible_state.test.ts (21 tests) 5679ms
   ✓ desktop player-visible state projection > keeps only the player faction durable proposal receipt through Advance, save/load, and Electron projection 5562ms
 ✓ tests/command_authority_explanation_delegation.test.ts (71 tests) 30ms
 ✓ tests/v092_tutorial_anchor_coverage.test.ts (8 tests) 8767ms
   ✓ LANE-NIGHTSHIFT-V092-TUTORIAL-LANE-C — anchor coverage regression > T2 — every step target_ui_element has at least one emitter in src/ 3994ms
   ✓ LANE-NIGHTSHIFT-V092-TUTORIAL-LANE-C — anchor coverage regression > T7 — manifest determinism: re-running discovery yields a byte-identical anchor manifest 4315ms
 ✓ tests/ui_shell_navigation.test.ts (21 tests) 17ms
 ✓ tests/calibration.test.ts (5 tests) 20ms
 ✓ tests/player_decision_manifest.test.ts (6 tests) 12ms
 ✓ tests/negotiation_offers.test.ts (14 tests) 85ms
 ✓ tests/final_sector_war_front_faction_side_coverage.test.ts (4 tests) 12ms
 ✓ tests/attack_morale_absorption.test.ts (23 tests) 18ms
 ✓ tests/alliance_lifecycle.test.ts (41 tests) 23ms
 ✓ tests/sector_topology_snapshot.test.ts (8 tests) 1205ms
   ✓ captureSectorTopologySolveInput — fidelity against a real save > captures every section-6 family with strict ID/key ordering and preserved authored array order 420ms
   ✓ captureSectorTopologySolveInput — fidelity against a real save > retains no mutable identity from the source — mutating state/edges/spatial after capture does not change the snapshot 409ms
   ✓ captureSectorTopologySolveInput — fidelity against a real save > Object.freeze blocks mutation of plain-object/array leaves at runtime 368ms
 ✓ tests/phase10_ops_fatigue.test.ts (13 tests) 11ms
 ✓ tests/displacement_takeover.test.ts (8 tests | 4 skipped) 14ms
 ✓ tests/front_visit_action.test.ts (15 tests) 15ms
 ✓ tests/commander/corridor_quality_guard.test.ts (6 tests) 15ms
 ✓ tests/command_authority_strain_signals.test.ts (35 tests) 30ms
 ✓ tests/sector_topology_detached_state.test.ts (8 tests) 3136ms
   ✓ buildDetachedNarrowReadState — fidelity against the source GameState > meta/political/factions round-trip exactly 473ms
   ✓ buildDetachedNarrowReadState — fidelity against the source GameState > corps_command reshape un-flattens directive.priority_sector_id and preserves axis objectives 413ms
   ✓ buildDetachedNarrowReadState — fidelity against the source GameState > named_officers / named_officer_data / campaign_plans / brigade_movement / posture orders round-trip 378ms
   ✓ buildDetachedNarrowReadState — fidelity against the source GameState > unresolved_sector_brigades round-trips from live state through capture into the detached state (regression: a prior version silently hardcoded undefined here) 366ms
   ✓ buildDetachedWorkingFormations — fidelity and mutability > every field matches the source formation for a sample 382ms
   ✓ buildDetachedWorkingFormations — fidelity and mutability > entrenchment_turns round-trips the TRUE source value, not a hardcoded 0 (regression: a prior version assumed a hardcoded 0 starting point was behavior-inert since the field is write-only within this call graph — true for the sectors output, false for the mutation journal's before fidelity, which commitSectorTopologySolve validates against live state) 355ms
   ✓ buildDetachedWorkingFormations — fidelity and mutability > is a genuinely mutable projection independent of the source formations map 404ms
   ✓ buildDetachedWorkingFormations — fidelity and mutability > buildDetachedNarrowReadState threads a supplied workingFormations object through by reference 363ms
 ✓ tests/uncontested_occupation_priority.test.ts (9 tests) 24ms
 ✓ tests/sector_front_edge_relation.test.ts (4 tests) 13ms
 ✓ tests/settlement_control.test.ts (10 tests) 12ms
 ✓ tests/commander_driven_brigade_assignment.test.ts (12 tests) 130ms
 ✓ tests/negotiation_patron_pressure.test.ts (31 tests) 19ms
 ✓ tests/ui/map_click_routing_contract.test.ts (13 tests) 22ms
 ✓ tests/codex_ghost_entries_wave_2.test.ts (40 tests) 24ms
 ✓ tests/sector_offensive_launch_gates.test.ts (9 tests) 14ms
 ✓ tests/v093_a11y_lane_b_map_landmarks.test.ts (7 tests) 46ms
 ✓ tests/operation_opportunities_phase2_decisions.test.ts (27 tests) 30ms
 ✓ tests/ui/codex_tier_dependency_graph.test.ts (25 tests) 15ms
 ✓ tests/wrapped_slides.test.ts (29 tests) 26ms
 ✓ tests/operational_tactical_group_audit.test.ts (4 tests) 19ms
 ✓ tests/divergence_events_wave_8.test.ts (11 tests) 44ms
 ✓ tests/ui/opening_corps_commander_display.test.ts (10 tests) 9ms
 ✓ tests/front_edge_ownership_completion.test.ts (5 tests) 8ms
 ✓ tests/dayton_player_agency_smoke.test.ts (14 tests) 65ms
 ✓ tests/sector_coverage_truth_preservation.test.ts (5 tests) 15ms
 ✓ tests/retroactive_tooth_eviction.test.ts (8 tests) 11ms
 ✓ tests/divergence_events_wave_10.test.ts (11 tests) 34ms
 ✓ tests/essay_index_integrity.test.ts (9 tests) 199ms
 ✓ tests/negotiation_pressure.test.ts (7 tests) 9ms
 ✓ tests/corps_level_operations.test.ts (12 tests) 24ms
 ✓ tests/sarajevo_core_defense.test.ts (6 tests) 9ms
 ✓ tests/z_index_canonical.test.ts (7 tests) 39ms
 ✓ tests/a3_army_order_interpretation.test.ts (15 tests) 22ms
 ✓ tests/sim/political/political_personality.test.ts (22 tests) 15ms
 ✓ tests/militia_rework.test.ts (10 tests) 11ms
 ✓ tests/supply_reachability_osid.test.ts (7 tests) 9ms
 ✓ tests/identity_migration.test.ts (9 tests) 23ms
 ✓ tests/war_phase_step_order.test.ts (6 tests) 16ms
 ✓ tests/dev_ui_phase18.test.ts (5 tests) 20ms
 ✓ tests/free_war_verdict_cost_floor.test.ts (33 tests) 20ms
 ✓ tests/treaty_brcko.test.ts (8 tests) 11ms
 ✓ tests/settlement_timeline_provenance.test.ts (19 tests) 42ms
 ✓ tests/turn_pipeline_operational_data_reuse.test.ts (6 tests) 15ms
 ✓ tests/ui_adapter_boundary.test.ts (18 tests) 148ms
 ✓ tests/divergence_events_wave_14.test.ts (11 tests) 45ms
 ✓ tests/operation_launch_order_consistency_diagnostic.test.ts (11 tests) 1275ms
 ✓ tests/multi_axis_operations.test.ts (19 tests) 9ms
 ✓ tests/corps_operation_helpers.test.ts (30 tests) 13ms
 ✓ tests/recruitment_turn.test.ts (6 tests) 12ms
 ✓ tests/operation_completion_truth.test.ts (5 tests) 11ms
 ✓ tests/srk_siege_morale_audit.test.ts (6 tests) 9ms
 ✓ tests/dayton_player_budget_enforcement.test.ts (11 tests) 46ms
 ✓ tests/ui_decision_room_pushback_explanations.test.ts (7 tests) 24ms
 ✓ tests/unstaffed_front_annotation.test.ts (4 tests) 7ms
 ✓ tests/operation_aar_army_hq_telemetry.test.ts (7 tests) 719ms
   ✓ Army HQ AAR telemetry (flag ON) > snapshots telemetry at TG dissolution and finalize emits it AFTER the live TG is gone 372ms
 ✓ tests/tg_routing.test.ts (13 tests) 872ms
   ✓ formTgsAtReadyTransition routing (flag-on) > offensive op (full) forms a TG with the anchor 316ms
 ✓ tests/displacement.test.ts (5 tests) 9ms
 ✓ tests/emergency_retreat_reachability.test.ts (5 tests) 7ms
 ✓ tests/player_knowledge_integrity.test.ts (13 tests) 47ms
 ✓ tests/ui/chronicle_chapters.test.ts (11 tests) 15ms
 ✓ tests/event_effects.test.ts (12 tests) 28ms
 ✓ tests/warroom_react_opening_owner.test.ts (7 tests) 11ms
 ✓ tests/ui/app_boot_main_menu.test.ts (21 tests) 16ms
 ✓ tests/hrhb_events_jul_sep_1992.test.ts (16 tests) 13ms
 ✓ tests/rupture_silence_when_defended.test.ts (4 tests) 9ms
 ✓ tests/ui/map_transition_timing.test.ts (11 tests) 61ms
 ✓ tests/sector_partition_buildCorpsFrontSectors_integration.test.ts (12 tests | 1 skipped) 754559ms
   ✓ G1.5: buildCorpsFrontSectors integration property — cache ON vs OFF byte-equality > cached path matches uncached path on the pristine real-save fixture 1310ms
   ✓ G1.5: buildCorpsFrontSectors integration property — cache ON vs OFF byte-equality > invocation-local front-edge relation matches the independent legacy strategy on the pristine real-save fixture 5079ms
   ✓ G1.5: buildCorpsFrontSectors integration property — cache ON vs OFF byte-equality > constructs at most one standard/strict relation per used faction, discards them between calls, observes synthetic fallbacks, and keeps unexpected canonical fallback at zero 1614ms
   ✓ G1.5: buildCorpsFrontSectors integration property — cache ON vs OFF byte-equality > cached path matches uncached path on the final-pass real-save fixture 1027ms
   ✓ G1.5: buildCorpsFrontSectors integration property — cache ON vs OFF byte-equality > cached path is stable across back-to-back invocations on identical state (no cross-invocation leakage) 1112ms
   ✓ G1.5: buildCorpsFrontSectors integration property — cache ON vs OFF byte-equality > cached path matches uncached path across ≥100 deterministic state variants 37290ms
   ✓ G1.5: buildCorpsFrontSectors integration property — cache ON vs OFF byte-equality > cached path matches uncached path across war-pass + final-pass split 2091ms
   ✓ G1.5: buildCorpsFrontSectors integration property — cache ON vs OFF byte-equality > fixed-point shortcuts preserve every sector field and direct state side effect across production modes and 100 real-save variants 147340ms
   ✓ G1.5: buildCorpsFrontSectors integration property — cache ON vs OFF byte-equality > dense occupancy preserves every sector field and direct state side effect against legacy scans across production modes and 100 real-save variants 148408ms
   ✓ G1.5: buildCorpsFrontSectors integration property — cache ON vs OFF byte-equality > invocation-local front-edge relations preserve reconciliation reports, sessions, receipts, geometry order, sectors, full state, warnings, bytes, and rerun hashes across production modes and 100 real-save variants 408873ms
 ✓ tests/events_evaluate_b3.test.ts (32 tests) 218ms
 ✓ tests/commander/commander_phase5_constraint_preference.test.ts (24 tests) 23ms
 ✓ tests/sector_split_brigade_assignment.test.ts (10 tests) 52ms
 ✓ tests/collapse_s6_run_selection.test.ts (47 tests) 66ms
 ✓ tests/scenario_operation_diagnostics.test.ts (28 tests) 14ms
 ✓ tests/event_loader_runtime_substrate.test.ts (50 tests | 5 skipped) 321ms
 ✓ tests/sim/political/political_event_decision.test.ts (26 tests) 14ms
 ✓ tests/probe_preparation.test.ts (36 tests) 25ms
 ✓ tests/attack_casualty_distribution.test.ts (35 tests) 36ms
 ✓ tests/dayton_negotiation.test.ts (39 tests) 64ms
 ✓ tests/sim/autonomy/autonomy_phase_d.test.ts (40 tests) 24ms
 ✓ tests/commander/commander_belief_layer.test.ts (15 tests) 30ms
 ✓ tests/sector_intel.test.ts (20 tests) 18ms
 ✓ tests/corps_operation_readiness.test.ts (11 tests) 10ms
 ✓ tests/siege_mobilization.test.ts (16 tests) 13ms
 ✓ tests/operation_opportunities_central_bosnia_catalog.test.ts (15 tests) 42ms
 ✓ tests/ui/command_strain_interpretation.test.ts (58 tests) 26ms
 ✓ tests/ui/chronicle_causality_slides.test.ts (15 tests) 22ms
 ✓ tests/sim/command/phase5_interpretation_ux.test.ts (25 tests) 34ms
 ✓ tests/tg_op_lifecycle.test.ts (19 tests) 27ms
 ✓ tests/divergence_events_wave_4.test.ts (12 tests) 45ms
 ✓ tests/promote_formations.test.ts (29 tests) 11ms
 ✓ tests/treaty.test.ts (17 tests) 10ms
 ✓ tests/engine_truth_checkpoint.test.ts (37 tests) 36ms
 ✓ tests/cost_ledger_comparison.test.ts (16 tests) 33ms
 ✓ tests/event_state_shape_validation.test.ts (9 tests) 22ms
 ✓ tests/free_war_ethics_bright_line.test.ts (14 tests) 17ms
 ✓ tests/divergence_events_wave_12.test.ts (11 tests) 44ms
 ✓ tests/ui_map_tooltip_player_visibility.test.ts (17 tests) 26ms
 ✓ tests/divergence_events_wave_16.test.ts (12 tests) 43ms
 ✓ tests/ui/consequence_receipts.test.ts (14 tests) 15ms
 ✓ tests/sim/events/event_notification_content_backfill.test.ts (13 tests) 89ms
 ✓ tests/migration_nested_ownership.test.ts (5 tests) 18ms
 ✓ tests/ui/officer_resentment_receipts.test.ts (16 tests) 13ms
 ✓ tests/jna_phantom_brigades.test.ts (22 tests) 15ms
 ✓ tests/command_authority_interpretation_review.test.ts (49 tests) 20ms
 ✓ tests/hv_integration.test.ts (17 tests) 11ms
 ✓ tests/sim/combat/order_interpretation.test.ts (12 tests) 11ms
 ✓ tests/ui/gamestore_load_reset.test.ts (17 tests) 318ms
 ✓ tests/anomaly_detector_deployment_truth.test.ts (4 tests) 35ms
 ✓ tests/event_causality_chain.test.ts (9 tests) 16ms
 ✓ tests/seam_a_isolation_guard.test.ts (7 tests) 10ms
 ✓ tests/final_sector_reserve_band_truth.test.ts (3 tests) 19ms
 ✓ tests/warroom_shell_layer.test.ts (40 tests) 44ms
 ✓ tests/brigade_reconstitution_corps_territory.test.ts (5 tests) 8ms
 ✓ tests/consequence_consumers.test.ts (22 tests) 14ms
 ✓ tests/activate_corps.test.ts (13 tests) 16ms
 ✓ tests/sector_topology_commit.test.ts (12 tests) 6224ms
   ✓ commitSectorTopologySolve — real-save round-trip and deterministic rerun > produces a live state byte-identical to the imperative oracle 2511ms
   ✓ commitSectorTopologySolve — real-save round-trip and deterministic rerun > is deterministic: two independent capture+solve+commit cycles on identical clones produce identical journals and identical resulting state 2646ms
   ✓ commitSectorTopologySolve — real-save round-trip and deterministic rerun > supports two capture+solve+commit passes against the SAME live state in sequence (regression: a prior version hardcoded the detached unresolved_sector_brigades to undefined AND entrenchment_turns to 0 instead of threading them from the capture, which produced a spurious stale-value error on any second pass within one turn, or on a first pass against any formation with nonzero entrenchment — exactly what final_sector_truth_reconciliation.ts's multi-pass reconciliation session does in production, and exactly what a real 188-week run hit) 1058ms
 ✓ tests/codex_ghost_entries_wave_3_builder.test.ts (31 tests) 19ms
 ✓ tests/corps_command.test.ts (15 tests) 16ms
 ✓ tests/ui_presidential_decision_room_wiring.test.ts (15 tests) 37ms
 ✓ tests/catastrophic_stall.test.ts (7 tests) 17ms
 ✓ tests/state.test.ts (4 tests) 36ms
 ✓ tests/frontline_density_cold_front_truth.test.ts (7 tests) 156ms
 ✓ tests/scenario_historical_painted_anchors.test.ts (49 tests) 43ms
 ✓ tests/ui/army_hq_readiness_threat_copy.test.ts (13 tests) 30ms
 ✓ tests/brigade_home_return.test.ts (10 tests) 14ms
 ✓ tests/sim/political/phase5a_os_tactical_acceptance.test.ts (17 tests) 10ms
 ✓ tests/sector_contiguity_split.test.ts (12 tests) 14ms
 ✓ tests/dayton_d1_area_brcko.test.ts (18 tests) 62ms
 ✓ tests/structural_fingerprint.test.ts (17 tests) 80ms
 ✓ tests/desktop_persistence_contract.test.ts (17 tests) 36ms
 ✓ tests/build_calibration_map_html.test.ts (7 tests) 703ms
 ✓ tests/ui/field_operation_focus_controller.test.ts (14 tests) 24ms
 ✓ tests/sector_offensive_planning_objective_reconciliation.test.ts (8 tests) 9ms
 ✓ tests/fall_1995_hv_depth_priority.test.ts (7 tests) 6ms
 ✓ tests/war_termination.test.ts (22 tests) 42ms
 ✓ tests/integration_run_diagnostics.test.ts (6 tests) 83650ms
 ✓ tests/generate_formations.test.ts (17 tests) 41ms
 ✓ tests/operation_axis_unreachable_diagnostic.test.ts (3 tests) 7ms
 ✓ tests/mobilization_bot_stance.test.ts (7 tests) 9ms
 ✓ tests/decision_consequence_telemetry.test.ts (9 tests) 11ms
 ✓ tests/sarajevo_exception.test.ts (7 tests) 7ms
 ✓ tests/operation_opportunity_state_validation.test.ts (3 tests) 12ms
 ✓ tests/troop_balance_lifecycle.test.ts (15 tests) 11ms
 ✓ tests/gorazde_oob_known_divergence.test.ts (3 tests) 46ms
 ✓ tests/integration_deployment_health.test.ts (11 tests) 83352ms
 ✓ tests/tg_migration_recon.test.ts (18 tests) 356ms
 ✓ tests/desktop_release_ci_guardrails.test.ts (8 tests) 9264ms
   ✓ desktop path detector selects every source root imported by the packaged sim bundle 9187ms
 ✓ tests/ui/warroom_shell_ownership.test.ts (23 tests) 289ms
 ✓ tests/ui/diplomacy_view.test.ts (8 tests) 17ms
 ✓ tests/humanitarian_convoy_lifecycle.test.ts (18 tests) 27ms
 ✓ tests/brigade_pressure.test.ts (20 tests) 15ms
 ✓ tests/force_quality_overlay_builder.test.ts (9 tests) 15ms
 ✓ tests/osid_damage_overlay_builder.test.ts (9 tests) 13ms
 ✓ tests/consequence_substrate_ownership.test.ts (15 tests) 12ms
 ✓ tests/sector_truth_audit.test.ts (5 tests) 40ms
 ✓ tests/supply_reserves_phase_b.test.ts (17 tests) 14ms
 ✓ tests/army_reserve_legibility.test.ts (22 tests) 24ms
 ✓ tests/competences.test.ts (13 tests) 14ms
 ✓ tests/officer_war_crimes_record_guard.test.ts (4 tests) 6ms
 ✓ tests/officer_quality.test.ts (21 tests) 9ms
 ✓ tests/attack_resource_aftermath.test.ts (18 tests) 10ms
 ✓ tests/krivaja_roster_phase_1.test.ts (14 tests) 9ms
 ✓ tests/tg_identity_commander.test.ts (11 tests) 274ms
 ✓ tests/dev_ui_phase17.test.ts (6 tests) 9ms
 ✓ tests/desktop_campaign_start_contract.test.ts (9 tests) 7315ms
   ✓ initial_save is already in canonical loaded-save form at campaign birth 3393ms
   ✓ startNewCampaign returns canonicalized state before the first manual save 574ms
   ✓ startNewCampaign disables headless auto-control for the selected player faction 1069ms
   ✓ startNewCampaign does not expose startup control provenance as turn-zero territory history 354ms
   ✓ startNewCampaign records historical mode explicitly 341ms
   ✓ startNewCampaign queues the selected faction foundational decision at campaign birth 1575ms
 ✓ tests/sim/political/phase6_per_plan_floors.test.ts (15 tests) 9ms
 ✓ tests/oob_t0_spawn_completeness.test.ts (1 test) 39ms
 ✓ tests/morale_victory_feedback.test.ts (23 tests) 12ms
 ✓ tests/replay_player.test.ts (8 tests) 10ms
 ✓ tests/a2_army_co_substrate.test.ts (16 tests) 24ms
 ✓ tests/concurrent_operations.test.ts (23 tests) 12ms
 ✓ tests/front_posture_commitment.test.ts (7 tests) 8ms
 ✓ tests/ui/typography_contract.test.ts (7 tests) 90ms
 ✓ tests/a1_army_hq_campaign_plan_wired.test.ts (7 tests) 16ms
 ✓ tests/css_z_index_canonical.test.ts (4 tests) 21ms
 ✓ tests/treaty_apply_territorial.test.ts (8 tests) 9ms
 ✓ tests/tg_schema_freeze.test.ts (7 tests) 47ms
 ✓ tests/army_co_emergent_lifecycle.test.ts (10 tests) 16ms
 ✓ tests/morale_combat.test.ts (17 tests) 11ms
 ✓ tests/ui/warroom_ticker_event_receipts.test.ts (12 tests) 15ms
 ✓ tests/attack_order_staging.test.ts (18 tests) 14ms
 ✓ tests/supply_reserves.test.ts (14 tests) 12ms
 ✓ tests/command_briefing.test.ts (10 tests) 14ms
 ✓ tests/ai_commander_event_decision.test.ts (21 tests) 18ms
 ✓ tests/early_war_control_flip.test.ts (11 tests) 1009ms
   ✓ war runTurn default path omits phase_i control-flip report 609ms
   ✓ war runTurn is not gated by war_start_turn in two-phase model 387ms
 ✓ tests/combat_summary.test.ts (17 tests) 13ms
 ✓ tests/krivaja_brigade_lifecycle_diagnostic.test.ts (4 tests | 3 skipped) 111ms
 ✓ tests/multi_corps_operation_visibility.test.ts (7 tests) 5ms
 ✓ tests/war_dispatches.test.ts (32 tests) 39ms
 ✓ tests/pipeline_step_execution_proof.test.ts (12 tests) 11ms
 ✓ tests/ui/proactive_force_launch.test.ts (13 tests) 12ms
 ✓ tests/event_family_graph.test.ts (12 tests) 47ms
 ✓ tests/tg_invariants.test.ts (8 tests) 8ms
 ✓ tests/operational_sitrep_views.test.ts (5 tests) 14ms
 ✓ tests/tutorial_content_v1.test.ts (6 tests) 7ms
 ✓ tests/consequence_breadth_v2.test.ts (14 tests) 29ms
 ✓ tests/consequence_pressure_c2_patron_distance.test.ts (4 tests) 39ms
 ✓ tests/garrison_pin_must_hold_front_edge.test.ts (14 tests) 14ms
 ✓ tests/brigade_composition.test.ts (23 tests) 12ms
 ✓ tests/unstaffed_sibling_sector_absorption.test.ts (3 tests) 8ms
 ✓ tests/peace_dysfunction.test.ts (20 tests) 44ms
 ✓ tests/ui/decision_surface_registry.test.ts (12 tests) 48ms
 ✓ tests/free_war_army_hq_override_idle_gate.test.ts (10 tests) 9ms
 ✓ tests/ui/opportunity_ledger_pulse.test.ts (8 tests) 9ms
 ✓ tests/krivaja_stupcanica_milii_double_roster_audit.test.ts (3 tests) 4ms
 ✓ tests/supply_state_derivation_cache.test.ts (5 tests) 12ms
 ✓ tests/bot_priority_shift_wiring.test.ts (11 tests) 9ms
 ✓ tests/sector_topology_mutation_journal.test.ts (3 tests) 2265ms
   ✓ sector topology mutation journal — end-to-end characterization against a real save > is behavior-neutral against the un-recorded legacy path and pins the exact live-write order 2256ms
 ✓ tests/save_load_real_roundtrip.test.ts (10 tests) 11058ms
   ✓ real-save round-trip proof > serialize(deserialize(file)) round-trip is idempotent 1608ms
   ✓ real-save round-trip proof > re-serialized state preserves all top-level keys 955ms
   ✓ real-save round-trip proof > re-serialized state preserves faction count and IDs 1059ms
   ✓ real-save round-trip proof > re-serialized state preserves formation count 985ms
   ✓ real-save round-trip proof > re-serialized state preserves political_controllers count 950ms
   ✓ real-save round-trip proof > re-serialized state preserves autonomy fields when present 1047ms
   ✓ real-save round-trip proof > re-serialized state preserves corps command entries 946ms
   ✓ real-save round-trip proof > re-serialized state preserves war_exhaustion values 943ms
   ✓ real-save round-trip proof > serializeGameState output is deterministic on the same input 923ms
   ✓ save-load hash preservation > deserialize-then-reserialize preserves content hash 1640ms
 ✓ tests/emergent_brigade_formation.test.ts (20 tests) 10ms
 ✓ tests/ai_commander_prompt.test.ts (12 tests) 10ms
 ✓ tests/ui/codex_essay_localization.test.ts (9 tests) 88ms
 ✓ tests/triggered_op_temporal_contract.test.ts (5 tests) 4ms
 ✓ tests/performance_wall_clock_report.test.ts (3 tests) 33ms
 ✓ tests/alliance_mobilization.test.ts (13 tests) 10ms
 ✓ tests/contain_predicate_diagnostic.test.ts (13 tests) 9ms

 RUN  v2.1.9 F:/A-War-Without-Victory

 ❯ tests/fixtures/vitest_balanced/deliberate_failure.fixture.ts (1 test | 1 failed) 12ms
   × is an intentional child-process failure control 10ms
     → expected 'failure-control' to be 'unexpected-success' // Object.is equality

⎯⎯⎯⎯⎯⎯⎯ Failed Tests 1 ⎯⎯⎯⎯⎯⎯⎯

 FAIL  tests/fixtures/vitest_balanced/deliberate_failure.fixture.ts > is an intentional child-process failure control
AssertionError: expected 'failure-control' to be 'unexpected-success' // Object.is equality

Expected: "unexpected-success"
Received: "failure-control"

 ❯ tests/fixtures/vitest_balanced/deliberate_failure.fixture.ts:4:29
      2| 
      3| it('is an intentional child-process failure control', () => {
      4|   expect('failure-control').toBe('unexpected-success');
       |                             ^
      5| });
      6| 

⎯⎯⎯⎯⎯⎯⎯⎯⎯⎯⎯⎯⎯⎯⎯⎯⎯⎯⎯⎯⎯⎯⎯⎯[1/1]⎯

 Test Files  1 failed (1)
      Tests  1 failed (1)
   Start at  22:28:14
   Duration  472ms (transform 45ms, setup 20ms, collect 21ms, tests 12ms, environment 0ms, prepare 112ms)

 ✓ tests/run_vitest_balanced.test.ts (13 tests) 1799ms
   ✓ balanced Vitest execution plan > propagates a deliberately failing real Vitest child 1777ms
 ✓ tests/territorial_anomaly_sector_coverage_truth.test.ts (5 tests) 32ms
 ✓ tests/event_effects_nonfinite_guard.test.ts (10 tests) 11ms
 ✓ tests/ongoing_mobilization.test.ts (4 tests) 8ms
 ✓ tests/ui/chronicle_decision_ledger.test.ts (6 tests) 17ms
 ✓ tests/warroom_new_campaign_flow_truth.test.ts (9 tests) 14ms
 ✓ tests/early_war_displacement_hooks.test.ts (7 tests) 606ms
   ✓ war runTurn default path omits phase_i displacement hooks report 600ms
 ✓ tests/dev_ui_exports_deterministic.test.ts (5 tests) 6ms
 ✓ tests/tg_effective_personnel.test.ts (7 tests) 9ms
 ✓ tests/h_phase_intelligence_warfare.test.ts (3 tests) 11ms
 ✓ tests/formation_life_packet_inventory.test.ts (1 test) 7ms
 ✓ tests/cohesion_floor_vs_dissolution.test.ts (3 tests) 10ms
 ✓ tests/launch_operator_artifacts.test.ts (5 tests) 353ms
 ✓ tests/desktop_packaging_contract.test.ts (2 tests) 16ms
 ✓ tests/ui/verdict_scene.test.ts (3 tests) 6ms
 ✓ tests/strategic_dimensions.test.ts (19 tests) 12ms
 ✓ tests/ui/forced_op_receipts.test.ts (9 tests) 12ms
 ✓ tests/ui/map_context_lifecycle.test.ts (12 tests) 17ms
 ✓ tests/economy_production.test.ts (13 tests) 18ms
 ✓ tests/author_op_staging.test.ts (9 tests) 10ms
 ✓ tests/brigade_aor.test.ts (4 tests) 6ms
 ✓ tests/endgame_188w_diagnostics.test.ts (4 tests) 227ms
 ✓ tests/hrhb_patron_directive_scope.test.ts (13 tests) 8ms
 ✓ tests/op_halt_injection.test.ts (6 tests) 10ms
 ✓ tests/force_quality_checkpoint_windows_diagnostic.test.ts (1 test) 415ms
   ✓ force_quality_checkpoint_windows diagnostic > emits deterministic checkpoint and window metrics from run artifacts 413ms
 ✓ tests/sector_topology_solver.test.ts (3 tests) 3271ms
   ✓ solveCorpsFrontSectorsPure — equivalence against the imperative oracle > produces byte-identical sectors and an equivalent mutation journal against a real save 2416ms
   ✓ solveCorpsFrontSectorsPure — equivalence against the imperative oracle > never mutates its input — the same SectorTopologySolveInput solved twice yields identical output 852ms
 ✓ tests/desktop_calibration_compare.test.ts (9 tests) 36492ms
   ✓ desktop calibration comparison provenance > binds both branches to one current startup snapshot and labels player-choice divergence 2580ms
   ✓ desktop calibration comparison provenance > puts non-player factions in historical mode for a historical-default comparison 2606ms
   ✓ desktop calibration comparison provenance > distinguishes standing same-turn authorization from between-turn request approval 2514ms
   ✓ desktop calibration comparison provenance > emits byte-identical JSON for identical zero-turn inputs 5130ms
   ✓ desktop calibration comparison provenance > requires the Electron log and autosave inputs as a pair 1732ms
   ✓ desktop calibration comparison provenance > binds a validated Electron replay and attributes actions outside the controlled policy 10447ms
   ✓ desktop calibration comparison provenance > rejects faction provenance mismatches 2033ms
   ✓ desktop calibration comparison provenance > rejects turn provenance mismatches 2028ms
   ✓ desktop calibration comparison provenance > rejects scenario provenance mismatches 1974ms
 ✓ tests/must_hold_variable_multiplier.test.ts (22 tests) 11ms
 ✓ tests/officer_learning_rate_shape_c.test.ts (6 tests) 5ms
 ✓ tests/hvo_central_bosnia_sectors.test.ts (6 tests) 55ms
 ✓ tests/force_quality_trajectory_diagnostic.test.ts (5 tests) 9138ms
   ✓ force_quality_trajectory diagnostic > emits valid output schema with required fields 1850ms
   ✓ force_quality_trajectory diagnostic > is deterministic — two invocations produce byte-identical output 2280ms
   ✓ force_quality_trajectory diagnostic > is read-only — does not mutate the run directory 1574ms
   ✓ force_quality_trajectory diagnostic > emits officer_quality snapshots and rate-of-change shape 1151ms
   ✓ force_quality_trajectory diagnostic > officer_quality snapshots are deterministic across invocations 2281ms
 ✓ tests/combat_front_emergence.test.ts (12 tests) 10ms
 ✓ tests/ui_shell_frame_contract.test.ts (9 tests) 12ms
 ✓ tests/rs_104week_decision_cadence.test.ts (6 tests) 196ms
 ✓ tests/brigade_deploy_orders.test.ts (3 tests) 6ms
 ✓ tests/supply_bridge_finding_property.test.ts (2 tests) 204283ms
   ✓ Tarjan vs legacy parity — G1 property test (10k trials) > 10000 randomized BiH-shape trials: Tarjan bridge-set === legacy bridge-set 204085ms
 ✓ tests/browser_campaign_start_fallback.test.ts (4 tests) 269ms
 ✓ tests/officer_quality_no_calendar_railroad.test.ts (4 tests) 4ms
 ✓ tests/codex_ghost_entries_wave_3.test.ts (39 tests) 19ms
 ✓ tests/force_quality_trace_persistence.test.ts (3 tests) 8ms
 ✓ tests/co_replacement_staging.test.ts (12 tests) 9ms
 ✓ tests/op_directive_staging.test.ts (13 tests) 10ms
 ✓ tests/free_war_decision_mode.test.ts (8 tests) 8ms
 ✓ tests/operational_osid_universe_invariant.test.ts (8 tests) 72ms
 ✓ tests/war_stories.test.ts (16 tests) 8ms
 ✓ tests/ui/map_data_loader_cache.test.ts (5 tests) 28ms
 ✓ tests/combat_supply_pressure.test.ts (8 tests) 8ms
 ✓ tests/ui/presidential_decision_room_request_force.test.ts (5 tests) 26ms
 ✓ tests/ui/faction_report_mobile_subdivision.test.ts (7 tests) 56ms
 ✓ tests/desktop_pmtiles_protocol_route.test.ts (8 tests) 26ms
 ✓ tests/pressure_system.test.ts (12 tests) 13ms
 ✓ tests/faction_palette_canonical.test.ts (7 tests) 8ms
 ✓ tests/ui/sector_staged_order_map_feedback.test.ts (5 tests) 27ms
 ✓ tests/ui/dayton_institutional_dimensions.test.ts (9 tests) 10ms
 ✓ tests/integration_run_summary.test.ts (10 tests) 82042ms
 ✓ tests/codex_sensitive_history_source_notes.test.ts (5 tests) 3677ms
   ✓ every inventoried sensitive claim has an explicit status and owner 1305ms
   ✓ production choice classification has no direct refused acts and excludes lexical references 1207ms
   ✓ Neretva, Grabovica, and Uzdol anchors are source-owned September 1993 content 1130ms
 ✓ tests/historical_checkpoints_contract.test.ts (16 tests) 219ms
 ✓ tests/displacement_pipeline_state_schema.test.ts (8 tests) 25ms
 ✓ tests/ui_player_supply_visibility.test.ts (10 tests) 13ms
 ✓ tests/negotiation_capital.test.ts (9 tests) 11ms
 ✓ tests/divergence_events_wave_18.test.ts (6 tests) 40ms
 ✓ tests/consequence_identity_completion.test.ts (5 tests) 43ms
 ✓ tests/loaned_elite_rescue_reserve_cap.test.ts (6 tests) 11ms
 ✓ tests/drift_recall_precedence.test.ts (11 tests) 9ms
 ✓ tests/sim/autonomy/autonomy_phase_e_enrichment.test.ts (20 tests) 11ms
 ✓ tests/emergence_front_emergence.test.ts (6 tests) 1163ms
   ✓ runTurn includes front-emergence and runs exactly once per turn 611ms
   ✓ front_emergence_report: stable ordering and deterministic replay (same state + edges → same descriptor ids) 547ms
 ✓ tests/combat_exhaustion.test.ts (7 tests) 8ms
 ✓ tests/sector_territory_contiguity_repair.test.ts (7 tests) 8ms
 ✓ tests/ui/codex_a1c_response_morphing.test.ts (4 tests) 222ms
 ✓ tests/sector_build_derived_context.test.ts (4 tests) 11ms
 ✓ tests/tg_inv6_zombie_hold.test.ts (4 tests) 6ms
 ✓ tests/elite_loan_return_to_corps.test.ts (5 tests) 7ms
 ✓ tests/audio_ambient_generation.test.ts (8 tests) 97057ms
   ✓ deterministic ambient-bed generator > renders deterministic canonical PCM for ambient_archive and rejects digest drift 32990ms
   ✓ deterministic ambient-bed generator > renders deterministic canonical PCM for ambient_field and rejects digest drift 33806ms
   ✓ deterministic ambient-bed generator > renders deterministic canonical PCM for ambient_warroom and rejects digest drift 30237ms
 ✓ tests/desktop_start_campaign_authorization.test.ts (6 tests) 17766ms
   ✓ desktop startNewCampaign historical operation authorization > launches selected player-faction historical operations under standing authorization 478ms
   ✓ desktop startNewCampaign historical operation authorization > carries resolved historical operation receipts through an advance 4364ms
   ✓ desktop startNewCampaign historical operation authorization > launches an accepted selected player-faction historical operation on advance 3368ms
   ✓ desktop startNewCampaign historical operation authorization > gives accepted and preserved staged opening operations the same first-advance planning credit 6210ms
   ✓ desktop startNewCampaign historical operation authorization > assists only participants of accepted selected player-faction historical operations 3340ms
 ✓ tests/officer_config_consumers.test.ts (3 tests) 647ms
   ✓ officer_config consumers (issue #25 sub-task D) > every active officer_config field has at least one consumer in src/ 456ms
 ✓ tests/observer_flag_writer.test.ts (16 tests) 64ms
 ✓ tests/docs_desktop_v09_truth.test.ts (7 tests) 30ms
 ✓ tests/tg_determinism.test.ts (5 tests) 43ms
 ✓ tests/combat_state_schema.test.ts (7 tests) 27ms
 ✓ tests/distance_weighted_defense.test.ts (21 tests) 10ms
 ✓ tests/ui/author_op_eligibility.test.ts (17 tests) 17ms
 ✓ tests/presidential_cadence_provenance.test.ts (18 tests) 13ms
 ✓ tests/ui_decision_room_supply_visibility.test.ts (6 tests) 20ms
 ✓ tests/ui/render_proof_real_fixtures.test.ts (15 tests) 39ms
 ✓ tests/ui/event_decision_auto_launch_contract.test.ts (18 tests) 23ms
 ✓ tests/dayton_headless_close_out.test.ts (12 tests) 45ms
 ✓ tests/early_war_militia_emergence.test.ts (6 tests) 962ms
   ✓ RS declared increases militia growth; second runTurn shows higher RS strength in MUN with SDS 608ms
   ✓ war runTurn default path omits phase_i militia emergence report 347ms
 ✓ tests/war_weariness_chronicle.test.ts (15 tests) 16ms
 ✓ tests/front_assignment.test.ts (5 tests) 6ms
 ✓ tests/supply_bridge_finding_tarjan.test.ts (9 tests) 7ms
 ✓ tests/acceptance_constraints.test.ts (11 tests) 13ms
 ✓ tests/opportunity_campaign_proof_diagnostic.test.ts (2 tests) 223ms
 ✓ tests/displacement_pipeline_displacement_triggers.test.ts (6 tests) 7ms
 ✓ tests/late_state_rupture_proof.test.ts (8 tests) 8ms
 ✓ tests/playtest_telemetry.test.ts (5 tests) 21ms
 ✓ tests/rupture_consequences.test.ts (18 tests) 14ms
 ✓ tests/sim/events/two_level_surfacing.test.ts (4 tests) 11ms
[E5][INFO] Coerced 744 null start controllers (ethnic_1991 mode; defaults=744).
[E5] Political control initialized (ethnic_1991): 744 canonical graph nodes (SID-keyed), RBiH=744, RS=0, HRHB=0. Promoted to OSID when operational data present.
[E5][INFO] Coerced 744 null start controllers (ethnic_1991 mode; defaults=744).
[E5] Political control initialized (ethnic_1991): 744 canonical graph nodes (SID-keyed), RBiH=744, RS=0, HRHB=0. Promoted to OSID when operational data present.
[E5] Political control initialized (hybrid_1992, threshold=0.7): 744 canonical graph nodes (SID-keyed), RBiH=293, RS=290, HRHB=161. Promoted to OSID when operational data present.
[E5] Political control initialized (hybrid_1992, threshold=0.7): 744 canonical graph nodes (SID-keyed), RBiH=293, RS=290, HRHB=161. Promoted to OSID when operational data present.
 ✓ tests/init_control_mode_ethnic_hybrid.test.ts (3 tests) 190ms
 ✓ tests/op_directive_objection.test.ts (15 tests) 13ms
 ✓ tests/brigade_name_localization.test.ts (7 tests) 28ms
 ✓ tests/formations_deterministic.test.ts (3 tests) 29ms
 ✓ tests/refugee_flow_chronicle.test.ts (16 tests) 44ms
 ✓ tests/zero_combat_corps_cold_front.test.ts (2 tests) 6ms
 ✓ tests/triggered_operations_late_1995.test.ts (10 tests) 7ms
 ✓ tests/canon_officer_corps_refs.test.ts (6 tests) 12ms
 ✓ tests/graz_faction_block.test.ts (23 tests) 10ms
 ✓ tests/ci_workflow_test_paths_exist.test.ts (3 tests) 137ms
 ✓ tests/emergence_aor_instantiation.test.ts (11 tests) 7ms
 ✓ tests/ui/paramilitary_review_modal_i18n.test.ts (3 tests) 7ms
 ✓ tests/reconstitution_policy_review.test.ts (16 tests) 23ms
 ✓ tests/logistics_priority_wiring_red.test.ts (5 tests) 6ms
 ✓ tests/final_operation_truth_reconciliation.test.ts (4 tests) 7ms
 ✓ tests/political_dimensions_snapshot.test.ts (9 tests) 7ms
 ✓ tests/author_op_injection.test.ts (10 tests) 13ms
 ✓ tests/emergence_validation_suite.test.ts (10 tests) 1250ms
   ✓ Phase E validation: Phase D invariants still hold (exhaustion monotonic) 487ms
   ✓ Phase E validation: Phase E is deterministic across multiple turns 482ms
 ✓ tests/elite_loan_recall.test.ts (5 tests) 7ms
 ✓ tests/ui/v47_readability_remediation.test.ts (16 tests) 24ms
 ✓ tests/collapse_consumer_manifest.test.ts (8 tests) 47ms
 ✓ tests/scenario_control_change_attribution_contract.test.ts (1 test) 5458ms
   ✓ scenario control change attribution contract > emits control-change attribution and no longer writes control_events.jsonl 5457ms
 ✓ tests/final_sector_truth_reconciliation_cache.test.ts (8 tests) 73ms
 ✓ tests/brigade_history.test.ts (15 tests) 12ms
 ✓ tests/operation_delivery_audit_predicate_split.test.ts (5 tests | 4 skipped) 268ms
 ✓ tests/integration_event_system.test.ts (9 tests) 42ms
 ✓ tests/desktop_icon_contract.test.ts (5 tests) 158ms
 ✓ tests/srebrenica_diagnostic_v2.test.ts (4 tests) 3ms
 ✓ tests/presidential_command_convergence_diagnostic.test.ts (6 tests) 117ms
 ✓ tests/ui/objective_target_options.test.ts (6 tests) 11ms
 ✓ tests/bilateral_ceasefire_redeployment.test.ts (2 tests) 5ms
 ✓ tests/adapter_field_completeness.test.ts (18 tests | 2 skipped) 28ms
 ✓ tests/presidential_decision_room_counter_offer.test.ts (4 tests) 22ms
 ✓ tests/ui/formation_stranded_visibility.test.ts (7 tests) 6ms
 ✓ tests/operation_lifecycle_assertion.test.ts (4 tests) 6ms
 ✓ tests/operation_progress_replacement_truth.test.ts (1 test) 6ms
 ✓ tests/ui/filed_record_truth.test.ts (4 tests) 7ms
 ✓ tests/test_discovery_contract.test.ts (4 tests) 2160ms
   ✓ test discovery contracts > routes desktop contract guardrails through vitest instead of node:test 558ms
   ✓ test discovery contracts > splits vitest files into fast and scenario slices without overlap 585ms
   ✓ test discovery contracts > fully retires node:test residue from discovery 513ms
   ✓ test discovery contracts > ignores helper files under tests that are not test-entrypoints 503ms
 ✓ tests/commander/sector_reassignment_emit_truth.test.ts (2 tests) 8ms
 ✓ tests/ui/warroom_priority_docket.test.ts (5 tests) 29ms
 ✓ tests/phase_d_causality_runtime_integration.test.ts (6 tests) 207580ms
   ✓ Phase D + Phase B causality runtime integration (apr1992_52w) > E. causality log is byte-identical across two scenario runs (determinism invariant) 100852ms
 ✓ tests/sensitive_history_semantics.test.ts (295 tests) 87ms
 ✓ tests/desktop_replay_live_wire_smoke.test.ts (16 tests) 10ms
 ✓ tests/event_timeline_integrity.test.ts (23 tests) 40ms
 ✓ tests/stupcanica_w27_trigger_fix.test.ts (7 tests) 23ms
 ✓ tests/sector_counter_attack.test.ts (27 tests) 19ms
 ✓ tests/desktop_officer_decision_history.test.ts (5 tests) 21ms
 ✓ tests/brigade_stacking_sector_truth.test.ts (6 tests) 133ms
 ✓ tests/emergence_pipeline_integration.test.ts (5 tests) 1569ms
   ✓ Pipeline: current emergence steps run in the canonical order 526ms
   ✓ Pipeline: Phase E derivation is deterministic (same state + edges -> same reports) 483ms
 ✓ tests/codex_essays_wave_4.test.ts (76 tests) 44ms
 ✓ tests/balkan_battlegrounds_knowledge_base_artifact_ownership.test.ts (1 test) 81ms
 ✓ tests/officer_experience.test.ts (22 tests) 12ms
 ✓ tests/presidential_cadence_report.test.ts (12 tests) 15ms
 ✓ tests/sensitive_history_canon_gate_audit_strict_gate.test.ts (3 tests) 854ms
   ✓ sensitive_history_canon_gate_audit — strict CI gate > the actual --strict --violations-only CLI exits zero when only INFO remains 733ms
 ✓ tests/commander/empty_sector_relief_reassignments.test.ts (4 tests) 7ms
 ✓ tests/ui/officer_dossier.test.ts (11 tests) 70ms
 ✓ tests/victory_and_pyrrhic_contract.test.ts (20 tests) 12ms
 ✓ tests/ui_map_order_actions.test.ts (3 tests) 16ms
 ✓ tests/sim/perf/heap_profile.test.ts (15 tests) 3097ms
   ✓ heap_profile — ON-path write behaviour (forceWriteForTest) > writes a snapshot file when turn matches schedule 796ms
   ✓ heap_profile — ON-path write behaviour (forceWriteForTest) > is idempotent per (turn, runId): second call is no-op 755ms
   ✓ heap_profile — ON-path write behaviour (forceWriteForTest) > different runIds produce different files even on the same turn 1535ms
 ✓ tests/brigade_posture.test.ts (35 tests) 16ms
 ✓ tests/release_research_exclusion.test.ts (1 test) 93ms
 ✓ tests/commander/primary_sector_operation_objectives.test.ts (2 tests) 11ms
 ✓ tests/tg_fidelity.test.ts (12 tests) 83ms
 ✓ tests/operational_group_convergence.test.ts (5 tests) 28ms
 ✓ tests/op_directive_injection.test.ts (11 tests) 15ms
 ✓ tests/war_timeline.test.ts (38 tests) 32ms
 ✓ tests/competence_valuations.test.ts (10 tests) 9ms
 ✓ tests/displacement_pipeline_validation.test.ts (4 tests) 1633ms
   ✓ Phase F: settlement and municipality displacement both move when triggered 533ms
   ✓ Phase F: deterministic re-run identical 535ms
 ✓ tests/rs_six_strategic_goals_foundational.test.ts (9 tests) 15ms
 ✓ tests/front_sector_player_visibility.test.ts (2 tests) 21ms
 ✓ tests/salient_withdrawal.test.ts (4 tests) 6ms
 ✓ tests/ui/map_overlay_timing_contract.test.ts (6 tests) 14ms
 ✓ tests/sector_offensive.test.ts (13 tests) 349ms
   ✓ retired operation halt state > loads an old save and advances identically when unknown retired keys are present 331ms
 ✓ tests/serialization_attribution_contract.test.ts (7 tests) 15ms
 ✓ tests/desktop_packaging_extraresources_filter.test.ts (8 tests) 9ms
 ✓ tests/rbih_t40_benchmark_reanchor.test.ts (4 tests) 5ms
 ✓ tests/consequence_effects.test.ts (15 tests) 16ms
 ✓ tests/ui_map_sector_frontline_fills.test.ts (4 tests) 7ms
 ✓ tests/sim/negotiation/compute_combat_effective.test.ts (14 tests) 9ms
 ✓ tests/ui/map_loading_state.test.ts (2 tests) 17ms
 ✓ tests/v093_a11y_lane_d_contrast_reduced_motion.test.ts (14 tests) 17ms
 ✓ tests/collapse_phase1_bfs_disabled_inert.test.ts (3 tests) 6ms
 ✓ tests/bot_corps_corridor.test.ts (1 test) 5ms
 ✓ tests/ui/directive_outcome_receipts.test.ts (5 tests) 7ms
 ✓ tests/fatigue_exhaustion_coupling.test.ts (2 tests) 3ms
 ✓ tests/save_migration_drift_artifact_ownership.test.ts (1 test) 6ms
 ✓ tests/ui/presidential_priority_contract.test.ts (9 tests) 51ms
 ✓ tests/local_front_density_modifier_precedence.test.ts (4 tests) 4ms
 ✓ tests/desktop_autonomy_boundary_truth.test.ts (12 tests) 16ms
 ✓ tests/front_geometry_analysis.test.ts (12 tests) 15ms
 ✓ tests/tg_telemetry.test.ts (4 tests) 12ms
 ✓ tests/reserve_request_identity_boundary.test.ts (1 test) 17ms
 ✓ tests/divergence_events_consequences.test.ts (7 tests) 39ms
 ✓ tests/ui/tactical_map_chunking_contract.test.ts (3 tests) 16ms
 ✓ tests/codex_bijeljina_event_wiring.test.ts (7 tests) 6ms
 ✓ tests/territorial_valuation.test.ts (9 tests) 10ms
 ✓ tests/dev_ui_phase16.test.ts (18 tests) 20ms
 ✓ tests/acceptance_brcko_completeness.test.ts (3 tests) 7ms
 ✓ tests/ui_opord_player_safe_labels.test.ts (7 tests) 19ms
 ✓ tests/phase_e_municipality_support.test.ts (2 tests) 5ms
 ✓ tests/ui/audio_bus.test.ts (6 tests) 11ms
 ✓ tests/test_runner_default_contract.test.ts (5 tests) 7ms
 ✓ tests/ui/inboxItems.notifications.test.ts (1 test) 8ms
 ✓ tests/real_save_sector_truth_contracts.test.ts (5 tests) 2766ms
   ✓ real save sector truth contracts > does not serialize rebuilt sectors above the hard sector edge cap 844ms
   ✓ real save sector truth contracts > serializes every sector as exactly one contiguous front line 377ms
   ✓ real save sector truth contracts > does not leave zero-owner sibling fragments with overlapping same-corps territory in the final save 357ms
   ✓ real save sector truth contracts > keeps each live front edge side owned by at most one sector per faction and corps after rebuild 616ms
   ✓ real save sector truth contracts > keeps every live war-edge side owned by a same-faction sector both in the save and after rebuild 571ms
 ✓ tests/proto_brigade_spawn.test.ts (12 tests) 12ms
 ✓ tests/anomaly_detector_sector_subtype.test.ts (6 tests) 146ms
 ✓ tests/presidential_initiatives.test.ts (11 tests) 652ms
   ✓ positive-hold Desk projection > keeps the real turn pipeline report and state free of zero-row registry output 635ms
 ✓ tests/ui/dilemma_spine.test.ts (13 tests) 9ms
 ✓ tests/fall_1995_multi_axis_and_cascade.test.ts (7 tests) 11ms
 ✓ tests/enclave_resilience_phase_c.test.ts (19 tests) 13ms
 ✓ tests/seam_b_isolation_guard.test.ts (9 tests) 10ms
 ✓ tests/recruitment_existing_formation_identity.test.ts (4 tests) 12ms
 ✓ tests/sim/autonomy/autonomy_phase_e_block.test.ts (14 tests) 11ms
 ✓ tests/elite_deploy_staging.test.ts (9 tests) 23ms
 ✓ tests/sector_power_threat_recompute.test.ts (4 tests) 76ms
 ✓ tests/event_phase_ef_foreclosure_causality.test.ts (4 tests) 179ms
 ✓ tests/condition_evaluator.test.ts (26 tests) 11ms
 ✓ tests/mobilization_combat_suppression.test.ts (12 tests) 8ms
 ✓ tests/audio_asset_provenance.test.ts (7 tests) 123ms
 ✓ tests/integration_scenario_roundtrip.test.ts (3 tests) 13045ms
   ✓ scenario round-trip > 4w scenario run produces final_save.json with expected properties 3932ms
   ✓ scenario round-trip > serialize -> deserialize round-trip preserves state identity 3151ms
   ✓ scenario round-trip > same scenario run twice yields identical final_save hash 5960ms
 ✓ tests/scenario_continue_from_save_equivalence.test.ts (3 tests) 72641ms
   ✓ scenario continue-from-save equivalence > matches uninterrupted 52-week final state when resuming from a canonical weekly save with seed split-proof-alpha 35676ms
   ✓ scenario continue-from-save equivalence > matches uninterrupted 52-week final state when resuming from a canonical weekly save with seed split-proof-bravo 32560ms
   ✓ scenario continue-from-save equivalence > rejects an explicit resume week that disagrees with the save turn 4404ms
 ✓ tests/oob_early_war_entry.test.ts (8 tests) 8ms
 ✓ tests/defensive_front_gap_count_cache.test.ts (1 test) 5ms
 ✓ tests/sector_false_owner_cleanup.test.ts (5 tests) 8ms
 ✓ tests/postmerge_ghost_sector_prune.test.ts (2 tests) 5ms
 ✓ tests/save_migration_round_trip_contract.test.ts (42 tests) 1182ms
   ✓ save migration round-trip fixture contract > round-trips absent and present TG exhaustion/AHQ recovery markers without a schema bump 497ms
 ✓ tests/supply_airdrop.test.ts (9 tests) 7ms
 ✓ tests/baseline_regression_collects_all_failures.test.ts (9 tests) 20ms
 ✓ tests/event_conditions.test.ts (16 tests) 20ms
 ✓ tests/tg_donation_readiness_fallback.test.ts (13 tests) 10ms
 ✓ tests/destroyed_brigade_tracking.test.ts (9 tests) 9ms
 ✓ tests/corps_dialogue.test.ts (25 tests) 11ms
 ✓ tests/ai_commander_validation.test.ts (15 tests) 14ms
 ✓ tests/teocak_enclave_singleton.test.ts (15 tests) 12ms
 ✓ tests/save_load_real_roundtrip_adapter.test.ts (5 tests) 4562ms
   ✓ adapter-after-deserialize contract > parseGameState produces consistent field counts on raw vs round-tripped state 1252ms
   ✓ adapter-after-deserialize contract > adapter formation IDs match between raw and round-tripped state 1094ms
   ✓ adapter-after-deserialize contract > formation field values spot-check: sample brigade and corps survive roundtrip identically 1135ms
   ✓ adapter-after-deserialize contract > corps command field values spot-check: sample corps stance and exhaustion survive roundtrip 1079ms
 ✓ tests/displacement_reporting_fix.test.ts (10 tests) 9ms
 ✓ tests/v091_endgame_milestone_closure.test.ts (5 tests) 26ms
 ✓ tests/cold_front_sector_suppression.test.ts (9 tests) 6ms
 ✓ tests/runtime_dependency_resolution.test.ts (12 tests) 1653ms
 ✓ tests/tg_casualty_distribution.test.ts (12 tests) 10ms
 ✓ tests/emergence_rear_zone.test.ts (10 tests) 7ms
 ✓ tests/ui/chronicle_endgame_mount.test.ts (6 tests) 24ms
 ✓ tests/early_war_pool_population.test.ts (6 tests) 24ms
 ✓ tests/game_state_field_classification.test.ts (4 tests) 57298ms
   ✓ GameState field classification diagnostic > emits every GameState and MilitaryState field with deterministic lifecycle evidence 7874ms
   ✓ GameState field classification diagnostic > does not infer persistence from optionality or misleading legacy prose 1092ms
   ✓ GameState field classification diagnostic > keeps the live GameState and MilitaryState inventory complete and repo-relative 48329ms
 ✓ tests/ui/distance_from_history.test.ts (8 tests) 6ms
 ✓ tests/co_replacement_injection.test.ts (5 tests) 8ms
 ✓ tests/consequence_event_11_weapons_embargo_partial_lift.test.ts (7 tests) 20ms
 ✓ tests/ui_map_officers_phase_e.test.ts (2 tests) 25ms
 ✓ tests/command_authority_political_income.test.ts (8 tests) 12ms
 ✓ tests/front_pressure_supply_modulation.test.ts (2 tests) 8ms
 ✓ tests/ui/endgame_live_store_proof.test.ts (9 tests) 738ms
   ✓ Zustand store — endgame state acceptance > accepts endgame LoadedGameState via setState 732ms
 ✓ tests/supply_reachability_cache.test.ts (5 tests) 9ms
 ✓ tests/scenario_preseeding.test.ts (24 tests) 23ms
 ✓ tests/ai_commander_parser.test.ts (15 tests) 11ms
 ✓ tests/sector_coverage_defense.test.ts (12 tests) 8ms
 ✓ tests/sector_front_territory_contract.test.ts (3 tests) 9ms
 ✓ tests/strict_null_inventory.test.ts (4 tests) 393ms
 ✓ tests/q3_event_1992_chronology.test.ts (7 tests) 21ms
 ✓ tests/aar_narrative.test.ts (28 tests) 11ms
 ✓ tests/formation_hq_relocation.test.ts (6 tests | 1 skipped) 6ms
 ✓ tests/early_war_state_schema.test.ts (8 tests) 27ms
 ✓ tests/h1_11_baseline_ops_sensitivity.test.ts (3 tests) 39699ms
   ✓ sensitivity harness: determinism (two runs yield byte-identical report) 20185ms
   ✓ sensitivity harness: monotonicity and intensity ordering (exhaustion and displacement non-decreasing with scalar) 14879ms
   ✓ sensitivity harness: safety (political control unchanged in run) 4634ms
 ✓ tests/peace_plans_war_ended_early_producer.test.ts (3 tests) 37ms
 ✓ tests/r7_sensitive_history_phase1_content.test.ts (7 tests) 13ms
 ✓ tests/ui_map_battle_casualty_truth.test.ts (8 tests) 12ms
 ✓ tests/localization_coverage.test.ts (3 tests) 2631ms
   ✓ localization coverage inventory > inventories every production English key and exposes the intentional fallback probe 2586ms
 ✓ tests/engine_health_gate.test.ts (5 tests) 1160ms
   ✓ engine health gate stranded-formation domain > engine-integrity-only keeps exactly five engine checks and labels calibration observations 541ms
 ✓ tests/ui_army_hq_war_summary_visibility.test.ts (8 tests) 8ms
 ✓ tests/ui/paramilitary_inbox_items.test.ts (5 tests) 60ms
 ✓ tests/operation_opportunity_launched_dossier.test.ts (14 tests) 12ms
 ✓ tests/ui/dayton_preview_ipc.test.ts (5 tests) 45ms
 ✓ tests/tutorial_onboarding_skeleton.test.ts (4 tests) 8ms
 ✓ tests/collapse_phase3d_severity_strain_only.test.ts (5 tests) 6ms
 ✓ tests/early_war_control_strain.test.ts (6 tests) 617ms
   ✓ war runTurn default path omits phase_i control strain report 610ms
 ✓ tests/jajce_cascade_morale_audit.test.ts (4 tests) 15ms
 ✓ tests/tg_recovery_suppression.test.ts (4 tests) 142ms
 ✓ tests/dayton_close_out_desktop_parity.test.ts (3 tests) 40ms
 ✓ tests/integration_save_load.test.ts (4 tests) 13ms
 ✓ tests/ui_map_operations_mode.test.ts (4 tests) 6ms
 ✓ tests/sim/events/event_presidential_acceptance.test.ts (7 tests) 726ms
 ✓ tests/sim/events/ea5_us_halts_comply_suppression.test.ts (7 tests) 11ms
 ✓ tests/patron_defiance_receipt.test.ts (7 tests) 12ms
 ✓ tests/sector_stances.test.ts (20 tests) 11ms
 ✓ tests/early_war_jna_transition.test.ts (7 tests) 613ms
   ✓ war runTurn reports the JNA transition lifecycle 606ms
 ✓ tests/save_migration.test.ts (9 tests) 11ms
 ✓ tests/divergence_events_wave_19_reader_annotations.test.ts (2 tests) 37ms
 ✓ tests/equipment_quality_modifier_substrate.test.ts (7 tests) 8ms
 ✓ tests/letter_home_i18n.test.ts (2 tests) 6ms
 ✓ tests/bilateral_formation_diversion.test.ts (3 tests) 7ms
 ✓ tests/ui/presidential_blockers.test.ts (8 tests) 42ms
 ✓ tests/playtest_evidence_packet.test.ts (3 tests) 9ms
 ✓ tests/enclave_sector_march.test.ts (5 tests) 8ms
 ✓ tests/control_flip_proposals.test.ts (3 tests) 5ms
 ✓ tests/militia_pools.test.ts (4 tests) 16ms
 ✓ tests/interior_movement_corps_boundary.test.ts (1 test) 4ms
 ✓ tests/decoration_system.test.ts (17 tests) 12ms
 ✓ tests/washington_joint_pressure.test.ts (3 tests) 6ms
 ✓ tests/collapse_phase4e_consumer.test.ts (8 tests) 6ms
 ✓ tests/desktop_packaging_targets.test.ts (4 tests) 255ms
 ✓ tests/organizational_penetration_seed_from_control.test.ts (3 tests) 6ms
 ✓ tests/state/player_faction_contract.test.ts (5 tests) 21ms
 ✓ tests/scenario_sister_parity.test.ts (5 tests) 9ms
 ✓ tests/oob_elite_commander_contract.test.ts (4 tests) 8ms
 ✓ tests/standing_og_doctrine_contract.test.ts (14 tests) 349ms
 ✓ tests/corps_front_sector_corps_ownership.test.ts (1 test) 55ms
warning: in the working copy of 'base.txt', LF will be replaced by CRLF the next time Git touches it
 ✓ tests/early_war_turn_structure.test.ts (5 tests) 1657ms
   ✓ war runTurn executes expected leading phases in order 614ms
   ✓ Peace phase runTurn leaves areasOfResponsibility empty (no AoRs in Peace phase) 357ms
   ✓ war runTurn default path does not include legacy phase-i subphases 344ms
   ✓ war runTurn with formation_spawn_directive remains stable 323ms
warning: in the working copy of 'base.txt', LF will be replaced by CRLF the next time Git touches it
warning: in the working copy of 'unique.txt', LF will be replaced by CRLF the next time Git touches it

1 branch(es) refused: run with --archive first.
warning: in the working copy of 'base.txt', LF will be replaced by CRLF the next time Git touches it
warning: in the working copy of 'base.txt', LF will be replaced by CRLF the next time Git touches it
warning: in the working copy of 'landed.txt', LF will be replaced by CRLF the next time Git touches it
 ✓ tests/end_state.test.ts (5 tests) 750ms
   ✓ end state > runs the normal turn pipeline when end_state is absent 730ms
 ✓ tests/enclave_operation_eligibility.test.ts (7 tests) 5ms
warning: in the working copy of 'base.txt', LF will be replaced by CRLF the next time Git touches it
warning: in the working copy of 'base.txt', LF will be replaced by CRLF the next time Git touches it
warning: in the working copy of 'precious.txt', LF will be replaced by CRLF the next time Git touches it
 ✓ tests/phase10_ops_fatigue_scenario.test.ts (1 test) 1350ms
   ✓ determinism: same fatigue scenario run twice produces identical scenario_summary.json 1349ms
warning: in the working copy of 'base.txt', LF will be replaced by CRLF the next time Git touches it
 ✓ tests/desktop_runtime_probe_cache_artifact.test.ts (6 tests) 8ms
 ✓ tests/cohesion_divisor_rescale.test.ts (4 tests) 6ms
 ✓ tests/branch_hygiene_safety.test.ts (5 tests) 7588ms
   ✓ branch hygiene never destroys unique work > refuses to prune a branch with unique commits and no archive tag 1959ms
   ✓ branch hygiene never destroys unique work > prunes a branch whose commits already landed in main 2141ms
   ✓ branch hygiene never destroys unique work > archives unique work, then prunes it, leaving the commits recoverable 2168ms
   ✓ branch hygiene never destroys unique work > never touches main or the checked-out branch 1318ms
 ✓ tests/onboarding_spotlight_targets.test.ts (3 tests) 583ms
   ✓ onboarding spotlight targets > has a rendered data-tutorial-step emitter for every non-null step target 578ms
 ✓ tests/ui/historical_operation_map_focus.test.ts (5 tests) 23ms
 ✓ tests/osid_damage_seed_builder.test.ts (2 tests) 126ms
 ✓ tests/map_derived_artifact_ownership.test.ts (1 test) 245ms
 ✓ tests/counter_offer_generator.test.ts (6 tests) 9ms
 ✓ tests/ui/toolbar_fit_contract.test.ts (8 tests) 9ms
 ✓ tests/operation_launch_feasibility_defender_aware.test.ts (2 tests) 11ms
 ✓ tests/ui/codex_response_atom.test.ts (7 tests) 38ms
 ✓ tests/displacement_routing.test.ts (23 tests) 10ms
 ✓ tests/baseline_ops_sensitivity_artifact_ownership.test.ts (1 test) 61ms
 ✓ tests/ui_i18n.test.ts (13 tests) 36ms
 ✓ tests/recruitment_test_matrix_artifact_ownership.test.ts (1 test) 9ms
 ✓ tests/coha_operation_pause.test.ts (3 tests) 10ms
 ✓ tests/scenario_guardrails.test.ts (4 tests) 4236ms
   ✓ scenario guardrails > omits the unused engine ceiling workaround from scenario override inventory 4228ms
 ✓ tests/ui_map_contested_bands.test.ts (4 tests) 9ms
 ✓ tests/ui/dayton_readouts.test.ts (13 tests) 8ms
 ✓ tests/displacement_pipeline_displacement_accumulation.test.ts (5 tests) 19ms
 ✓ tests/desktop_startup_snapshot_guardrails.test.ts (3 tests) 6939ms
   ✓ desktop sim build fails loudly when the baked startup snapshot is missing 3495ms
   ✓ desktop sim build fails loudly when the baked startup snapshot drifts 3440ms
 ✓ tests/oob_loader.test.ts (4 tests) 21ms
 ✓ tests/rear_pocket_abandonment.test.ts (5 tests) 9ms
 ✓ tests/combat_pipeline.test.ts (2 tests) 939ms
   ✓ runTurn combat pipeline order > includes paramilitary-advance after supply-resolution in war phase 562ms
   ✓ runTurn combat pipeline order > includes paramilitary-advance on the default war path 376ms
 ✓ tests/consolidation_scoring.test.ts (7 tests) 5ms
 ✓ tests/map_workspace_script_contract.test.ts (3 tests) 4ms
 ✓ tests/integration_pool_integrity.test.ts (4 tests) 84164ms
 ✓ tests/operational_settlement_geometry_integrity.test.ts (1 test) 135ms
 ✓ tests/serialize_gamestate_stability.test.ts (4 tests) 10ms
 ✓ tests/player_experience_gate_script.test.ts (4 tests) 7ms
 ✓ tests/emergence_pressure_gating.test.ts (2 tests) 579ms
   ✓ phase_ii runTurn includes phase-e-pressure-update and runs exactly once per turn 576ms
 ✓ tests/commander_override_reachability.test.ts (1 test) 5ms
 ✓ tests/ui/desktop_load_error_classification.test.ts (10 tests) 7ms
 ✓ tests/turn_pipeline_operational_graph_reuse.test.ts (3 tests) 7ms
 ✓ tests/ui/warroom_tactical_map_lifecycle.test.ts (5 tests) 6ms
 ✓ tests/wia_trickleback.test.ts (3 tests) 4ms
 ✓ tests/release_notes_generator.test.ts (4 tests) 575ms
   ✓ tools/release/generate_release_notes.cjs > T2: idempotent — two runs against the same range produce byte-identical output 364ms
 ✓ tests/cpu_profile_analysis.test.ts (2 tests) 7ms
 ✓ tests/formation_life_far_from_home_truth.test.ts (1 test) 6ms
 ✓ tests/officer_state_persistence.test.ts (3 tests) 675ms
 ✓ tests/ui_map_ethnic_truth.test.ts (5 tests) 7ms
 ✓ tests/orphan_operation_brigades.test.ts (3 tests) 24ms
 ✓ tests/post_turn_invariant_barrier.test.ts (4 tests) 1469ms
   ✓ post-turn invariant barrier > returns a discriminated structured failure instead of logging or throwing 520ms
   ✓ post-turn invariant barrier > keeps throwing behavior behind an explicit development-only API 326ms
   ✓ post-turn invariant barrier > does not publish displacement events before a failing post-turn barrier 337ms
 ✓ tests/formation_territory_assertion.test.ts (3 tests) 6ms
 ✓ tests/corps_front_sector_duplicate_edge_canonicalization.test.ts (1 test) 4ms
 ✓ tests/operation_tempo.test.ts (2 tests) 8ms
 ✓ tests/desktop_load_sector_ratings.test.ts (1 test) 626ms
   ✓ desktop loaded-save sector ratings > rehydrates authoritative ratings for the player-visible adapter without changing canonical state 625ms
 ✓ tests/bilateral_front_edges.test.ts (4 tests) 7ms
 ✓ tests/sim/autonomy/autonomy_state.test.ts (4 tests) 6ms
 ✓ tests/supply_gating.test.ts (5 tests) 4ms
 ✓ tests/telemetry_queue.test.ts (3 tests) 10ms
 ✓ tests/officer_mini_bio_schema.test.ts (2 tests) 14ms
 ✓ tests/replay_surface_truth.test.ts (4 tests) 20ms
 ✓ tests/engine_health_wave1_ops_truth.test.ts (1 test) 4ms
 ✓ tests/emergence_pressure_schema.test.ts (3 tests) 20ms
 ✓ tests/adjacency_map_cached.test.ts (6 tests) 9ms
 ✓ tests/map_scenario_queue_cursor.test.ts (6 tests) 9ms
 ✓ tests/recurrence.test.ts (7 tests) 5ms
 ✓ tests/ui_map_corps_selection_highlight.test.ts (3 tests) 19ms
 ✓ tests/baseline_regression_ci_guardrails.test.ts (4 tests) 8ms
 ✓ tests/ui/audio_manifest.test.ts (4 tests) 36ms
 ✓ tests/ui/bottom_status_strip_overflow.test.ts (4 tests) 7ms
 ✓ tests/supply_pressure_vs_condition_reconciliation.test.ts (2 tests) 6ms
 ✓ tests/diagnostics_output_artifact_ownership.test.ts (1 test) 86ms
 ✓ tests/integration_state_assertions.test.ts (6 tests) 84098ms
 ✓ tests/operational_contact_graph_shared_border_precision.test.ts (1 test) 4ms
 ✓ tests/serialize_gamestate_no_derived_fields.test.ts (7 tests) 16ms
 ✓ tests/v090_consequence_milestone_closure.test.ts (2 tests) 6ms
 ✓ tests/operation_prediction.test.ts (12 tests) 10ms
 ✓ tests/scenario_latest_run_final_save_artifact_ownership.test.ts (1 test) 5ms
 ✓ tests/sim/political/phase5c_holbrooke_events.test.ts (15 tests) 29ms
 ✓ tests/bot_three_sides_validation.test.ts (23 tests) 11ms
 ✓ tests/command_authority_economy.test.ts (11 tests) 13ms
 ✓ tests/scenario_turn_result_failure.test.ts (1 test) 1043ms
   ✓ scenario harness TurnResult handling > reports the first invariant failure and never persists its invalid next state 1042ms
 ✓ tests/phase5_check.test.ts (1 test) 2310ms
   ✓ phase5 sanity: region expansion, edge override, deterministic + no timestamps 2309ms
 ✓ tests/embargo_phase_resolution.test.ts (8 tests) 7ms
 ✓ tests/codex_source_quality.test.ts (2 tests) 13ms
 ✓ tests/rear_pocket_consolidation_alliance_gate.test.ts (2 tests) 6ms
 ✓ tests/enclave_personnel_cap.test.ts (8 tests) 6ms
 ✓ tests/front_edges_strict_order.test.ts (2 tests) 5ms
 ✓ tests/front_posture_regions_expand.test.ts (1 test) 4ms
 ✓ tests/ui/chronicle_wrapped_setup_provenance.test.ts (1 test) 8ms
 ✓ tests/ui/presidential_command_model_surface.test.ts (3 tests) 12ms
 ✓ tests/ui/peace_plan_dismissal_scope.test.ts (3 tests) 5ms
 ✓ tests/desktop_save_records.test.ts (2 tests) 19ms
 ✓ tests/apr1992_doboj_initial_control_truth.test.ts (2 tests) 8ms
 ✓ tests/scenario_init_control.test.ts (2 tests) 10543ms
   ✓ init_control apr1992 ethnic: zvornik has ethnic overrides (split), bijeljina majority is RS 5731ms
   ✓ init_control apr1995: municipal anchors match apr1995 source snapshot 4810ms
 ✓ tests/data_extract1990_h1_2_2.test.ts (1 test) 1900ms
   ✓ data:extract1990 produces valid mapping when Excel present 1899ms
 ✓ tests/bot_manager_a1.test.ts (4 tests) 9ms
 ✓ tests/paramilitary_severity_bands.test.ts (3 tests) 7ms
 ✓ tests/ui/command_surface_repurpose_panels.test.ts (7 tests) 28ms
 ✓ tests/phase_c_supply_agency.test.ts (4 tests) 10ms
 ✓ tests/generated_artifact_inventory.test.ts (4 tests) 1122ms
   ✓ generated artifact inventory diagnostic > keeps every live scenario, replay/run, baseline, diagnostic, and package family owned 1036ms
 ↓ tests/sector_front_role_truth_real_save.test.ts (2 tests | 2 skipped)
 ✓ tests/sector_front_glow_continuity_real_save.test.ts (1 test) 3331ms
   ✓ sector front glow continuity (real save) > renders each sector glow as one continuous chain per offset side 3329ms
 ✓ tests/build_historical_shadow.test.ts (6 tests) 42ms
 ✓ tests/negotiation_counter_offer_state.test.ts (1 test) 9ms
 ✓ tests/supply_reachability.test.ts (5 tests) 6ms
 ✓ tests/bot_supply_awareness_target_scoring.test.ts (2 tests) 4ms
 ✓ tests/home_distance.test.ts (14 tests) 13ms
 ✓ tests/ui/combat_effectiveness_sparse_data.test.ts (3 tests) 7ms
 ✓ tests/sensitive_history_player_choice_content.test.ts (2 tests) 28ms
 ✓ tests/game_state_shape.test.ts (3 tests) 8ms
 ✓ tests/patron_pressure.test.ts (1 test) 4ms
 ✓ tests/ui/error_copy_contract.test.ts (5 tests) 6ms
 ✓ tests/sim_formations_report.test.ts (1 test) 18ms
 ✓ tests/dynamic_interaction_layers.test.ts (3 tests) 5ms
 ✓ tests/turn_pipeline.test.ts (4 tests) 8125ms
   ✓ runTurn determinism > is deterministic for same state and seed 799ms
   ✓ runTurn determinism > does not let the narrated Dayton signing flag preempt the negotiation owner 309ms
   ✓ runTurn determinism > plays the narrated ceasefire chain before opening and resolving the horizon negotiation 4760ms
   ✓ runTurn determinism > preserves the horizon negotiation when the player rejects the narrated talks 2256ms
 ✓ tests/consequence_substrate_inventory_diagnostic.test.ts (4 tests) 280ms
 ✓ tests/desktop_ipc_mutation_policy.test.ts (5 tests) 7ms
 ✓ tests/op_halt_staging.test.ts (11 tests) 9ms
 ✓ tests/formations_validate.test.ts (2 tests) 4ms
 ✓ tests/ui_map_fog_and_operation_contracts.test.ts (4 tests) 40ms
 ✓ tests/patron_supply_defiance.test.ts (5 tests) 8ms
 ✓ tests/dayton_d2_entity_autonomy.test.ts (7 tests) 46ms
 ✓ tests/ai_commander_ipc.test.ts (16 tests) 10ms
 ✓ tests/bilateral_displacement_cascade.test.ts (2 tests) 8ms
 ✓ tests/sector_topology_trace.test.ts (1 test) 3748ms
   ✓ sector topology deterministic trace — end-to-end characterization against a real save > is behavior-neutral, populates an ordered trace, and does not leak across invocations 3747ms
 ✓ tests/jna_withdrawal_consequences.test.ts (4 tests) 27ms
[E5] Political control initialized (initial municipal substrate): 744 canonical graph nodes (SID-keyed), RBiH=350, RS=233, HRHB=161, null=0. Promoted to OSID when operational data present.
[E5] Political control initialized (initial municipal substrate): 744 canonical graph nodes (SID-keyed), RBiH=350, RS=233, HRHB=161, null=0. Promoted to OSID when operational data present.
[E5] Political control initialized (initial municipal substrate): 744 canonical graph nodes (SID-keyed), RBiH=350, RS=233, HRHB=161, null=0. Promoted to OSID when operational data present.
[E5] Political control initialized (initial municipal substrate): 744 canonical graph nodes (SID-keyed), RBiH=350, RS=233, HRHB=161, null=0. Promoted to OSID when operational data present.
 ✓ tests/current_version_factory_shape.test.ts (4 tests) 343ms
 ✓ tests/rear_sector_bucket_truth.test.ts (3 tests) 12ms
 ✓ tests/event_families.test.ts (18 tests) 7ms
 ✓ tests/ui/control_geojson_merged_children.test.ts (7 tests) 9ms
 ✓ tests/desktop_replay_live_accumulator.test.ts (8 tests) 8ms
 ✓ tests/persona_prompt_restructure.test.ts (7 tests) 8ms
 ✓ tests/scenario_sweep_artifact_ownership.test.ts (1 test) 29ms
 ✓ tests/sim_scenario.test.ts (1 test) 839ms
   ✓ sim:scenario emits deterministic per-turn summary (no apply) 838ms
 ✓ tests/corps_interior_movement_ownership.test.ts (1 test) 4ms
 ✓ tests/final_calibration_candidate_report.test.ts (8 tests) 9ms
 ✓ tests/data_prereq_check_h1_2.test.ts (5 tests) 118ms
 ✓ tests/late_sibling_front_fragment_merge.test.ts (1 test) 7ms
 ✓ tests/replay_artifact_ownership.test.ts (1 test) 100ms
 ✓ tests/codex_srebrenica_rupture_receipt.test.ts (8 tests) 12ms
 ✓ tests/strategic_posture_review_action.test.ts (5 tests) 11ms
 ✓ tests/morale_displacement_schema.test.ts (7 tests) 27ms
 ✓ tests/ui_front_edge_display_ownership_real_save.test.ts (3 tests) 696ms
   ✓ real-save front-edge display ownership > gives every visible hover edge a sector id in the live save 383ms
 ✓ tests/operational_data_osid.test.ts (12 tests) 39ms
 ✓ tests/sim/autonomy/autonomy_event_routing.test.ts (3 tests) 7ms
 ✓ tests/ui_map_panel_rail.test.ts (6 tests) 5ms
 ✓ tests/humanitarian_capital_attribution.test.ts (4 tests) 5ms
 ✓ tests/standing_og_defense.test.ts (1 test) 4ms
 ✓ tests/operation_name_collision.test.ts (3 tests) 5ms
 ✓ tests/early_war_entry_gating.test.ts (7 tests) 1980ms
   ✓ runTurn accepts war when referendum_held is false 623ms
   ✓ runTurn accepts war when war_start_turn is null 348ms
   ✓ runTurn accepts war when current_turn < war_start_turn 352ms
   ✓ runTurn accepts war phase and advances turn 324ms
   ✓ runTurn tolerates AoR entries on war path 328ms
 ✓ tests/desktop_non_field_command_lever_guard.test.ts (6 tests) 6ms
 ✓ tests/ui_map_sector_lookup.test.ts (5 tests) 7ms
 ✓ tests/desktop_command_strain_proof.test.ts (6 tests) 7ms
 ✓ tests/supply_panel_contract.test.ts (2 tests) 41ms
 ✓ tests/sarajevo_override_regression.test.ts (1 test) 38382ms
   ✓ Sarajevo override regression scenario > runs deterministically and exercises the defense-bonus override during the siege 38381ms
 ✓ tests/early_war_authority_degradation.test.ts (6 tests) 615ms
   ✓ war runTurn default path omits phase_i authority report 609ms
 ✓ tests/ipc_contract_shape.test.ts (3 tests) 6ms
 ✓ tests/force_quality_diagnostic_artifact_ownership.test.ts (1 test) 84ms
 ✓ tests/displacement_civilian_casualties_contract.test.ts (3 tests) 5ms
 ✓ tests/scenario_reporting_contracts.test.ts (2 tests) 6ms
 ✓ tests/sarajevo_real_save_contracts.test.ts (2 tests | 1 skipped) 357ms
   ✓ Sarajevo core fog visibility from real save > keeps Sarajevo Dio - Novi Grad Sarajevo visible for RS player view when it is a live frontline settlement 355ms
 ✓ tests/scenario_strict_ordering_contract.test.ts (1 test) 32ms
 ✓ tests/osid_adjacency_memoization.test.ts (6 tests) 7ms
 ✓ tests/desktop_strict_ordering_contract.test.ts (1 test) 21ms
 ✓ tests/ui/render_churn_guards.test.ts (7 tests) 6ms
 ✓ tests/ui/command_briefing_banner_contract.test.ts (5 tests) 8ms
 ✓ tests/ui_map_browser_safe_imports.test.ts (1 test) 203ms
 ✓ tests/endgame_save_load_round_trip.test.ts (4 tests) 34ms
 ✓ tests/ui/gui_audit_polish_cleanup.test.ts (4 tests) 6ms
 ✓ tests/ui/army_hq_role_clarity.test.ts (7 tests) 8ms
 ✓ tests/ui/warroom_launch_screen_contract.test.ts (1 test) 5ms
 ✓ tests/supply_cascade_deterministic_order.test.ts (1 test) 7ms
 ✓ tests/telemetry_redaction.test.ts (2 tests) 6ms
 ✓ tests/docs_truth_no_skip_guard.test.ts (2 tests) 7ms
 ✓ tests/ui/accessibility_reduced_motion.test.ts (2 tests) 5ms
 ✓ tests/ui_chronicle_review_tools.test.ts (5 tests) 13ms
 ✓ tests/ui/oob_corps_card_responsive.test.ts (2 tests) 6ms
 ✓ tests/displacement_pipeline_municipality_aggregation.test.ts (4 tests) 5ms
 ✓ tests/ui/decision_room_header_contrast.test.ts (2 tests) 5ms
 ✓ tests/stance_aware_density_gate.test.ts (6 tests) 5ms
 ✓ tests/ui/audio_preferences.test.ts (8 tests) 11ms
 ✓ tests/lifecycle_legacy_terms_gate.test.ts (2 tests) 4ms
 ✓ tests/formation_life_sector_front_inertness.test.ts (1 test) 6ms
 ✓ tests/state_clone.test.ts (2 tests) 8ms
 ↓ tests/sector_drina_frontline_integrity.test.ts (1 test | 1 skipped)
 ✓ tests/ozren_oob_home_osid.test.ts (1 test) 4ms
 ✓ tests/ui/modal_palette_unification.test.ts (2 tests) 5ms
 ✓ tests/historical_envelopes_citations.test.ts (2 tests) 5ms
 ✓ tests/ui/dev_host_consistency.test.ts (2 tests) 5ms
 ✓ tests/ui/autonomy_panel_route_retirement.test.ts (1 test) 6ms
 ✓ tests/player_safe_operation_force_balance.test.ts (1 test) 5ms
 ✓ tests/ui/retired_chrome_imports.test.ts (2 tests) 5ms
 ✓ tests/alliance_floor.test.ts (3 tests) 4ms
 ✓ tests/ui/war_planning_map_date_i18n.test.ts (2 tests) 5ms
 ✓ tests/corps_front_sectors_multi.test.ts (2 tests) 4ms
 ✓ tests/scenario_runner_report_truth.test.ts (1 test) 5ms
 ✓ tests/ui_map_no_corridor_heartbeat_default_overlay.test.ts (1 test) 5ms
 ✓ tests/paramilitary_fade_week.test.ts (1 test) 3ms
 ✓ tests/scenario_anchor_contract.test.ts (6 tests) 106286ms
 ✓ tests/combat_command_friction_effect.test.ts (4 tests) 7ms
 ✓ tests/serialize_gamestate_nonfinite_guard.test.ts (6 tests) 12ms
 ✓ tests/integration_formation_integrity.test.ts (3 tests) 83407ms
 ✓ tests/campaign_unlock.test.ts (9 tests) 55ms
 ✓ tests/commander/anti_paralysis_supply_gate.test.ts (3 tests) 6ms
 ✓ tests/supply_phase_e2_bombardment.test.ts (8 tests) 6ms
 ✓ tests/alliance_territorial_incidents.test.ts (5 tests) 7ms
 ✓ tests/startup_snapshot_artifact_ownership.test.ts (1 test) 6ms
 ✓ tests/painted_control_targets.test.ts (10 tests) 220ms
 ✓ tests/wall_clock_target_report.test.ts (2 tests) 6ms
 ✓ tests/war_weariness_descriptor.test.ts (6 tests) 7ms
 ✓ tests/desktop_campaign_replacement_metadata.test.ts (4 tests) 11ms
 ✓ tests/state/serialize.notifications.test.ts (2 tests) 19ms
 ✓ tests/logistics_priority_ipc_path.test.ts (2 tests) 6ms
 ✓ tests/generated_artifact_ownership_matrix_contract.test.ts (1 test) 3087ms
   ✓ generated artifact ownership matrix is a complete static contract 3086ms
 ✓ tests/ui/first_hour_fired_event_labels.test.ts (4 tests) 26ms
 ✓ tests/back_the_officer_human_only_determinism.test.ts (4 tests) 231ms
 ✓ tests/supply_comprehension_readmodel.test.ts (10 tests) 10ms
 ✓ tests/pressure_exposure_osid.test.ts (5 tests) 7ms
 ✓ tests/bot_brigade_context_counts.test.ts (2 tests) 5ms
 ✓ tests/ui/verdict_visibility.test.ts (22 tests) 9ms
 ✓ tests/scenario_loader_dayton_close_out.test.ts (6 tests) 20ms
 ✓ tests/ui/audio_event_adapter.test.ts (2 tests) 5ms
 ✓ tests/event_timing.test.ts (14 tests) 8ms
 ✓ tests/ui/ops_modal_auto_propose.test.ts (11 tests) 8ms
[E5] Political control initialized (initial municipal substrate): 1 canonical graph nodes (SID-keyed), RBiH=1, RS=0, HRHB=0, null=0. Promoted to OSID when operational data present.
[E5] Political control initialized (initial municipal substrate): 1 canonical graph nodes (SID-keyed), RBiH=1, RS=0, HRHB=0, null=0. Promoted to OSID when operational data present.
[E5] Political control initialized (ethnic_1991): 1 canonical graph nodes (SID-keyed), RBiH=1, RS=0, HRHB=0. Promoted to OSID when operational data present.
[E5] Political control initialized (ethnic_1991): 1 canonical graph nodes (SID-keyed), RBiH=1, RS=0, HRHB=0. Promoted to OSID when operational data present.
[E5] Political control initialized (hybrid_1992, threshold=0.7): 1 canonical graph nodes (SID-keyed), RBiH=1, RS=0, HRHB=0. Promoted to OSID when operational data present.
[E5] Political control initialized (hybrid_1992, threshold=0.7): 1 canonical graph nodes (SID-keyed), RBiH=1, RS=0, HRHB=0. Promoted to OSID when operational data present.
 ✓ tests/bc07_operational_initial_master_consumption.test.ts (3 tests) 32ms
 ✓ tests/ui/embedded_bridge_parent_source.test.ts (2 tests) 136ms
 ✓ tests/sector_rearrangement.test.ts (3 tests) 9ms
 ✓ tests/game_state_no_derived_fields.test.ts (7 tests) 10ms
 ✓ tests/front_segments_validate.test.ts (1 test) 4ms
 ✓ tests/ui_map_selection_store.test.ts (7 tests) 10ms
 ✓ tests/terrain_snapshot_artifact_ownership.test.ts (1 test) 82ms
 ✓ tests/exhaustion_gate_sector_offensive.test.ts (16 tests) 8ms
 ✓ tests/scenario_activity_truth.test.ts (4 tests) 6ms
 ✓ tests/sim/autonomy/autonomy_phase_b.test.ts (9 tests) 10ms
 ✓ tests/presidential_cadence_catalog_audit.test.ts (5 tests) 200ms
 ✓ tests/control_event_consistency.test.ts (9 tests) 7ms
 ✓ tests/determinism_static_scan_r1_5.test.ts (1 test) 286ms
 ✓ tests/ui/command_briefing_consolidation.test.ts (4 tests) 25ms
 ✓ tests/production_facilities_a3.test.ts (2 tests) 4ms
 ✓ tests/endgame_snapshot_freeze.test.ts (4 tests) 33ms
 ✓ tests/replay_payload_mode_contract.test.ts (1 test) 6977ms
   ✓ scenario replay payload mode contract > defaults to manifest-only replay output without changing final save bytes 6976ms
 ✓ tests/sector_brigade_status_assertion.test.ts (4 tests) 6ms
 ✓ tests/profile_hotspot_report.test.ts (2 tests) 6ms
 ✓ tests/sarajevo_siege_params_integration.test.ts (3 tests) 6ms
 ✓ tests/terrain_tiles_artifact_ownership.test.ts (1 test) 160ms
 ✓ tests/phase_d_validation.test.ts (5 tests) 7ms
 ✓ tests/routine_console_diagnostics.test.ts (4 tests) 8ms
 ✓ tests/supply_phase_e1.test.ts (7 tests) 6ms
 ✓ tests/save_migration_counter_offers.test.ts (2 tests) 17ms
 ✓ tests/fatigue_distribution_replay_fixture_artifact_ownership.test.ts (1 test) 83ms
 ✓ tests/displacement_pipeline_pipeline_integration.test.ts (2 tests | 1 skipped) 5ms
 ✓ tests/early_war_injected_graph_parity.test.ts (1 test) 992ms
   ✓ Peace phase: injected settlementGraph produces same nextState as loadSettlementGraph path 991ms
 ✓ tests/replay_frame_summary_schema_boundary.test.ts (7 tests) 8ms
 ✓ tests/v092_playtest_package_docs.test.ts (4 tests) 16ms
 ✓ tests/ui/ops_planning_target_discovery.test.ts (31 tests) 1387ms
   ✓ ops planning target discovery > localizes OpsMap compact legend chrome in BCS mode 461ms
 ✓ tests/organizational_penetration_formula.test.ts (4 tests) 4ms
 ✓ tests/replay_save_finalizer_artifact_ownership.test.ts (1 test) 95ms
 ✓ tests/state_supply_queue_cursor.test.ts (5 tests) 8ms
 ✓ tests/use_prediction_normalize.test.ts (4 tests) 6ms
 ✓ tests/sector_foca_kalinovik_front_ownership_real_save.test.ts (2 tests) 764ms
   ✓ Herzegovina Foca/Kalinovik front ownership from real save > keeps every live Herzegovina-rim war edge owned by a Herzegovina sector when rebuilt from the final state 578ms
 ✓ tests/ui/endgame_snapshot_verdict_fidelity.test.ts (13 tests) 130ms
 ✓ tests/to_terrain_combat.test.ts (5 tests) 7ms
 ✓ tests/player_journey_qa_gate_contract.test.ts (3 tests) 7ms
 ✓ tests/ui/turn_aftermath_modal_i18n.test.ts (13 tests) 475ms
 ✓ tests/turn_result_production_callers.test.ts (2 tests) 7995ms
   ✓ TurnResult production caller handling > desktop keeps the input save unchanged and returns a deterministic actionable invariant error 7624ms
   ✓ TurnResult production caller handling > deterministic scenario CLI stops on the first invariant failure without advancing its input 370ms
 ✓ tests/gorazde_enclave_contract.test.ts (7 tests) 8ms
 ✓ tests/front_regions.test.ts (1 test) 5ms
 ✓ tests/scenario_integrity_walk.test.ts (1 test) 13ms
 ✓ tests/supply_design_completion_diagnostic.test.ts (1 test) 232ms
 ↓ tests/supply_sensitive_history_smoke.test.ts (1 test | 1 skipped)
 ✓ tests/sarajevo_lifeline_save_migration.test.ts (3 tests) 23ms
 ✓ tests/victory_conditions_a2.test.ts (2 tests) 3852ms
   ✓ scenario runner writes victory section to run_summary when victory_conditions provided 3850ms
 ✓ tests/ui_map_front_stability.test.ts (4 tests) 5ms
 ✓ tests/fatigue_distribution_audit_diagnostic.test.ts (1 test) 7ms
 ✓ tests/ui/decision_consequence_records_panel.test.ts (9 tests) 414ms
 ✓ tests/desktop_ipc_mutex.test.ts (4 tests) 8ms
 ✓ tests/ui_map_supply_reach.test.ts (3 tests) 8ms
 ✓ tests/launch_artifact_ownership.test.ts (1 test) 84ms
 ✓ tests/ci_dependency_install_contract.test.ts (2 tests) 8ms
 ✓ tests/test_runner_contract.test.ts (3 tests) 7ms
 ✓ tests/ui/aar_tooltip_friction_labels.test.ts (12 tests) 279ms
 ✓ tests/v092_tutorial_lane_b_auto_dismiss.test.ts (6 tests) 10ms
 ✓ tests/ui/settlement_timeline_i18n.test.ts (14 tests) 143ms
 ✓ tests/scenario_timing_instrumentation.test.ts (1 test) 6911ms
   ✓ scenario timing instrumentation > emits opt-in timing JSON without changing deterministic run artifacts 6909ms
 ✓ tests/desktop_persisted_sector_continuity.test.ts (1 test) 5413ms
   ✓ desktop persisted sector continuity > loads the exact standing OG, assignments, command query, and player-visible projection without mutation 5412ms
 ✓ tests/intel_gated_operations.test.ts (12 tests) 8ms
 ✓ tests/scenario_registry.test.ts (9 tests) 9ms
 ✓ tests/emergence_pressure_diffusion_basic.test.ts (4 tests) 4ms
 ✓ tests/sarajevo_siege_params_resolution.test.ts (3 tests) 7ms
 ✓ tests/displacement_pipeline_capacity_hooks.test.ts (4 tests) 6ms
 ✓ tests/morale_change_theater_scope.test.ts (3 tests) 5ms
 ✓ tests/v093_a11y_lane_c_warroom_decision_room.test.ts (10 tests) 78ms
 ✓ tests/ui/map_critical_first_init.test.ts (3 tests) 7ms
 ✓ tests/sarajevo_lifeline_consolidation_set.test.ts (4 tests) 7ms
 ✓ tests/commander/reinforcement_signal_flow.test.ts (1 test) 4ms
 ✓ tests/knowledge_kb_index.test.ts (1 test) 20ms
 ✓ tests/ui/peace_war_transition.test.ts (6 tests) 7ms
 ✓ tests/srebrenica_rupture_trace_diagnostic.test.ts (3 tests) 3ms
 ✓ tests/scenario_transient_scratch_artifact_ownership.test.ts (1 test) 84ms
 ✓ tests/schema_validators.test.ts (6 tests) 8ms
 ✓ tests/save_migration_fixture_artifact_ownership.test.ts (1 test) 89ms
 ✓ tests/ui/inboxItems.faction_scope.test.ts (1 test) 8ms
 ✓ tests/scenario_sarajevo_overrides_schema.test.ts (3 tests) 6ms
 ✓ tests/front_posture_normalize.test.ts (1 test) 4ms
 ✓ tests/ui_map_political_metrics.test.ts (3 tests) 6ms
 ✓ tests/srebrenica_chain_detector.test.ts (5 tests) 7ms
 ✓ tests/operation_storm_theater_gate.test.ts (2 tests) 5ms
 ✓ tests/ui/jna_synthetic_command_presentation.test.ts (7 tests) 418ms
 ✓ tests/ui_chronicle_operation_aar_link.test.ts (7 tests) 401ms
 ✓ tests/scenario_no_initial_brigades.test.ts (1 test) 5564ms
   ✓ player_choice + no_initial_brigade_formations starts with corps only, then recruits brigades 5563ms
 ✓ tests/ui/event_decision_modal_decision_context.test.ts (7 tests) 154ms
 ✓ tests/desktop_game_over_advance_gate.test.ts (2 tests) 7ms
 ✓ tests/ui/field_operation_plan_r1_contract.test.ts (4 tests) 10ms
 ✓ tests/presidential_command_durable_consumers.test.ts (1 test) 35ms
 ✓ tests/ui/accessibility_form_labels.test.ts (1 test) 9ms
 ✓ tests/systems_2_3_4_7_9_10_acceptance_gates.test.ts (1 test) 6940ms
   ✓ systems 2/3/4/7/9/10 acceptance gates: phase_ii run populates required state 6939ms
 ✓ tests/desktop_ipc_mutation_wiring.test.ts (2 tests) 6ms
 ✓ tests/corps_subordinates_index.test.ts (2 tests) 5ms
 ✓ tests/d3_president_directive_bridge_metadata.test.ts (4 tests) 6ms
 ✓ tests/ui/presidential_toolbar_severity_pip.test.ts (6 tests) 5ms
 ✓ tests/combat_movement_queue_cursor.test.ts (3 tests) 7ms
 ✓ tests/ui/corps_detail_sector_truth.test.ts (7 tests) 311ms
 ✓ tests/ui_sector_glow_continuity.test.ts (2 tests) 8ms
 ✓ tests/ui/force_quality_overlay_coord_validity.test.ts (1 test) 7ms
 ✓ tests/ui/ops_planning_draft_guard.test.ts (3 tests) 5ms
 ✓ tests/ui/interactive_text_floor.test.ts (3 tests) 94ms
 ✓ tests/ui/command_briefing_priority_count.test.ts (3 tests) 5ms
 ✓ tests/ui/stack_expansion_overlay_viewport.test.ts (6 tests) 309ms
 ✓ tests/newspaper_modal_officer_boundary.test.ts (6 tests) 9ms
 ✓ tests/officer_bio_read_model.test.ts (3 tests) 676ms
 ✓ tests/ui/map_modes_no_duplicate_labels.test.ts (3 tests) 4ms
 ✓ tests/compile_turn_summary_washington_timing.test.ts (1 test) 6ms
 ✓ tests/modal_migration_2.test.ts (25 tests) 11ms
 ✓ tests/data_derived_debug_artifact_ownership.test.ts (1 test) 82ms
 ✓ tests/recruitment_context.test.ts (2 tests) 5ms
 ✓ tests/ui/recruitment_autonomy_routes.test.ts (4 tests) 7ms
 ✓ tests/ui/tactical_frame_trust.test.ts (3 tests) 4ms
 ✓ tests/serialize_gamestate_rejects_wrappers.test.ts (2 tests) 4ms
 ✓ tests/knowledge_kb_validate.test.ts (2 tests) 5ms
 ✓ tests/ui/panel_rail_exclusivity.test.ts (5 tests) 143ms
 ✓ tests/ui/tutorial_persistence.test.ts (3 tests) 25ms
 ✓ tests/ui/warroom_desktop_state_ownership.test.ts (4 tests) 5ms
 ✓ tests/ui/codex_panel_tier_graph.test.ts (5 tests) 128ms
 ✓ tests/presidential_cadence_cli_provenance.test.ts (1 test) 739ms
   ✓ presidential cadence CLI source-save provenance > rejects a turn-0 save advertised as end turn 1 without writing output 737ms
 ✓ tests/ui/army_hq_presidential_handoff.test.ts (2 tests) 20ms
 ✓ tests/ui_map_enclave_visibility.test.ts (1 test) 20ms
 ✓ tests/v08_to_v09_hardening_guardrails.test.ts (4 tests) 6ms
 ✓ tests/scenario_init_formations.test.ts (1 test) 10170ms
   ✓ init_formations: apr1992_4w has 3 formations and run is deterministic 10169ms
 ✓ tests/paramilitary_review_decision_manifest.test.ts (1 test) 6ms
 ✓ tests/desktop_convoy_decision_contract.test.ts (5 tests) 6ms
 ✓ tests/ui/dayton_institutional_dimensions_render.test.ts (5 tests) 298ms
 ✓ tests/defense_stacking_cap.test.ts (4 tests) 4ms
 ✓ tests/ui_map_desktop_bridge.test.ts (6 tests) 10ms
 ✓ tests/historical_early_takeover_timing.test.ts (2 tests) 5ms
 ✓ tests/map_interaction_hitbox_contract.test.ts (3 tests) 5ms
 ✓ tests/scenario_runner_final_seal_contract.test.ts (1 test) 5ms
 ↓ tests/scenario_golden_baselines_h2_3.test.ts (1 test | 1 skipped)
 ✓ tests/integration_anomaly.test.ts (4 tests) 82949ms
 ✓ tests/ui/packaged_font_network_contract.test.ts (7 tests) 9ms
 ✓ tests/deck_click_selection_priority.test.ts (7 tests) 9ms
 ✓ tests/patron_directives.test.ts (3 tests) 4ms
 ✓ tests/casualty_ledger_browser_runtime.test.ts (1 test) 7ms
 ✓ tests/front_pressure_accumulate.test.ts (1 test) 7ms
 ✓ tests/engine_invariant_no_timestamp_state.test.ts (1 test) 4ms
 ✓ tests/ui/panel_rail_ownership.test.ts (5 tests) 6ms
 ✓ tests/ai_play_decision_context_contract.test.ts (1 test) 6ms
 ✓ tests/ui/no_unicode_escapes_in_rendered_text.test.ts (1 test) 4ms
 ✓ tests/game_state_turn_week_invariant.test.ts (4 tests) 8ms
 ✓ tests/ui/army_hq_ultrawide_layout.test.ts (9 tests) 156ms
 ✓ tests/ui/accessibility_contrast_tokens.test.ts (2 tests) 5ms
 ✓ tests/ui_map_modes.test.ts (1 test) 4ms
 ✓ tests/combat_command_friction.test.ts (4 tests) 5ms
 ✓ tests/enclave_integrity.test.ts (1 test) 6ms
 ✓ tests/strict_null_inventory_efficiency.test.ts (1 test) 4ms
 ✓ tests/front_segments.test.ts (1 test) 6ms
 ✓ tests/deterministic_random.test.ts (1 test) 4ms
 ✓ tests/rear_only_sector_live_owner.test.ts (1 test) 6ms
 ✓ tests/formation_fatigue_frontline_assignment.test.ts (3 tests) 3ms
 ✓ tests/ui_map_front_lines_phase_a.test.ts (1 test) 7ms
 ✓ tests/operation_birth_anomaly_contract.test.ts (1 test) 28ms
 ✓ tests/ui/president_desk_decision_card_fallback.test.ts (3 tests) 69ms
 ✓ tests/brigade_location_control.test.ts (2 tests) 5ms
 ✓ tests/ui/workstream_d_surface_contract.test.ts (4 tests) 7ms
 ✓ tests/scenario_runner_artifact_repair.test.ts (1 test) 12ms
 ✓ tests/opportunity_health_diagnostic.test.ts (1 test) 121ms
 ✓ tests/turn_pipeline_determinism_smoke.test.ts (2 tests) 18ms
 ✓ tests/painted_compare_artifact_ownership.test.ts (1 test) 86ms
 ✓ tests/capture_provenance.test.ts (3 tests) 6ms
 ✓ tests/ui_map_camera_constraints.test.ts (4 tests) 7ms
 ✓ tests/ui/order_queue_player_copy.test.ts (2 tests) 156ms
 ✓ tests/anomaly_morale_collapse_truth.test.ts (2 tests) 6ms
 ✓ tests/tg_pre_planned_reservation.test.ts (4 tests) 5ms
 ✓ tests/operation_objective_hostility.test.ts (2 tests) 5ms
 ✓ tests/sector_stance_orders.test.ts (1 test) 5ms
 ✓ tests/ui_map_build_warning_contract.test.ts (3 tests) 6ms
 ✓ tests/ui_chronicle_turn_record_link.test.ts (2 tests) 5ms
 ✓ tests/ui/modal_stack_priority.test.ts (5 tests) 9ms
 ✓ tests/ui/command_card_strip_accessibility.test.ts (3 tests) 281ms
 ✓ tests/ui/warroom_date_i18n.test.ts (3 tests) 7ms
 ✓ tests/sim_strict_ordering_contract.test.ts (1 test) 76ms
 ✓ tests/ui/main_menu_responsive_layout.test.ts (3 tests) 4ms
 ✓ tests/engine_invariant_no_seeded_random.test.ts (24 tests) 15ms
 ✓ tests/map_validate_strict_ordering_contract.test.ts (1 test) 16ms
 ✓ tests/operation_commitment_audit.test.ts (2 tests) 6ms
 ✓ tests/front_edge_foca_shared_border_real_save.test.ts (1 test) 478ms
   ✓ Foca shared-border front edge on live save > emits every current Donje Zesce hostile shared-boundary edge when controllers differ 477ms
 ✓ tests/ui/war_summary_personnel_label.test.ts (3 tests) 158ms
 ✓ tests/adjacent_enemy_cache.test.ts (1 test) 4ms
 ✓ tests/data_strict_ordering_contract.test.ts (1 test) 7ms
 ✓ tests/paramilitary_named_units_catalog.test.ts (3 tests) 7ms
 ✓ tests/turn_pipeline_weekly_increment.test.ts (3 tests) 4ms
 ✓ tests/ui/personnel_text_readability.test.ts (2 tests) 4ms
 ✓ tests/ui/gui_audit_label_discipline.test.ts (41 tests) 995ms
 ✓ tests/sarajevo_constant_inventory.test.ts (1 test) 539ms
   ✓ Sarajevo constant inventory diagnostic > emits a deterministic inventory of Sarajevo-named numeric constants 537ms
 ✓ tests/ui_map_maplibre_dasharray_contract.test.ts (2 tests) 5ms
 ✓ tests/hrhb_1992_decision_cadence.test.ts (1 test) 5ms
 ✓ tests/sim/command/phase2_operation_interpretation.test.ts (2 tests) 8ms
 ✓ tests/ui/emergency_posture_confirm.test.ts (2 tests) 295ms
 ✓ tests/rs_t40_benchmark_reanchor.test.ts (2 tests) 4ms
 ✓ tests/assignable_front_segments.test.ts (1 test) 5ms
 ✓ tests/event_response_ownership_catalog.test.ts (1 test) 30ms
 ✓ tests/ui/presidential_desk_assets.test.ts (5 tests) 9ms
 ✓ tests/bot_strategy_adaptation_a1.test.ts (2 tests) 3ms
 ✓ tests/ui/ai_advisor_panel.test.ts (1 test) 12ms
 ✓ tests/ui/formation_counter_viewport_sync.test.ts (1 test) 5ms
 ✓ tests/ui/formation_detail_parity.test.ts (39 tests) 860ms
 ✓ tests/legitimacy_helpers.test.ts (1 test) 2ms
 ✓ tests/ui/opening_splash.test.ts (7 tests) 189ms
 ✓ tests/brigade_movement_order_helper.test.ts (1 test) 6ms
 ✓ tests/ui/no_crt_command_surfaces.test.ts (1 test) 4ms
 ✓ tests/formation_spawn_directive_narrowing.test.ts (1 test) 4ms
 ✓ tests/ui/presidential_toolbar_error_copy.test.ts (1 test) 4ms
 ✓ tests/ui/supply_legend_overlap_contract.test.ts (4 tests) 69ms
 ✓ tests/ui/directive_card_stop_op_action.test.ts (28 tests) 816ms
 ✓ tests/ui/event_modal_effect_filter.test.ts (2 tests) 204ms
 ✓ tests/ui/recruitment_modal_player_copy.test.ts (2 tests) 183ms
 ✓ tests/ui/codex_panel_dynamic_mount.test.ts (19 tests) 1233ms
 ✓ tests/ui/peace_war_transition_overlay.test.ts (3 tests) 141ms
 ✓ tests/ui/main_menu_language.test.ts (2 tests) 235ms
 ✓ tests/ui/army_hq_timing_copy.test.ts (18 tests) 487ms
 ✓ tests/ui/operation_aar_records_review.test.ts (30 tests) 1187ms
 ✓ tests/ui/app_global_shortcut_focus_contract.test.ts (2 tests) 21ms
 ✓ tests/ui/chief_of_staff_briefing_i18n.test.ts (11 tests) 62ms
 ✓ tests/ui/endgame_verdict_screen_mount.test.ts (52 tests) 202ms
 ✓ tests/ui/settings_audio_preferences.test.ts (2 tests) 213ms
 ✓ tests/ui/settlement_supply_status.test.ts (22 tests) 383ms
 ✓ tests/ui/warroom_settings_modal_i18n.test.ts (1 test) 74ms

 Test Files  332 passed | 1 skipped (333)
      Tests  3290 passed | 14 skipped (3304)
   Start at  22:12:31
   Duration  1423.02s (transform 23.40s, setup 885ms, collect 119.31s, tests 1139.96s, environment 44.74s, prepare 37.11s)

 ✓ tests/scenario_vrs_operation_proof.test.ts (1 test) 26509ms
   ✓ proof scenario: VRS operation produces combat, progress, and deterministic final state 26508ms
 ✓ tests/ui/decision_family_modals.test.ts (17 tests) 484ms
 ✓ tests/supply_reserves_embargo_cap.test.ts (2 tests) 6ms
 ✓ tests/ui/presidential_categories.test.ts (17 tests) 25ms
 ✓ tests/baseline_artifact_ownership.test.ts (1 test) 5ms
 ✓ tests/ui_presidential_toolbar_summary_click.test.ts (4 tests) 9ms
 ✓ tests/hv_phantom_line_system_parity.test.ts (3 tests) 6ms
 ✓ tests/ui/stale_state_resets.test.ts (5 tests) 9ms
 ✓ tests/ui/map_shell_persistence.test.ts (17 tests) 194ms
 ✓ tests/ui/accessibility_clickable_controls.test.ts (3 tests) 19ms
 ✓ tests/ui/decision_room_flat_contract.test.ts (11 tests) 467ms
 ✓ tests/bot_response.test.ts (10 tests) 7ms
 ✓ tests/alliance_phase0_handoff.test.ts (5 tests) 5ms
 ✓ tests/municipality_support_staging.test.ts (3 tests) 5ms
 ✓ tests/scenario_player_faction_contract.test.ts (4 tests) 8ms
 ✓ tests/gorazde_pocket_event_state_truth.test.ts (5 tests) 181ms
 ✓ tests/displacement_dest_osid_t2b.test.ts (4 tests) 4ms
 ✓ tests/ui/operation_lifecycle_projection.test.ts (10 tests) 231ms
 ✓ tests/ui/oob_operations_panel.test.ts (30 tests) 941ms
 ✓ tests/pipeline_skip_diagnostics.test.ts (2 tests) 1165ms
   ✓ phase pipeline skip diagnostics > records a missing prerequisite skip in the turn report 581ms
   ✓ phase pipeline skip diagnostics > keeps normal war-phase diagnostic output deterministic 582ms
 ✓ tests/ivp_breakdown.test.ts (5 tests) 7ms
 ✓ tests/sandbox_slice_determinism.test.ts (2 tests) 5ms
 ✓ tests/combat_graph_queue_cursor.test.ts (2 tests) 7ms
 ✓ tests/ui/chronicle_chapter_guardrails.test.ts (3 tests) 9ms
 ✓ tests/codex_safe_factual_corrections.test.ts (2 tests) 3ms
 ✓ tests/exhaustion_accumulate.test.ts (1 test) 4ms
 ✓ tests/ui/army_hq_sector_truth.test.ts (11 tests) 234ms
 ✓ tests/artifact_determinism.test.ts (1 test) 1026ms
   ✓ derived artifacts contain no timestamps 1025ms
 ✓ tests/ui/event_decision_modal_catalog.test.ts (1 test) 3493ms
   ✓ production modal-ready event catalog rendering > renders every accepted ready row as a complete player-facing decision modal 3491ms
 ✓ tests/resolve_counter_offers_phase.test.ts (2 tests) 5ms
 ✓ tests/hardcoded_rail_audit.test.ts (4 tests) 331ms
 ✓ tests/sim/events/dismiss_notifications.test.ts (2 tests) 5ms
 ✓ tests/ui/situation_briefing_progressive_disclosure.test.ts (9 tests) 107ms
 ✓ tests/ui/map_context_menu_i18n.test.ts (5 tests) 15ms
 ✓ tests/emergence_pressure_determinism.test.ts (1 test) 874ms
   ✓ same initial state + same edges yields identical serialized output after N turns 873ms
 ✓ tests/cost_ledger_war_crimes_findings.test.ts (1 test) 24ms
 ✓ tests/ui/onboarding_track_d_consolidation.test.ts (14 tests) 300ms
 ✓ tests/player_safe_operation_name.test.ts (7 tests) 11ms
 ✓ tests/ui/presidential_decision_room_panel_i18n.test.ts (16 tests) 1236ms
   ✓ PresidentialDecisionRoomPanel i18n > groups six opening operation authorizations into one packet with one historical authorization action 543ms
 ✓ tests/scenario_displacement_census_seeding.test.ts (1 test) 1457ms
   ✓ War phase scenario with census seeds displacement_state from 1991 population 1456ms
 ✓ tests/desktop_player_decision_gate_contract.test.ts (2 tests) 5ms
 ✓ tests/ui/officer_mini_bio.test.ts (8 tests) 304ms
 ✓ tests/scenario_run_output_artifact_ownership.test.ts (1 test) 81ms
 ✓ tests/ui/osid_damage_overlay_coord_validity.test.ts (1 test) 6ms
 ✓ tests/warroom_react_opening_lifecycle.test.ts (12 tests) 1778ms
   ✓ desktop React opening lifecycle > keeps recovery armed when transport loads without a committed React ready signal 977ms
 ✓ tests/ui/war_cost_summary.test.ts (15 tests) 74ms
 ✓ tests/tutorial_objectives.test.ts (7 tests) 6ms
 ✓ tests/front_breaches.test.ts (1 test) 4ms
 ✓ tests/operation_formation_resolver.test.ts (4 tests) 6ms
 ✓ tests/cli_harness_queue_cursor.test.ts (2 tests) 6ms
 ✓ tests/ui/lever_single_host_guard.test.ts (1 test) 145ms
 ✓ tests/ui/gui_polish_typography_floor.test.ts (2 tests) 10ms
 ✓ tests/ui/decision_room_stop_op_executing.test.ts (5 tests) 183ms
 ✓ tests/operational_settlements_geometry_validity.test.ts (2 tests) 142ms
 ✓ tests/control_change_attribution.test.ts (3 tests) 5ms
 ✓ tests/ui/surface_backdrop_readability.test.ts (3 tests) 8ms
 ✓ tests/embargo_profiles.test.ts (1 test) 3ms
 ✓ tests/capability_progression.test.ts (1 test) 3ms
 ✓ tests/ui/gui_audit_dead_controls.test.ts (10 tests) 423ms
 ✓ tests/ui/command_strain_i18n_boundary.test.ts (6 tests) 52ms
 ✓ tests/ui/event_decision_advisor_label.test.ts (5 tests) 5ms
 ✓ tests/paramilitary_name_pool_exclusion.test.ts (2 tests) 7ms
 ✓ tests/state_strict_ordering_contract.test.ts (1 test) 55ms
 ✓ tests/a5_army_co_pushback_ui.test.ts (11 tests) 99ms
 ✓ tests/combat_strict_ordering_contract.test.ts (1 test) 112ms
 ✓ tests/army_co_browser_boundary.test.ts (2 tests) 9ms
 ✓ tests/ui/paramilitary_review_modal.test.ts (4 tests) 329ms
 ✓ tests/game_state_adapter_estimated_civilian_risk.test.ts (2 tests) 20ms
 ✓ tests/ui/diplomacy_panel.test.ts (10 tests) 310ms
 ✓ tests/commander/zone_persistence_sanitize.test.ts (2 tests) 4ms
 ✓ tests/ui/supply_intelligence_mobilization.test.ts (8 tests) 39ms
 ✓ tests/ui/catalog_wireup_integration.test.ts (8 tests) 183ms
 ✓ tests/ui/bottom_status_strip_labels.test.ts (7 tests) 312ms
 ✓ tests/v093_a11y_lane_a_modal_stack.test.ts (8 tests) 86ms
 ✓ tests/ui/replay_scrubber_autoplay.test.ts (6 tests) 260ms
 ✓ tests/modal_wrapper.test.ts (10 tests) 91ms
 ✓ tests/ui/verdict_and_tutorial_art.test.ts (9 tests) 9ms
 ✓ tests/ui/event_modal_effect_labels.test.ts (2 tests) 5ms
 ✓ tests/autonomy_panel_player_faction_truth.test.ts (1 test) 4ms
 ✓ tests/modal_migration.test.ts (21 tests) 10ms
 ✓ tests/ui/decision_room_review_proposal.test.ts (10 tests) 253ms
 ✓ tests/workstream_d_map_inspection.test.ts (1 test) 8ms
 ✓ tests/ui/audio_ambient_floor.test.ts (5 tests) 38ms
 ✓ tests/ui/faction_branch_tags_badge.test.ts (7 tests) 161ms
[E5] Political control initialized (initial municipal substrate): 5822 canonical graph nodes (SID-keyed), RBiH=2739, RS=1964, HRHB=1119, null=0. Promoted to OSID when operational data present.
[E5] Political control initialized (initial municipal substrate): 5822 canonical graph nodes (SID-keyed), RBiH=2739, RS=1964, HRHB=1119, null=0. Promoted to OSID when operational data present.
 ✓ tests/scenario_sarajevo_overrides_save_migration.test.ts (2 tests) 869ms
   ✓ Sarajevo overrides save/load coordination > loads old scenarios without overrides and resolves code defaults 463ms
   ✓ Sarajevo overrides save/load coordination > preserves overrides through startup state serialization round-trip 405ms
 ✓ tests/turn_pipeline_order.test.ts (2 tests) 4ms
 ✓ tests/bot_benchmark_eval_a1.test.ts (1 test) 2ms
 ✓ tests/v093_a11y_lane_e_forms_live_regions.test.ts (12 tests) 65ms
 ✓ tests/ui/gamestore_field_inspection.test.ts (7 tests) 13ms
 ✓ tests/save_migration_drift_audit.test.ts (1 test) 211ms
 ✓ tests/ui/error_boundary_isolation.test.ts (4 tests) 146ms
 ✓ tests/ui/map_mode_shortcut_contract.test.ts (10 tests) 78ms
 ✓ tests/ui/order_interpretation_panel_i18n.test.ts (1 test) 54ms
 ✓ tests/desktop_sim_bundle_smoke.test.ts (1 test) 4425ms
   ✓ desktop sim bundle smoke > can be built and required in CommonJS mode 4423ms
 ✓ tests/ui/ops_view_right_panel_exclusivity.test.ts (3 tests) 4ms
 ✓ tests/ui/own_force_report_gap.test.ts (6 tests) 232ms
 ✓ tests/ui/aar_panel_drilldown_routing.test.ts (2 tests) 142ms
 ✓ tests/ui/commander_read_model_surfaces.test.ts (6 tests) 201ms
 ✓ tests/political_control_audit_cli.test.ts (2 tests) 3767ms
   ✓ political-control audit CLIs > reports Phase D0 validation failures without crashing on the derived index shape 2085ms
   ✓ political-control audit CLIs > runs the null-control diagnosis against the current derived index 1680ms
 ✓ tests/sim/events/event_notification_residuals_diagnostic.test.ts (1 test) 146ms
 ✓ tests/ui_settings_telemetry_controls.test.ts (3 tests) 375ms
 ✓ tests/corps_status_reason.test.ts (3 tests) 5ms
 ✓ tests/warroom_turn_preview_boundary.test.ts (8 tests) 11ms
 ✓ tests/scenario_latest_run_final_save_map_copy.test.ts (1 test) 12ms
 ✓ tests/ui/warroom_scene_continuity.test.ts (4 tests) 123ms
 ✓ tests/ui/directive_card_act_art.test.ts (12 tests) 15ms
 ✓ tests/ui/warroom_player_faction.test.ts (1 test) 4ms
 ✓ tests/ui/peace_plan_art.test.ts (8 tests) 6ms
 ✓ tests/modal_dismissible.test.ts (8 tests) 91ms
 ✓ tests/war_phase_paramilitary_canon_contract.test.ts (2 tests) 5ms
 ✓ tests/sarajevo_id_set_canon_annotation.test.ts (1 test) 4ms
 ✓ tests/ui/direct_brigade_move_affordance_retired.test.ts (1 test) 6ms
 ✓ tests/player_faction_shell_boundary_truth.test.ts (1 test) 3ms
 ✓ tests/ui/commander_selection_modal_copy.test.ts (1 test) 58ms
 ✓ tests/eol_policy.test.ts (1 test) 110ms
 ✓ tests/ui/retired_chrome_removed.test.ts (1 test) 5ms
 ✓ tests/ui/records_button_behavior.test.ts (5 tests) 217ms
 ✓ tests/srebrenica_linkup_event_state_truth.test.ts (1 test) 50ms
 ✓ tests/upper_drina_front_event_state_truth.test.ts (1 test) 52ms
 ✓ tests/ui/event_modal_dismissal.test.ts (4 tests) 216ms
 ✓ tests/ui_map_no_sector_demarcation_overlay.test.ts (1 test) 5ms
 ✓ tests/ui/app_primary_command_quick_select_cleanup.test.ts (1 test) 4ms
 ✓ tests/alliance_initial_value.test.ts (2 tests) 4ms
 ✓ tests/ui/desktop_campaign_replacement_ownership.test.ts (5 tests) 636ms
 ✓ tests/ui/main_menu_i18n.test.ts (4 tests) 349ms
 ✓ tests/ui/game_start_intro.test.ts (13 tests) 296ms
 ✓ tests/ui/audio_hook_points.test.ts (2 tests) 148ms
 ✓ tests/ui/command_relationship_campaign_drag_proof.test.ts (6 tests) 65ms
 ✓ tests/ui/war_summary_opsec_reconciliation.test.ts (2 tests) 81ms
 ✓ tests/ui/orbatpanel_drilldown_routing.test.ts (4 tests) 224ms
 ✓ tests/ui/diplomacy_player_truth.test.ts (1 test) 58ms
 ✓ tests/ui/corps_front_panel_routing.test.ts (43 tests) 1231ms
 ✓ tests/ui/turn_aftermath_records_panel_i18n.test.ts (4 tests) 166ms
 ✓ tests/warroom_player_visibility.test.ts (22 tests) 145ms
 ✓ tests/ui/chronicle_spine_scrubber.test.ts (4 tests) 111ms
 ✓ tests/ui/supply_fallbacks.test.ts (10 tests) 104ms
 ✓ tests/ui/convoy_decision_modal_i18n.test.ts (1 test) 153ms
 ✓ tests/ui/event_decision_modal_phase3.test.ts (17 tests) 453ms
 ✓ tests/ui/archive_spine_contract.test.ts (3 tests) 74ms
 ✓ tests/ui/autonomy_panel_levels.test.ts (1 test) 221ms

 Test Files  304 passed | 1 skipped (305)
      Tests  2820 passed | 7 skipped (2827)
   Start at  22:12:31
   Duration  1501.12s (transform 23.45s, setup 754ms, collect 129.25s, tests 1228.12s, environment 34.22s, prepare 33.94s)

 ✓ tests/ui/army_reserve_hook_order.test.ts (3 tests) 219ms
 ✓ tests/ui/advance_turn_button_gated_feedback.test.ts (19 tests) 549ms
 ✓ tests/ui/chronicle_focus_routing.test.ts (3 tests) 234ms
 ✓ tests/ui/oob_drilldown_routing.test.ts (16 tests) 658ms
 ✓ tests/ui/bottom_status_active_paths.test.ts (9 tests) 172ms
 ✓ tests/ui/personnel_player_safe_display.test.ts (16 tests) 419ms
 ✓ tests/ui/sarajevo_lifeline_panel.test.ts (6 tests) 74ms
 ✓ tests/ui/event_illustration_art.test.ts (5 tests) 158ms
 ✓ tests/ui/president_desk_shell.test.ts (21 tests) 498ms
 ✓ tests/ui/endgame_interaction_proof.test.ts (19 tests) 1081ms
 ✓ tests/player_start_surface_contracts.test.ts (3 tests) 1508ms
   ✓ player start surface contracts > queues only the selected faction foundational decision and resolves every response option 1321ms
 ✓ tests/loading_skeleton.test.ts (6 tests) 16ms
 ✓ tests/ui/codex_panel_unlock_state.test.ts (14 tests) 151ms
 ✓ tests/ivp_breakdown_modal_boundary.test.ts (4 tests) 8ms
 ✓ tests/ui/opening_transition.test.ts (25 tests) 172ms
 ✓ tests/ui/field_operation_plan_context_card.test.ts (3 tests) 144ms
 ✓ tests/diplomacy_panel_patron_relations.test.ts (4 tests) 15ms
 ✓ tests/ui/war_summary_campaign_cost_i18n.test.ts (10 tests) 493ms
 ✓ tests/ui/war_summary_empty_states.test.ts (8 tests) 211ms
 ✓ tests/ui/onboarding_persistence_replacement.test.ts (3 tests) 140ms
 ✓ tests/ui/command_drilldown_routing.test.ts (11 tests) 414ms
 ✓ tests/ui/convoy_decision_modal.test.ts (4 tests) 259ms
 ✓ tests/ui/warroom_shell_accessibility.test.ts (15 tests) 719ms
   ✓ WarroomShellLayer accessibility proof > exposes hotspots as keyboard-focusable buttons with stable labels 308ms
 ✓ tests/ui/chronicle_chapter_ui.test.ts (3 tests) 140ms
 ✓ tests/ui/side_picker_i18n.test.ts (3 tests) 271ms
 ✓ tests/ui/map_production_graphics_cleanup.test.ts (7 tests) 296ms
 ✓ tests/ui/army_reserve_elite_commander.test.ts (8 tests) 302ms
 ✓ tests/ui/settings_screen_shell_cleanup.test.ts (4 tests) 246ms
 ✓ tests/ui/officer_event_time_truth.test.ts (1 test) 125ms
 ✓ tests/ui/inbox_dedup.test.ts (11 tests) 284ms
 ✓ tests/ui/pause_menu_i18n.test.ts (3 tests) 174ms
 ✓ tests/v092_tutorial_lane_e_overlay_a11y.test.ts (7 tests) 147ms
 ✓ tests/ui/main_menu_field_records.test.ts (1 test) 222ms
 ✓ tests/ui/shell_navigation_ownership.test.ts (13 tests) 451ms
 ✓ tests/ui/peace_status_panel_copy.test.ts (1 test) 78ms
 ✓ tests/ui/main_menu_opening_flow.test.ts (11 tests) 792ms
 ✓ tests/ui/credits_screen_i18n.test.ts (2 tests) 152ms
 ✓ tests/ui/peace_plan_modal.test.ts (9 tests) 390ms
 ✓ tests/ui/tactical_card_sparse_truth.test.ts (1 test) 62ms
 ✓ tests/ui/coachmark_layer.test.ts (1 test) 127ms

 Test Files  336 passed | 1 skipped (337)
      Tests  3426 passed | 6 skipped (3432)
   Start at  22:12:31
   Duration  1550.46s (transform 27.16s, setup 830ms, collect 146.55s, tests 1238.13s, environment 45.33s, prepare 37.35s)

 ✓ tests/ui/ui_copy_raw_id_fallbacks.test.ts (6 tests) 391ms
 ✓ tests/ui/endgame_verdict_replay_tab_live.test.ts (5 tests) 62ms
 ✓ tests/ui/turn_aftermath_quiet_digest.test.ts (11 tests) 167ms
 ✓ tests/ui/qualitative_effectiveness_display.test.ts (4 tests) 247ms
 ✓ tests/modal_migration_3.test.ts (29 tests) 11ms
 ✓ tests/ui/formation_counter_dom_overlay.test.ts (5 tests) 103ms
 ✓ tests/load_error_toast.test.ts (10 tests) 64ms
 ✓ tests/ui/desk_authority_header.test.ts (10 tests) 183ms
 ✓ tests/ui/verdict_share_summary.test.ts (3 tests) 8ms
 ✓ tests/ui/dayton_negotiation_modal.test.ts (5 tests) 491ms
 ✓ tests/ui/field_operation_focus_viewport.test.ts (2 tests) 70ms
 ✓ tests/empty_state.test.ts (9 tests) 14ms
 ✓ tests/ui/pause_escape_shortcuts.test.ts (6 tests) 97ms
 ✓ tests/ui/ops_brigade_card_i18n.test.ts (3 tests) 267ms
 ✓ tests/ui/brigade_row_supply_labels.test.ts (6 tests) 163ms
 ✓ tests/ui/cinematic_verdict.test.ts (2 tests) 16ms
 ✓ tests/ui/onboarding_automount_edge_cases.test.ts (5 tests) 136ms
 ✓ tests/ui/warroom_activity_art.test.ts (7 tests) 7ms
 ✓ tests/ui/game_over_i18n.test.ts (2 tests) 165ms
 ✓ tests/warroom_smoke.test.ts (2 tests) 16ms
 ✓ tests/ui/directive_rejection_inbox.test.ts (3 tests) 61ms
 ✓ tests/diplomacy_modal_boundary.test.ts (3 tests) 91ms
 ✓ tests/ui/territory_over_time_chart_timing.test.ts (3 tests) 63ms
 ✓ tests/ui/audio_cue_observer.test.ts (1 test) 25ms
 ✓ tests/ui/ghost_entry_prose.test.ts (5 tests) 6ms
 ✓ tests/ui/settings_screen_i18n.test.ts (3 tests) 233ms
 ✓ tests/ui/map_mode_counter_legend.test.ts (2 tests) 71ms
 ✓ tests/magazine_modal_boundary.test.ts (1 test) 32ms
 ✓ tests/ui/decision_room_navigation_owner.test.ts (1 test) 5ms

 Test Files  327 passed | 1 skipped (328)
      Tests  3178 passed | 4 skipped (3182)
   Start at  22:12:31
   Duration  1609.82s (transform 29.04s, setup 794ms, collect 143.26s, tests 1310.23s, environment 39.92s, prepare 36.14s)


 RUN  v2.1.9 F:/A-War-Without-Victory

 ✓ tests/operation_opportunities_substrate.test.ts (49 tests) 34ms
 ✓ tests/sector_partition_instrumentation.test.ts (36 tests) 207ms
 ✓ tests/sector_offensive_in_transit_predictor.test.ts (29 tests) 30ms
 ✓ tests/attack_post_battle_effects.test.ts (70 tests) 32ms
 ✓ tests/commander/briefing_campaign_intent.test.ts (16 tests) 22ms
 ✓ tests/collapse_s6_criteria_4_7_enclave_outcome.test.ts (17 tests) 23ms
 ✓ tests/collapse_phase1_g2_section6_invariant.test.ts (7 tests) 10ms
 ✓ tests/peace_plans.test.ts (35 tests) 57ms
 ✓ tests/run_provenance_stamp.test.ts (26 tests) 7049ms
   ✓ the consumed set is the set a headless run actually reads > ★ the 188w stamp is exactly 31 named rows, derived not remembered 4574ms
   ✓ ★ CONTENT bytes are hashed, never stat metadata > a one-byte content change moves the row AND the digest 309ms
 ✓ tests/c2_corps_directive_telemetry.test.ts (17 tests) 78ms
 ✓ tests/mainstaff_op_availability.test.ts (21 tests) 22ms
[E5] Political control initialized (hybrid_1992, threshold=0.7): 5822 canonical graph nodes (SID-keyed), RBiH=2297, RS=2507, HRHB=1018. Promoted to OSID when operational data present.
[E5] Political control initialized (hybrid_1992, threshold=0.7): 5822 canonical graph nodes (SID-keyed), RBiH=2297, RS=2507, HRHB=1018. Promoted to OSID when operational data present.
 ✓ tests/startup_snapshot_contract.test.ts (19 tests) 5223ms
   ✓ baked April 1992 startup artifact matches canonical builder truth after checkout normalization 1454ms
   ✓ desktop new campaign overlays remain canonical after loading the baked artifact 601ms
   ✓ baked April 1992 startup sector truth audits clean without rebuilt-state mutation 617ms
   ✓ rebuilt April 1992 Bosanska Krupa frontage belongs to 2nd Krajina Corps 531ms
   ✓ desktop new campaign preserves default-on SRK strangle containment at birth 327ms
   ✓ startup snapshot validator reports the committed artifact as current 1020ms
 ✓ tests/bot_orders_perf_profile.test.ts (5 tests) 26ms
 ✓ tests/a4_army_co_roster_personalities.test.ts (16 tests) 22ms
 ✓ tests/c1_corps_directive_consumer.test.ts (17 tests) 55ms
 ✓ tests/phase_e3_combined_activation.test.ts (18 tests) 13ms
 ✓ tests/b1_political_directive_producer.test.ts (22 tests) 19ms
 ✓ tests/srk_strangle_posture.test.ts (20 tests) 8ms
 ✓ tests/b2_political_leader_data.test.ts (20 tests) 20ms
 ✓ tests/osid_column_movement.test.ts (20 tests) 16ms
 ✓ tests/q2_deviation_reason.test.ts (9 tests) 28ms
 ✓ tests/operation_execution_staging_truth.test.ts (4 tests) 17ms
 ✓ tests/analyze_faction_graph_dedupe.test.ts (8 tests) 4787ms
   ✓ analyzeFactionGraphCached — G1 property test > cached === legacy structurally over 10,000 random trials (deterministic LCG) 2430ms
   ✓ analyzeFactionGraphOptimized — Tier 2 G1 property test (direct optimized vs legacy) > optimized === legacy structurally over 10,000 random trials (deterministic LCG) 2322ms
 ✓ tests/intel_ambush_depth.test.ts (18 tests) 27ms
 ✓ tests/phase_e_military_credibility_caution_bias.test.ts (15 tests) 12ms
 ✓ tests/d1_persona_infrastructure.test.ts (14 tests) 53ms
 ✓ tests/brigade_temporal_emit.test.ts (11 tests) 11ms
 ✓ tests/d2_persona_telemetry_wire.test.ts (6 tests) 59ms
 ✓ tests/contain_posture_release_laneA.test.ts (15 tests) 8ms
 ✓ tests/phase_e2_cohesion_caution_bias.test.ts (13 tests) 11ms
 ✓ tests/collapse_flag_lifecycle.test.ts (14 tests) 21ms
 ✓ tests/phase_e_patron_confidence_ops_hesitation.test.ts (13 tests) 11ms
 ✓ tests/political_dimension_propagation_gate.test.ts (15 tests) 11ms
 ✓ tests/api_commander_directive_context.test.ts (7 tests) 7ms
 ✓ tests/brigade_dissolution_paths.test.ts (8 tests) 9ms
 ✓ tests/siege_morale_drain.test.ts (18 tests) 11ms
 ✓ tests/sarajevo_siege_legibility.test.ts (19 tests) 18ms
 ✓ tests/d2_run_orchestration.test.ts (9 tests) 21ms
 ✓ tests/reason_code_debug.test.ts (22 tests) 13ms
 ✓ tests/contain_posture_release_laneV.test.ts (12 tests) 7ms
 ✓ tests/casualty_realism_v2_gate.test.ts (13 tests) 10ms
 ✓ tests/enclave_displacement_default_on.test.ts (5 tests) 8ms
 ✓ tests/morale_collapse_override.test.ts (10 tests) 9ms
 ✓ tests/sarajevo_lifeline_derivation.test.ts (11 tests) 9ms
 ✓ tests/enclave_formation_displacement.test.ts (8 tests) 7ms
 ✓ tests/sarajevo_lifeline_consumers.test.ts (3 tests) 7ms
 ✓ tests/sarajevo_lifeline_stale_cache.test.ts (3 tests) 6ms
 ✓ tests/test_suite_inventory.test.ts (9 tests) 1984ms
   ✓ test-suite hazard inventory > discovers every Vitest file exactly once in strict path order 1257ms
   ✓ test-suite hazard inventory > gives unprofiled files a realistic deterministic weight 718ms
 ✓ tests/intel_ambush_depth_gate.test.ts (6 tests) 6ms
 ✓ tests/collapse_run_marker_hygiene.test.ts (4 tests) 15ms
 ✓ tests/playtest_telemetry_flag.test.ts (4 tests) 5ms

 Test Files  51 passed (51)
      Tests  806 passed (806)
   Start at  22:39:22
   Duration  53.59s (transform 8.24s, setup 121ms, collect 16.61s, tests 20.17s, environment 14ms, prepare 5.28s)

EXIT_CODE=0
